-- PostgreSQL supply chain data
INSERT INTO Location (LocationID, CountryName, ContinentName, City) VALUES (1, 'Peru', 'South America', 'Cusco');
INSERT INTO Location (LocationID, CountryName, ContinentName, City) VALUES (2, 'Japan', 'Asia', 'Tokyo');
INSERT INTO Location (LocationID, CountryName, ContinentName, City) VALUES (3, 'Egypt', 'Africa', 'Sharm El Sheikh');
INSERT INTO Location (LocationID, CountryName, ContinentName, City) VALUES (4, 'China', 'Asia', 'Hangzhou');
INSERT INTO Location (LocationID, CountryName, ContinentName, City) VALUES (5, 'Egypt', 'Africa', 'Giza');
INSERT INTO Location (LocationID, CountryName, ContinentName, City) VALUES (6, 'South Korea', 'Asia', 'Seoul');
INSERT INTO Location (LocationID, CountryName, ContinentName, City) VALUES (7, 'Mexico', 'North America', 'Tijuana');
INSERT INTO Location (LocationID, CountryName, ContinentName, City) VALUES (8, 'Nigeria', 'Africa', 'Kano');
INSERT INTO Location (LocationID, CountryName, ContinentName, City) VALUES (9, 'Canada', 'North America', 'Montreal');
INSERT INTO Location (LocationID, CountryName, ContinentName, City) VALUES (10, 'Japan', 'Asia', 'Sapporo');
INSERT INTO Location (LocationID, CountryName, ContinentName, City) VALUES (11, 'New Zealand', 'Oceania', 'Christchurch');
INSERT INTO Location (LocationID, CountryName, ContinentName, City) VALUES (12, 'Australia', 'Oceania', 'Sydney');
INSERT INTO Location (LocationID, CountryName, ContinentName, City) VALUES (13, 'South Korea', 'Asia', 'Daegu');
INSERT INTO Location (LocationID, CountryName, ContinentName, City) VALUES (14, 'Mexico', 'North America', 'Puebla');
INSERT INTO Location (LocationID, CountryName, ContinentName, City) VALUES (15, 'Italy', 'Europe', 'Venice');
INSERT INTO Location (LocationID, CountryName, ContinentName, City) VALUES (16, 'South Africa', 'Africa', 'Durban');
INSERT INTO Location (LocationID, CountryName, ContinentName, City) VALUES (17, 'Brazil', 'South America', 'São Paulo');
INSERT INTO Location (LocationID, CountryName, ContinentName, City) VALUES (18, 'United States', 'North America', 'Houston');
INSERT INTO Location (LocationID, CountryName, ContinentName, City) VALUES (19, 'Australia', 'Oceania', 'Brisbane');
INSERT INTO Location (LocationID, CountryName, ContinentName, City) VALUES (20, 'South Korea', 'Asia', 'Daejeon');
INSERT INTO Location (LocationID, CountryName, ContinentName, City) VALUES (21, 'Germany', 'Europe', 'Hamburg');
INSERT INTO Location (LocationID, CountryName, ContinentName, City) VALUES (22, 'France', 'Europe', 'Nice');
INSERT INTO Location (LocationID, CountryName, ContinentName, City) VALUES (23, 'Nigeria', 'Africa', 'Abuja');
INSERT INTO Location (LocationID, CountryName, ContinentName, City) VALUES (24, 'France', 'Europe', 'Paris');
INSERT INTO Location (LocationID, CountryName, ContinentName, City) VALUES (25, 'France', 'Europe', 'Marseille');
INSERT INTO Location (LocationID, CountryName, ContinentName, City) VALUES (26, 'Argentina', 'South America', 'Rosario');
INSERT INTO Location (LocationID, CountryName, ContinentName, City) VALUES (27, 'Nigeria', 'Africa', 'Port Harcourt');
INSERT INTO Location (LocationID, CountryName, ContinentName, City) VALUES (28, 'United States', 'North America', 'Austin');
INSERT INTO Location (LocationID, CountryName, ContinentName, City) VALUES (29, 'Kenya', 'Africa', 'Nakuru');
INSERT INTO Location (LocationID, CountryName, ContinentName, City) VALUES (30, 'United Kingdom', 'Europe', 'Liverpool');
INSERT INTO Location (LocationID, CountryName, ContinentName, City) VALUES (31, 'Canada', 'North America', 'Toronto');
INSERT INTO Location (LocationID, CountryName, ContinentName, City) VALUES (32, 'Brazil', 'South America', 'Fortaleza');
INSERT INTO Location (LocationID, CountryName, ContinentName, City) VALUES (33, 'Brazil', 'South America', 'Brasília');
INSERT INTO Location (LocationID, CountryName, ContinentName, City) VALUES (34, 'France', 'Europe', 'Toulouse');
INSERT INTO Location (LocationID, CountryName, ContinentName, City) VALUES (35, 'Brazil', 'South America', 'Recife');
INSERT INTO Location (LocationID, CountryName, ContinentName, City) VALUES (36, 'India', 'Asia', 'Delhi');
INSERT INTO Location (LocationID, CountryName, ContinentName, City) VALUES (37, 'United States', 'North America', 'Dallas');
INSERT INTO Location (LocationID, CountryName, ContinentName, City) VALUES (38, 'China', 'Asia', 'Beijing');
INSERT INTO Location (LocationID, CountryName, ContinentName, City) VALUES (39, 'France', 'Europe', 'Nantes');
INSERT INTO Location (LocationID, CountryName, ContinentName, City) VALUES (40, 'Germany', 'Europe', 'Berlin');
INSERT INTO Location (LocationID, CountryName, ContinentName, City) VALUES (41, 'Chile', 'South America', 'Concepción');
INSERT INTO Location (LocationID, CountryName, ContinentName, City) VALUES (42, 'Peru', 'South America', 'Trujillo');
INSERT INTO Location (LocationID, CountryName, ContinentName, City) VALUES (43, 'Egypt', 'Africa', 'Alexandria');
INSERT INTO Location (LocationID, CountryName, ContinentName, City) VALUES (44, 'Germany', 'Europe', 'Düsseldorf');
INSERT INTO Location (LocationID, CountryName, ContinentName, City) VALUES (45, 'Canada', 'North America', 'Ottawa');
INSERT INTO Location (LocationID, CountryName, ContinentName, City) VALUES (46, 'China', 'Asia', 'Chengdu');
INSERT INTO Location (LocationID, CountryName, ContinentName, City) VALUES (47, 'France', 'Europe', 'Lyon');
INSERT INTO Location (LocationID, CountryName, ContinentName, City) VALUES (48, 'Kenya', 'Africa', 'Kisumu');
INSERT INTO Location (LocationID, CountryName, ContinentName, City) VALUES (49, 'Spain', 'Europe', 'Bilbao');
INSERT INTO Location (LocationID, CountryName, ContinentName, City) VALUES (50, 'Peru', 'South America', 'Lima');
INSERT INTO Location (LocationID, CountryName, ContinentName, City) VALUES (51, 'Spain', 'Europe', 'Valencia');
INSERT INTO Location (LocationID, CountryName, ContinentName, City) VALUES (52, 'United States', 'North America', 'San Diego');
INSERT INTO Location (LocationID, CountryName, ContinentName, City) VALUES (53, 'India', 'Asia', 'Bangalore');
INSERT INTO Location (LocationID, CountryName, ContinentName, City) VALUES (54, 'United States', 'North America', 'San Antonio');
INSERT INTO Location (LocationID, CountryName, ContinentName, City) VALUES (55, 'Mexico', 'North America', 'Cancún');
INSERT INTO Location (LocationID, CountryName, ContinentName, City) VALUES (56, 'United Kingdom', 'Europe', 'Manchester');
INSERT INTO Location (LocationID, CountryName, ContinentName, City) VALUES (57, 'Australia', 'Oceania', 'Perth');
INSERT INTO Location (LocationID, CountryName, ContinentName, City) VALUES (58, 'New Zealand', 'Oceania', 'Auckland');
INSERT INTO Location (LocationID, CountryName, ContinentName, City) VALUES (59, 'Argentina', 'South America', 'La Plata');
INSERT INTO Location (LocationID, CountryName, ContinentName, City) VALUES (60, 'Kenya', 'Africa', 'Mombasa');
INSERT INTO Location (LocationID, CountryName, ContinentName, City) VALUES (61, 'Canada', 'North America', 'Calgary');
INSERT INTO Location (LocationID, CountryName, ContinentName, City) VALUES (62, 'Spain', 'Europe', 'Zaragoza');
INSERT INTO Location (LocationID, CountryName, ContinentName, City) VALUES (63, 'Germany', 'Europe', 'Munich');
INSERT INTO Location (LocationID, CountryName, ContinentName, City) VALUES (64, 'Italy', 'Europe', 'Bologna');
INSERT INTO Location (LocationID, CountryName, ContinentName, City) VALUES (65, 'Spain', 'Europe', 'Barcelona');
INSERT INTO Location (LocationID, CountryName, ContinentName, City) VALUES (66, 'South Africa', 'Africa', 'Port Elizabeth');
INSERT INTO Location (LocationID, CountryName, ContinentName, City) VALUES (67, 'United Kingdom', 'Europe', 'Bristol');
INSERT INTO Location (LocationID, CountryName, ContinentName, City) VALUES (68, 'Mexico', 'North America', 'Monterrey');
INSERT INTO Location (LocationID, CountryName, ContinentName, City) VALUES (69, 'United States', 'North America', 'Los Angeles');
INSERT INTO Location (LocationID, CountryName, ContinentName, City) VALUES (70, 'South Korea', 'Asia', 'Incheon');
INSERT INTO Location (LocationID, CountryName, ContinentName, City) VALUES (71, 'Germany', 'Europe', 'Frankfurt');
INSERT INTO Location (LocationID, CountryName, ContinentName, City) VALUES (72, 'Egypt', 'Africa', 'Cairo');
INSERT INTO Location (LocationID, CountryName, ContinentName, City) VALUES (73, 'Spain', 'Europe', 'Seville');
INSERT INTO Location (LocationID, CountryName, ContinentName, City) VALUES (74, 'Germany', 'Europe', 'Cologne');
INSERT INTO Location (LocationID, CountryName, ContinentName, City) VALUES (75, 'Egypt', 'Africa', 'Luxor');
INSERT INTO Location (LocationID, CountryName, ContinentName, City) VALUES (76, 'Spain', 'Europe', 'Madrid');
INSERT INTO Location (LocationID, CountryName, ContinentName, City) VALUES (77, 'Canada', 'North America', 'Edmonton');
INSERT INTO Location (LocationID, CountryName, ContinentName, City) VALUES (78, 'United States', 'North America', 'Phoenix');
INSERT INTO Location (LocationID, CountryName, ContinentName, City) VALUES (79, 'Australia', 'Oceania', 'Adelaide');
INSERT INTO Location (LocationID, CountryName, ContinentName, City) VALUES (80, 'China', 'Asia', 'Shanghai');
INSERT INTO Location (LocationID, CountryName, ContinentName, City) VALUES (81, 'United States', 'North America', 'Chicago');
INSERT INTO Location (LocationID, CountryName, ContinentName, City) VALUES (82, 'Nigeria', 'Africa', 'Lagos');
INSERT INTO Location (LocationID, CountryName, ContinentName, City) VALUES (83, 'Italy', 'Europe', 'Naples');
INSERT INTO Location (LocationID, CountryName, ContinentName, City) VALUES (84, 'Germany', 'Europe', 'Stuttgart');
INSERT INTO Location (LocationID, CountryName, ContinentName, City) VALUES (85, 'Brazil', 'South America', 'Salvador');
INSERT INTO Location (LocationID, CountryName, ContinentName, City) VALUES (86, 'India', 'Asia', 'Hyderabad');
INSERT INTO Location (LocationID, CountryName, ContinentName, City) VALUES (87, 'Japan', 'Asia', 'Nagoya');
INSERT INTO Location (LocationID, CountryName, ContinentName, City) VALUES (88, 'Australia', 'Oceania', 'Melbourne');
INSERT INTO Location (LocationID, CountryName, ContinentName, City) VALUES (89, 'Peru', 'South America', 'Arequipa');
INSERT INTO Location (LocationID, CountryName, ContinentName, City) VALUES (90, 'India', 'Asia', 'Mumbai');
INSERT INTO Location (LocationID, CountryName, ContinentName, City) VALUES (91, 'India', 'Asia', 'Ahmedabad');
INSERT INTO Location (LocationID, CountryName, ContinentName, City) VALUES (92, 'France', 'Europe', 'Bordeaux');
INSERT INTO Location (LocationID, CountryName, ContinentName, City) VALUES (93, 'Italy', 'Europe', 'Rome');
INSERT INTO Location (LocationID, CountryName, ContinentName, City) VALUES (94, 'Argentina', 'South America', 'Buenos Aires');
INSERT INTO Location (LocationID, CountryName, ContinentName, City) VALUES (95, 'Nigeria', 'Africa', 'Ibadan');
INSERT INTO Location (LocationID, CountryName, ContinentName, City) VALUES (96, 'India', 'Asia', 'Pune');
INSERT INTO Location (LocationID, CountryName, ContinentName, City) VALUES (97, 'United Kingdom', 'Europe', 'Leeds');
INSERT INTO Location (LocationID, CountryName, ContinentName, City) VALUES (98, 'South Africa', 'Africa', 'Cape Town');
INSERT INTO Location (LocationID, CountryName, ContinentName, City) VALUES (99, 'Kenya', 'Africa', 'Nairobi');
INSERT INTO Location (LocationID, CountryName, ContinentName, City) VALUES (100, 'South Korea', 'Asia', 'Gwangju');
INSERT INTO Location (LocationID, CountryName, ContinentName, City) VALUES (101, 'Mexico', 'North America', 'Guadalajara');
INSERT INTO Location (LocationID, CountryName, ContinentName, City) VALUES (102, 'Argentina', 'South America', 'Córdoba');
INSERT INTO Location (LocationID, CountryName, ContinentName, City) VALUES (103, 'Japan', 'Asia', 'Hiroshima');
INSERT INTO Location (LocationID, CountryName, ContinentName, City) VALUES (104, 'New Zealand', 'Oceania', 'Dunedin');
INSERT INTO Location (LocationID, CountryName, ContinentName, City) VALUES (105, 'Canada', 'North America', 'Vancouver');
INSERT INTO Location (LocationID, CountryName, ContinentName, City) VALUES (106, 'South Korea', 'Asia', 'Busan');
INSERT INTO Location (LocationID, CountryName, ContinentName, City) VALUES (107, 'New Zealand', 'Oceania', 'Hamilton');
INSERT INTO Location (LocationID, CountryName, ContinentName, City) VALUES (108, 'Brazil', 'South America', 'Rio de Janeiro');
INSERT INTO Location (LocationID, CountryName, ContinentName, City) VALUES (109, 'Italy', 'Europe', 'Turin');
INSERT INTO Location (LocationID, CountryName, ContinentName, City) VALUES (110, 'United Kingdom', 'Europe', 'Glasgow');
INSERT INTO Location (LocationID, CountryName, ContinentName, City) VALUES (111, 'Japan', 'Asia', 'Fukuoka');
INSERT INTO Location (LocationID, CountryName, ContinentName, City) VALUES (112, 'Argentina', 'South America', 'Mendoza');
INSERT INTO Location (LocationID, CountryName, ContinentName, City) VALUES (113, 'China', 'Asia', 'Shenzhen');
INSERT INTO Location (LocationID, CountryName, ContinentName, City) VALUES (114, 'Chile', 'South America', 'Antofagasta');
INSERT INTO Location (LocationID, CountryName, ContinentName, City) VALUES (115, 'Brazil', 'South America', 'Curitiba');
INSERT INTO Location (LocationID, CountryName, ContinentName, City) VALUES (116, 'United States', 'North America', 'Philadelphia');
INSERT INTO Location (LocationID, CountryName, ContinentName, City) VALUES (117, 'Italy', 'Europe', 'Florence');
INSERT INTO Location (LocationID, CountryName, ContinentName, City) VALUES (118, 'India', 'Asia', 'Kolkata');
INSERT INTO Location (LocationID, CountryName, ContinentName, City) VALUES (119, 'Japan', 'Asia', 'Osaka');
INSERT INTO Location (LocationID, CountryName, ContinentName, City) VALUES (120, 'Canada', 'North America', 'Quebec City');
INSERT INTO Location (LocationID, CountryName, ContinentName, City) VALUES (121, 'South Africa', 'Africa', 'Pretoria');
INSERT INTO Location (LocationID, CountryName, ContinentName, City) VALUES (122, 'Japan', 'Asia', 'Yokohama');
INSERT INTO Location (LocationID, CountryName, ContinentName, City) VALUES (123, 'Chile', 'South America', 'Santiago');
INSERT INTO Location (LocationID, CountryName, ContinentName, City) VALUES (124, 'China', 'Asia', 'Tianjin');
INSERT INTO Location (LocationID, CountryName, ContinentName, City) VALUES (125, 'United Kingdom', 'Europe', 'Birmingham');
INSERT INTO Location (LocationID, CountryName, ContinentName, City) VALUES (126, 'India', 'Asia', 'Chennai');
INSERT INTO Location (LocationID, CountryName, ContinentName, City) VALUES (127, 'United Kingdom', 'Europe', 'London');
INSERT INTO Location (LocationID, CountryName, ContinentName, City) VALUES (128, 'Mexico', 'North America', 'Mexico City');
INSERT INTO Location (LocationID, CountryName, ContinentName, City) VALUES (129, 'Australia', 'Oceania', 'Canberra');
INSERT INTO Location (LocationID, CountryName, ContinentName, City) VALUES (130, 'China', 'Asia', 'Guangzhou');
INSERT INTO Location (LocationID, CountryName, ContinentName, City) VALUES (131, 'Spain', 'Europe', 'Malaga');
INSERT INTO Location (LocationID, CountryName, ContinentName, City) VALUES (132, 'United States', 'North America', 'New York');
INSERT INTO Location (LocationID, CountryName, ContinentName, City) VALUES (133, 'Italy', 'Europe', 'Milan');
INSERT INTO Location (LocationID, CountryName, ContinentName, City) VALUES (134, 'Chile', 'South America', 'Valparaíso');
INSERT INTO Location (LocationID, CountryName, ContinentName, City) VALUES (135, 'South Africa', 'Africa', 'Johannesburg');
INSERT INTO Location (LocationID, CountryName, ContinentName, City) VALUES (136, 'New Zealand', 'Oceania', 'Wellington');
INSERT INTO Location (LocationID, CountryName, ContinentName, City) VALUES (137, 'China', 'Asia', 'Wuhan');
INSERT INTO Company (CompanyID, CompanyName, LocationID, TierLevel, Type) VALUES (1, 'Boyd PLC', 30, '3', 'Manufacturer');
INSERT INTO Manufacturer (CompanyID, FactoryCapacity) VALUES (1, 2019);
INSERT INTO Company (CompanyID, CompanyName, LocationID, TierLevel, Type) VALUES (2, 'Haynes-Long', 80, '1', 'Manufacturer');
INSERT INTO Manufacturer (CompanyID, FactoryCapacity) VALUES (2, 2989);
INSERT INTO Company (CompanyID, CompanyName, LocationID, TierLevel, Type) VALUES (3, 'Walker PLC', 50, '2', 'Manufacturer');
INSERT INTO Manufacturer (CompanyID, FactoryCapacity) VALUES (3, 794);
INSERT INTO Company (CompanyID, CompanyName, LocationID, TierLevel, Type) VALUES (4, 'Smith Inc', 45, '1', 'Manufacturer');
INSERT INTO Manufacturer (CompanyID, FactoryCapacity) VALUES (4, 4113);
INSERT INTO Company (CompanyID, CompanyName, LocationID, TierLevel, Type) VALUES (5, 'Wheeler PLC', 96, '3', 'Manufacturer');
INSERT INTO Manufacturer (CompanyID, FactoryCapacity) VALUES (5, 4079);
INSERT INTO Company (CompanyID, CompanyName, LocationID, TierLevel, Type) VALUES (6, 'Boyer, Moreno and Reyes', 35, '1', 'Manufacturer');
INSERT INTO Manufacturer (CompanyID, FactoryCapacity) VALUES (6, 3803);
INSERT INTO Company (CompanyID, CompanyName, LocationID, TierLevel, Type) VALUES (7, 'Lindsey, Ruiz and Hines', 92, '2', 'Manufacturer');
INSERT INTO Manufacturer (CompanyID, FactoryCapacity) VALUES (7, 3765);
INSERT INTO Company (CompanyID, CompanyName, LocationID, TierLevel, Type) VALUES (8, 'Wood Ltd', 72, '2', 'Manufacturer');
INSERT INTO Manufacturer (CompanyID, FactoryCapacity) VALUES (8, 4581);
INSERT INTO Company (CompanyID, CompanyName, LocationID, TierLevel, Type) VALUES (9, 'Small PLC', 100, '1', 'Manufacturer');
INSERT INTO Manufacturer (CompanyID, FactoryCapacity) VALUES (9, 2489);
INSERT INTO Company (CompanyID, CompanyName, LocationID, TierLevel, Type) VALUES (10, 'Thomas, Byrd and Robinson', 25, '3', 'Manufacturer');
INSERT INTO Manufacturer (CompanyID, FactoryCapacity) VALUES (10, 2341);
INSERT INTO Company (CompanyID, CompanyName, LocationID, TierLevel, Type) VALUES (11, 'Fernandez, Bailey and Burton', 12, '1', 'Manufacturer');
INSERT INTO Manufacturer (CompanyID, FactoryCapacity) VALUES (11, 2010);
INSERT INTO Company (CompanyID, CompanyName, LocationID, TierLevel, Type) VALUES (12, 'Velazquez PLC', 89, '2', 'Manufacturer');
INSERT INTO Manufacturer (CompanyID, FactoryCapacity) VALUES (12, 693);
INSERT INTO Company (CompanyID, CompanyName, LocationID, TierLevel, Type) VALUES (13, 'Sims, Callahan and Rivera', 124, '3', 'Manufacturer');
INSERT INTO Manufacturer (CompanyID, FactoryCapacity) VALUES (13, 4319);
INSERT INTO Company (CompanyID, CompanyName, LocationID, TierLevel, Type) VALUES (14, 'Guerrero, Owens and Hayes', 27, '2', 'Manufacturer');
INSERT INTO Manufacturer (CompanyID, FactoryCapacity) VALUES (14, 1928);
INSERT INTO Company (CompanyID, CompanyName, LocationID, TierLevel, Type) VALUES (15, 'Saunders, Gregory and Mccarthy', 21, '2', 'Manufacturer');
INSERT INTO Manufacturer (CompanyID, FactoryCapacity) VALUES (15, 3419);
INSERT INTO Company (CompanyID, CompanyName, LocationID, TierLevel, Type) VALUES (16, 'Brooks-Keith', 85, '3', 'Manufacturer');
INSERT INTO Manufacturer (CompanyID, FactoryCapacity) VALUES (16, 537);
INSERT INTO Company (CompanyID, CompanyName, LocationID, TierLevel, Type) VALUES (17, 'Decker-Grimes', 103, '2', 'Manufacturer');
INSERT INTO Manufacturer (CompanyID, FactoryCapacity) VALUES (17, 4949);
INSERT INTO Company (CompanyID, CompanyName, LocationID, TierLevel, Type) VALUES (18, 'Berry-Eaton', 73, '3', 'Manufacturer');
INSERT INTO Manufacturer (CompanyID, FactoryCapacity) VALUES (18, 2727);
INSERT INTO Company (CompanyID, CompanyName, LocationID, TierLevel, Type) VALUES (19, 'Hall LLC', 129, '3', 'Manufacturer');
INSERT INTO Manufacturer (CompanyID, FactoryCapacity) VALUES (19, 3079);
INSERT INTO Company (CompanyID, CompanyName, LocationID, TierLevel, Type) VALUES (20, 'Hughes-Mccann', 137, '3', 'Manufacturer');
INSERT INTO Manufacturer (CompanyID, FactoryCapacity) VALUES (20, 2796);
INSERT INTO Company (CompanyID, CompanyName, LocationID, TierLevel, Type) VALUES (21, 'Hoover Ltd', 105, '3', 'Manufacturer');
INSERT INTO Manufacturer (CompanyID, FactoryCapacity) VALUES (21, 4131);
INSERT INTO Company (CompanyID, CompanyName, LocationID, TierLevel, Type) VALUES (22, 'Bailey-Lamb', 35, '2', 'Manufacturer');
INSERT INTO Manufacturer (CompanyID, FactoryCapacity) VALUES (22, 816);
INSERT INTO Company (CompanyID, CompanyName, LocationID, TierLevel, Type) VALUES (23, 'Bartlett Group', 77, '2', 'Manufacturer');
INSERT INTO Manufacturer (CompanyID, FactoryCapacity) VALUES (23, 2555);
INSERT INTO Company (CompanyID, CompanyName, LocationID, TierLevel, Type) VALUES (24, 'Washington-Perez', 5, '2', 'Manufacturer');
INSERT INTO Manufacturer (CompanyID, FactoryCapacity) VALUES (24, 3445);
INSERT INTO Company (CompanyID, CompanyName, LocationID, TierLevel, Type) VALUES (25, 'Bernard, Burns and Carpenter', 12, '3', 'Manufacturer');
INSERT INTO Manufacturer (CompanyID, FactoryCapacity) VALUES (25, 3390);
INSERT INTO Company (CompanyID, CompanyName, LocationID, TierLevel, Type) VALUES (26, 'Anderson Ltd', 62, '2', 'Manufacturer');
INSERT INTO Manufacturer (CompanyID, FactoryCapacity) VALUES (26, 2378);
INSERT INTO Company (CompanyID, CompanyName, LocationID, TierLevel, Type) VALUES (27, 'Boyd-Tucker', 59, '3', 'Manufacturer');
INSERT INTO Manufacturer (CompanyID, FactoryCapacity) VALUES (27, 2247);
INSERT INTO Company (CompanyID, CompanyName, LocationID, TierLevel, Type) VALUES (28, 'Morris-Castillo', 7, '2', 'Manufacturer');
INSERT INTO Manufacturer (CompanyID, FactoryCapacity) VALUES (28, 1792);
INSERT INTO Company (CompanyID, CompanyName, LocationID, TierLevel, Type) VALUES (29, 'Kennedy-Aguirre', 32, '3', 'Manufacturer');
INSERT INTO Manufacturer (CompanyID, FactoryCapacity) VALUES (29, 3617);
INSERT INTO Company (CompanyID, CompanyName, LocationID, TierLevel, Type) VALUES (30, 'Morrison, Johnson and Smith', 26, '3', 'Manufacturer');
INSERT INTO Manufacturer (CompanyID, FactoryCapacity) VALUES (30, 1071);
INSERT INTO Company (CompanyID, CompanyName, LocationID, TierLevel, Type) VALUES (31, 'Munoz Inc', 16, '3', 'Manufacturer');
INSERT INTO Manufacturer (CompanyID, FactoryCapacity) VALUES (31, 4186);
INSERT INTO Company (CompanyID, CompanyName, LocationID, TierLevel, Type) VALUES (32, 'Reynolds-Moore', 56, '1', 'Manufacturer');
INSERT INTO Manufacturer (CompanyID, FactoryCapacity) VALUES (32, 3546);
INSERT INTO Company (CompanyID, CompanyName, LocationID, TierLevel, Type) VALUES (33, 'Fuller, Day and Lee', 4, '3', 'Manufacturer');
INSERT INTO Manufacturer (CompanyID, FactoryCapacity) VALUES (33, 2517);
INSERT INTO Company (CompanyID, CompanyName, LocationID, TierLevel, Type) VALUES (34, 'Mejia-King', 3, '3', 'Manufacturer');
INSERT INTO Manufacturer (CompanyID, FactoryCapacity) VALUES (34, 1830);
INSERT INTO Company (CompanyID, CompanyName, LocationID, TierLevel, Type) VALUES (35, 'Bray, White and Mitchell', 5, '2', 'Manufacturer');
INSERT INTO Manufacturer (CompanyID, FactoryCapacity) VALUES (35, 713);
INSERT INTO Company (CompanyID, CompanyName, LocationID, TierLevel, Type) VALUES (36, 'Proctor, Lopez and Collins', 128, '3', 'Manufacturer');
INSERT INTO Manufacturer (CompanyID, FactoryCapacity) VALUES (36, 2598);
INSERT INTO Company (CompanyID, CompanyName, LocationID, TierLevel, Type) VALUES (37, 'Torres, Lee and Rogers', 65, '1', 'Retailer');
INSERT INTO Retailer (CompanyID) VALUES (37);
INSERT INTO Company (CompanyID, CompanyName, LocationID, TierLevel, Type) VALUES (38, 'Buck and Sons', 49, '1', 'Retailer');
INSERT INTO Retailer (CompanyID) VALUES (38);
INSERT INTO Company (CompanyID, CompanyName, LocationID, TierLevel, Type) VALUES (39, 'Chavez Ltd', 66, '1', 'Retailer');
INSERT INTO Retailer (CompanyID) VALUES (39);
INSERT INTO Company (CompanyID, CompanyName, LocationID, TierLevel, Type) VALUES (40, 'Contreras-Kim', 81, '1', 'Retailer');
INSERT INTO Retailer (CompanyID) VALUES (40);
INSERT INTO Company (CompanyID, CompanyName, LocationID, TierLevel, Type) VALUES (41, 'Franklin Group', 137, '1', 'Retailer');
INSERT INTO Retailer (CompanyID) VALUES (41);
INSERT INTO Company (CompanyID, CompanyName, LocationID, TierLevel, Type) VALUES (42, 'Kelly, Mendez and Lawrence', 52, '1', 'Retailer');
INSERT INTO Retailer (CompanyID) VALUES (42);
INSERT INTO Company (CompanyID, CompanyName, LocationID, TierLevel, Type) VALUES (43, 'Sanchez-Contreras', 68, '1', 'Retailer');
INSERT INTO Retailer (CompanyID) VALUES (43);
INSERT INTO Company (CompanyID, CompanyName, LocationID, TierLevel, Type) VALUES (44, 'Best, Smith and Fischer', 18, '1', 'Retailer');
INSERT INTO Retailer (CompanyID) VALUES (44);
INSERT INTO Company (CompanyID, CompanyName, LocationID, TierLevel, Type) VALUES (45, 'Davis PLC', 133, '3', 'Distributor');
INSERT INTO Distributor (CompanyID) VALUES (45);
INSERT INTO Company (CompanyID, CompanyName, LocationID, TierLevel, Type) VALUES (46, 'Montes, Williams and Mcconnell', 69, '3', 'Distributor');
INSERT INTO Distributor (CompanyID) VALUES (46);
INSERT INTO Company (CompanyID, CompanyName, LocationID, TierLevel, Type) VALUES (47, 'Esparza, Lopez and Kelly', 42, '3', 'Distributor');
INSERT INTO Distributor (CompanyID) VALUES (47);
INSERT INTO Company (CompanyID, CompanyName, LocationID, TierLevel, Type) VALUES (48, 'Salas, Johnson and Dean', 92, '3', 'Distributor');
INSERT INTO Distributor (CompanyID) VALUES (48);
INSERT INTO Company (CompanyID, CompanyName, LocationID, TierLevel, Type) VALUES (49, 'Garcia-Trujillo', 121, '3', 'Distributor');
INSERT INTO Distributor (CompanyID) VALUES (49);
INSERT INTO Company (CompanyID, CompanyName, LocationID, TierLevel, Type) VALUES (50, 'Miller, Meyers and Rivera', 129, '3', 'Distributor');
INSERT INTO Distributor (CompanyID) VALUES (50);
INSERT INTO Company (CompanyID, CompanyName, LocationID, TierLevel, Type) VALUES (51, 'Ray, Morales and Le', 26, '3', 'Distributor');
INSERT INTO Distributor (CompanyID) VALUES (51);
INSERT INTO Company (CompanyID, CompanyName, LocationID, TierLevel, Type) VALUES (52, 'Romero-Nelson', 13, '3', 'Distributor');
INSERT INTO Distributor (CompanyID) VALUES (52);
INSERT INTO Company (CompanyID, CompanyName, LocationID, TierLevel, Type) VALUES (53, 'Saunders-Davidson', 119, '3', 'Distributor');
INSERT INTO Distributor (CompanyID) VALUES (53);
INSERT INTO Company (CompanyID, CompanyName, LocationID, TierLevel, Type) VALUES (54, 'Howard, Ortiz and Gonzales', 30, '3', 'Distributor');
INSERT INTO Distributor (CompanyID) VALUES (54);
INSERT INTO Company (CompanyID, CompanyName, LocationID, TierLevel, Type) VALUES (55, 'Stanley, Coleman and Johnson', 65, '3', 'Distributor');
INSERT INTO Distributor (CompanyID) VALUES (55);
INSERT INTO Company (CompanyID, CompanyName, LocationID, TierLevel, Type) VALUES (56, 'Perez-King', 70, '3', 'Distributor');
INSERT INTO Distributor (CompanyID) VALUES (56);
INSERT INTO Company (CompanyID, CompanyName, LocationID, TierLevel, Type) VALUES (57, 'Morales-Williams', 53, '3', 'Distributor');
INSERT INTO Distributor (CompanyID) VALUES (57);
INSERT INTO Company (CompanyID, CompanyName, LocationID, TierLevel, Type) VALUES (58, 'Gomez and Sons', 28, '3', 'Distributor');
INSERT INTO Distributor (CompanyID) VALUES (58);
INSERT INTO Company (CompanyID, CompanyName, LocationID, TierLevel, Type) VALUES (59, 'Perez, Fletcher and Lewis', 130, '3', 'Distributor');
INSERT INTO Distributor (CompanyID) VALUES (59);
INSERT INTO Company (CompanyID, CompanyName, LocationID, TierLevel, Type) VALUES (60, 'Hernandez and Sons', 114, '3', 'Distributor');
INSERT INTO Distributor (CompanyID) VALUES (60);
INSERT INTO Product (ProductID, ProductName, Category) VALUES (1, 'Product_1', 'Finished Good');
INSERT INTO Product (ProductID, ProductName, Category) VALUES (2, 'Product_2', 'Finished Good');
INSERT INTO Product (ProductID, ProductName, Category) VALUES (3, 'Product_3', 'Component');
INSERT INTO Product (ProductID, ProductName, Category) VALUES (4, 'Product_4', 'Other');
INSERT INTO Product (ProductID, ProductName, Category) VALUES (5, 'Product_5', 'Component');
INSERT INTO Product (ProductID, ProductName, Category) VALUES (6, 'Product_6', 'Finished Good');
INSERT INTO Product (ProductID, ProductName, Category) VALUES (7, 'Product_7', 'Other');
INSERT INTO Product (ProductID, ProductName, Category) VALUES (8, 'Product_8', 'Other');
INSERT INTO Product (ProductID, ProductName, Category) VALUES (9, 'Product_9', 'Finished Good');
INSERT INTO Product (ProductID, ProductName, Category) VALUES (10, 'Product_10', 'Other');
INSERT INTO Product (ProductID, ProductName, Category) VALUES (11, 'Product_11', 'Component');
INSERT INTO Product (ProductID, ProductName, Category) VALUES (12, 'Product_12', 'Finished Good');
INSERT INTO Product (ProductID, ProductName, Category) VALUES (13, 'Product_13', 'Component');
INSERT INTO Product (ProductID, ProductName, Category) VALUES (14, 'Product_14', 'Other');
INSERT INTO Product (ProductID, ProductName, Category) VALUES (15, 'Product_15', 'Component');
INSERT INTO Product (ProductID, ProductName, Category) VALUES (16, 'Product_16', 'Component');
INSERT INTO Product (ProductID, ProductName, Category) VALUES (17, 'Product_17', 'Component');
INSERT INTO Product (ProductID, ProductName, Category) VALUES (18, 'Product_18', 'Other');
INSERT INTO Product (ProductID, ProductName, Category) VALUES (19, 'Product_19', 'Other');
INSERT INTO Product (ProductID, ProductName, Category) VALUES (20, 'Product_20', 'Finished Good');
INSERT INTO Product (ProductID, ProductName, Category) VALUES (21, 'Product_21', 'Finished Good');
INSERT INTO Product (ProductID, ProductName, Category) VALUES (22, 'Product_22', 'Other');
INSERT INTO Product (ProductID, ProductName, Category) VALUES (23, 'Product_23', 'Component');
INSERT INTO Product (ProductID, ProductName, Category) VALUES (24, 'Product_24', 'Electronics');
INSERT INTO Product (ProductID, ProductName, Category) VALUES (25, 'Product_25', 'Finished Good');
INSERT INTO Product (ProductID, ProductName, Category) VALUES (26, 'Product_26', 'Electronics');
INSERT INTO Product (ProductID, ProductName, Category) VALUES (27, 'Product_27', 'Component');
INSERT INTO Product (ProductID, ProductName, Category) VALUES (28, 'Product_28', 'Other');
INSERT INTO Product (ProductID, ProductName, Category) VALUES (29, 'Product_29', 'Component');
INSERT INTO Product (ProductID, ProductName, Category) VALUES (30, 'Product_30', 'Electronics');
INSERT INTO Product (ProductID, ProductName, Category) VALUES (31, 'Product_31', 'Component');
INSERT INTO Product (ProductID, ProductName, Category) VALUES (32, 'Product_32', 'Component');
INSERT INTO Product (ProductID, ProductName, Category) VALUES (33, 'Product_33', 'Other');
INSERT INTO Product (ProductID, ProductName, Category) VALUES (34, 'Product_34', 'Finished Good');
INSERT INTO Product (ProductID, ProductName, Category) VALUES (35, 'Product_35', 'Finished Good');
INSERT INTO Product (ProductID, ProductName, Category) VALUES (36, 'Product_36', 'Raw Material');
INSERT INTO Product (ProductID, ProductName, Category) VALUES (37, 'Product_37', 'Raw Material');
INSERT INTO Product (ProductID, ProductName, Category) VALUES (38, 'Product_38', 'Electronics');
INSERT INTO Product (ProductID, ProductName, Category) VALUES (39, 'Product_39', 'Component');
INSERT INTO Product (ProductID, ProductName, Category) VALUES (40, 'Product_40', 'Finished Good');
INSERT INTO Product (ProductID, ProductName, Category) VALUES (41, 'Product_41', 'Component');
INSERT INTO Product (ProductID, ProductName, Category) VALUES (42, 'Product_42', 'Finished Good');
INSERT INTO Product (ProductID, ProductName, Category) VALUES (43, 'Product_43', 'Component');
INSERT INTO Product (ProductID, ProductName, Category) VALUES (44, 'Product_44', 'Finished Good');
INSERT INTO Product (ProductID, ProductName, Category) VALUES (45, 'Product_45', 'Electronics');
INSERT INTO Product (ProductID, ProductName, Category) VALUES (46, 'Product_46', 'Finished Good');
INSERT INTO Product (ProductID, ProductName, Category) VALUES (47, 'Product_47', 'Raw Material');
INSERT INTO Product (ProductID, ProductName, Category) VALUES (48, 'Product_48', 'Other');
INSERT INTO Product (ProductID, ProductName, Category) VALUES (49, 'Product_49', 'Finished Good');
INSERT INTO Product (ProductID, ProductName, Category) VALUES (50, 'Product_50', 'Other');
INSERT INTO SuppliesProduct (SupplierID, ProductID, SupplyPrice) VALUES (2, 1, 360.04);
INSERT INTO SuppliesProduct (SupplierID, ProductID, SupplyPrice) VALUES (4, 1, 964.44);
INSERT INTO SuppliesProduct (SupplierID, ProductID, SupplyPrice) VALUES (11, 1, 876.94);
INSERT INTO SuppliesProduct (SupplierID, ProductID, SupplyPrice) VALUES (11, 2, 731.53);
INSERT INTO SuppliesProduct (SupplierID, ProductID, SupplyPrice) VALUES (3, 3, 917.86);
INSERT INTO SuppliesProduct (SupplierID, ProductID, SupplyPrice) VALUES (24, 3, 713.23);
INSERT INTO SuppliesProduct (SupplierID, ProductID, SupplyPrice) VALUES (15, 3, 312.89);
INSERT INTO SuppliesProduct (SupplierID, ProductID, SupplyPrice) VALUES (27, 4, 530.91);
INSERT INTO SuppliesProduct (SupplierID, ProductID, SupplyPrice) VALUES (21, 4, 584.77);
INSERT INTO SuppliesProduct (SupplierID, ProductID, SupplyPrice) VALUES (1, 4, 487.9);
INSERT INTO SuppliesProduct (SupplierID, ProductID, SupplyPrice) VALUES (22, 5, 612.42);
INSERT INTO SuppliesProduct (SupplierID, ProductID, SupplyPrice) VALUES (4, 6, 403.75);
INSERT INTO SuppliesProduct (SupplierID, ProductID, SupplyPrice) VALUES (6, 6, 543.52);
INSERT INTO SuppliesProduct (SupplierID, ProductID, SupplyPrice) VALUES (18, 7, 470.11);
INSERT INTO SuppliesProduct (SupplierID, ProductID, SupplyPrice) VALUES (24, 8, 765.96);
INSERT INTO SuppliesProduct (SupplierID, ProductID, SupplyPrice) VALUES (9, 9, 697.01);
INSERT INTO SuppliesProduct (SupplierID, ProductID, SupplyPrice) VALUES (4, 9, 912.07);
INSERT INTO SuppliesProduct (SupplierID, ProductID, SupplyPrice) VALUES (6, 9, 233.51);
INSERT INTO SuppliesProduct (SupplierID, ProductID, SupplyPrice) VALUES (28, 10, 902.2);
INSERT INTO SuppliesProduct (SupplierID, ProductID, SupplyPrice) VALUES (6, 10, 374.25);
INSERT INTO SuppliesProduct (SupplierID, ProductID, SupplyPrice) VALUES (20, 10, 896.08);
INSERT INTO SuppliesProduct (SupplierID, ProductID, SupplyPrice) VALUES (23, 11, 271.55);
INSERT INTO SuppliesProduct (SupplierID, ProductID, SupplyPrice) VALUES (6, 12, 968.9);
INSERT INTO SuppliesProduct (SupplierID, ProductID, SupplyPrice) VALUES (12, 13, 272.25);
INSERT INTO SuppliesProduct (SupplierID, ProductID, SupplyPrice) VALUES (35, 14, 252.7);
INSERT INTO SuppliesProduct (SupplierID, ProductID, SupplyPrice) VALUES (14, 14, 438.83);
INSERT INTO SuppliesProduct (SupplierID, ProductID, SupplyPrice) VALUES (19, 14, 944.08);
INSERT INTO SuppliesProduct (SupplierID, ProductID, SupplyPrice) VALUES (3, 15, 115.04);
INSERT INTO SuppliesProduct (SupplierID, ProductID, SupplyPrice) VALUES (22, 15, 74.7);
INSERT INTO SuppliesProduct (SupplierID, ProductID, SupplyPrice) VALUES (23, 16, 385.32);
INSERT INTO SuppliesProduct (SupplierID, ProductID, SupplyPrice) VALUES (15, 16, 386.6);
INSERT INTO SuppliesProduct (SupplierID, ProductID, SupplyPrice) VALUES (17, 16, 956.63);
INSERT INTO SuppliesProduct (SupplierID, ProductID, SupplyPrice) VALUES (26, 17, 836.51);
INSERT INTO SuppliesProduct (SupplierID, ProductID, SupplyPrice) VALUES (23, 17, 383.1);
INSERT INTO SuppliesProduct (SupplierID, ProductID, SupplyPrice) VALUES (4, 18, 383.04);
INSERT INTO SuppliesProduct (SupplierID, ProductID, SupplyPrice) VALUES (2, 18, 393.65);
INSERT INTO SuppliesProduct (SupplierID, ProductID, SupplyPrice) VALUES (8, 19, 516.34);
INSERT INTO SuppliesProduct (SupplierID, ProductID, SupplyPrice) VALUES (11, 20, 34.96);
INSERT INTO SuppliesProduct (SupplierID, ProductID, SupplyPrice) VALUES (4, 20, 565.83);
INSERT INTO SuppliesProduct (SupplierID, ProductID, SupplyPrice) VALUES (9, 21, 823.22);
INSERT INTO SuppliesProduct (SupplierID, ProductID, SupplyPrice) VALUES (20, 22, 234.74);
INSERT INTO SuppliesProduct (SupplierID, ProductID, SupplyPrice) VALUES (29, 22, 437.77);
INSERT INTO SuppliesProduct (SupplierID, ProductID, SupplyPrice) VALUES (8, 22, 393.51);
INSERT INTO SuppliesProduct (SupplierID, ProductID, SupplyPrice) VALUES (24, 23, 402.58);
INSERT INTO SuppliesProduct (SupplierID, ProductID, SupplyPrice) VALUES (3, 23, 138.3);
INSERT INTO SuppliesProduct (SupplierID, ProductID, SupplyPrice) VALUES (26, 23, 597.09);
INSERT INTO SuppliesProduct (SupplierID, ProductID, SupplyPrice) VALUES (20, 24, 90.93);
INSERT INTO SuppliesProduct (SupplierID, ProductID, SupplyPrice) VALUES (4, 25, 587.77);
INSERT INTO SuppliesProduct (SupplierID, ProductID, SupplyPrice) VALUES (6, 25, 652.96);
INSERT INTO SuppliesProduct (SupplierID, ProductID, SupplyPrice) VALUES (24, 26, 552.5);
INSERT INTO SuppliesProduct (SupplierID, ProductID, SupplyPrice) VALUES (31, 26, 307.26);
INSERT INTO SuppliesProduct (SupplierID, ProductID, SupplyPrice) VALUES (28, 27, 832.83);
INSERT INTO SuppliesProduct (SupplierID, ProductID, SupplyPrice) VALUES (26, 28, 276.36);
INSERT INTO SuppliesProduct (SupplierID, ProductID, SupplyPrice) VALUES (2, 28, 181.53);
INSERT INTO SuppliesProduct (SupplierID, ProductID, SupplyPrice) VALUES (27, 28, 243.73);
INSERT INTO SuppliesProduct (SupplierID, ProductID, SupplyPrice) VALUES (28, 29, 695.77);
INSERT INTO SuppliesProduct (SupplierID, ProductID, SupplyPrice) VALUES (8, 29, 976.26);
INSERT INTO SuppliesProduct (SupplierID, ProductID, SupplyPrice) VALUES (22, 29, 466.89);
INSERT INTO SuppliesProduct (SupplierID, ProductID, SupplyPrice) VALUES (21, 30, 11.87);
INSERT INTO SuppliesProduct (SupplierID, ProductID, SupplyPrice) VALUES (22, 30, 322.9);
INSERT INTO SuppliesProduct (SupplierID, ProductID, SupplyPrice) VALUES (34, 30, 993.96);
INSERT INTO SuppliesProduct (SupplierID, ProductID, SupplyPrice) VALUES (23, 31, 687.39);
INSERT INTO SuppliesProduct (SupplierID, ProductID, SupplyPrice) VALUES (26, 31, 930.64);
INSERT INTO SuppliesProduct (SupplierID, ProductID, SupplyPrice) VALUES (22, 31, 151.31);
INSERT INTO SuppliesProduct (SupplierID, ProductID, SupplyPrice) VALUES (23, 32, 516.86);
INSERT INTO SuppliesProduct (SupplierID, ProductID, SupplyPrice) VALUES (12, 32, 746.26);
INSERT INTO SuppliesProduct (SupplierID, ProductID, SupplyPrice) VALUES (23, 33, 310.49);
INSERT INTO SuppliesProduct (SupplierID, ProductID, SupplyPrice) VALUES (6, 33, 607.95);
INSERT INTO SuppliesProduct (SupplierID, ProductID, SupplyPrice) VALUES (11, 34, 362.76);
INSERT INTO SuppliesProduct (SupplierID, ProductID, SupplyPrice) VALUES (32, 35, 100.73);
INSERT INTO SuppliesProduct (SupplierID, ProductID, SupplyPrice) VALUES (11, 35, 967.56);
INSERT INTO SuppliesProduct (SupplierID, ProductID, SupplyPrice) VALUES (13, 36, 448.68);
INSERT INTO SuppliesProduct (SupplierID, ProductID, SupplyPrice) VALUES (10, 36, 438.64);
INSERT INTO SuppliesProduct (SupplierID, ProductID, SupplyPrice) VALUES (29, 37, 494.37);
INSERT INTO SuppliesProduct (SupplierID, ProductID, SupplyPrice) VALUES (30, 37, 432.27);
INSERT INTO SuppliesProduct (SupplierID, ProductID, SupplyPrice) VALUES (34, 37, 259.02);
INSERT INTO SuppliesProduct (SupplierID, ProductID, SupplyPrice) VALUES (4, 38, 909.63);
INSERT INTO SuppliesProduct (SupplierID, ProductID, SupplyPrice) VALUES (25, 38, 408.48);
INSERT INTO SuppliesProduct (SupplierID, ProductID, SupplyPrice) VALUES (22, 38, 364.46);
INSERT INTO SuppliesProduct (SupplierID, ProductID, SupplyPrice) VALUES (22, 39, 579.81);
INSERT INTO SuppliesProduct (SupplierID, ProductID, SupplyPrice) VALUES (14, 39, 999.5);
INSERT INTO SuppliesProduct (SupplierID, ProductID, SupplyPrice) VALUES (15, 39, 606.6);
INSERT INTO SuppliesProduct (SupplierID, ProductID, SupplyPrice) VALUES (11, 40, 483.07);
INSERT INTO SuppliesProduct (SupplierID, ProductID, SupplyPrice) VALUES (26, 41, 739.31);
INSERT INTO SuppliesProduct (SupplierID, ProductID, SupplyPrice) VALUES (4, 42, 512.7);
INSERT INTO SuppliesProduct (SupplierID, ProductID, SupplyPrice) VALUES (28, 43, 338.07);
INSERT INTO SuppliesProduct (SupplierID, ProductID, SupplyPrice) VALUES (26, 43, 974.66);
INSERT INTO SuppliesProduct (SupplierID, ProductID, SupplyPrice) VALUES (2, 44, 447.15);
INSERT INTO SuppliesProduct (SupplierID, ProductID, SupplyPrice) VALUES (11, 44, 842.68);
INSERT INTO SuppliesProduct (SupplierID, ProductID, SupplyPrice) VALUES (9, 44, 434.72);
INSERT INTO SuppliesProduct (SupplierID, ProductID, SupplyPrice) VALUES (29, 45, 495.25);
INSERT INTO SuppliesProduct (SupplierID, ProductID, SupplyPrice) VALUES (2, 46, 433.17);
INSERT INTO SuppliesProduct (SupplierID, ProductID, SupplyPrice) VALUES (19, 47, 54.02);
INSERT INTO SuppliesProduct (SupplierID, ProductID, SupplyPrice) VALUES (27, 47, 967.08);
INSERT INTO SuppliesProduct (SupplierID, ProductID, SupplyPrice) VALUES (36, 47, 643.7);
INSERT INTO SuppliesProduct (SupplierID, ProductID, SupplyPrice) VALUES (17, 48, 351.59);
INSERT INTO SuppliesProduct (SupplierID, ProductID, SupplyPrice) VALUES (32, 49, 857.65);
INSERT INTO SuppliesProduct (SupplierID, ProductID, SupplyPrice) VALUES (6, 49, 543.56);
INSERT INTO SuppliesProduct (SupplierID, ProductID, SupplyPrice) VALUES (4, 49, 736.27);
INSERT INTO SuppliesProduct (SupplierID, ProductID, SupplyPrice) VALUES (7, 50, 901.36);
INSERT INTO SuppliesProduct (SupplierID, ProductID, SupplyPrice) VALUES (4, 50, 380.19);
INSERT INTO InventoryTransaction (TransactionID, Type) VALUES (1, 'Adjustment');
INSERT INTO InventoryAdjustment (AdjustmentID, TransactionID, CompanyID, ProductID, AdjustmentDate, QuantityChange, Reason) VALUES (1, 1, 55, 17, '2020-03-10', 0, 'Week six herself professor.');
INSERT INTO InventoryTransaction (TransactionID, Type) VALUES (2, 'Shipping');
INSERT INTO InventoryTransaction (TransactionID, Type) VALUES (3, 'Receiving');
INSERT INTO Shipping (ShipmentID, TransactionID, DistributorID, ProductID, SourceCompanyID, DestinationCompanyID, PromisedDate, ActualDate, Quantity) VALUES (1, 2, 55, 15, 22, 7, '2022-02-12', '2022-02-12', 258);
INSERT INTO Receiving (ReceivingID, TransactionID, ShipmentID, ReceiverCompanyID, ReceivedDate, QuantityReceived) VALUES (1, 3, 1, 7, '2022-02-12', 258);
INSERT INTO InventoryTransaction (TransactionID, Type) VALUES (4, 'Adjustment');
INSERT INTO InventoryAdjustment (AdjustmentID, TransactionID, CompanyID, ProductID, AdjustmentDate, QuantityChange, Reason) VALUES (4, 4, 27, 6, '2022-09-23', 6, 'Record possible operation since.');
INSERT INTO InventoryTransaction (TransactionID, Type) VALUES (5, 'Shipping');
INSERT INTO InventoryTransaction (TransactionID, Type) VALUES (6, 'Receiving');
INSERT INTO Shipping (ShipmentID, TransactionID, DistributorID, ProductID, SourceCompanyID, DestinationCompanyID, PromisedDate, ActualDate, Quantity) VALUES (2, 5, 50, 4, 1, 5, '2025-10-19', '2025-10-20', 257);
INSERT INTO Receiving (ReceivingID, TransactionID, ShipmentID, ReceiverCompanyID, ReceivedDate, QuantityReceived) VALUES (2, 6, 2, 5, '2025-10-20', 257);
INSERT INTO InventoryTransaction (TransactionID, Type) VALUES (7, 'Adjustment');
INSERT INTO InventoryAdjustment (AdjustmentID, TransactionID, CompanyID, ProductID, AdjustmentDate, QuantityChange, Reason) VALUES (7, 7, 7, 40, '2023-07-04', 0, 'Region boy head message east value wind.');
INSERT INTO InventoryTransaction (TransactionID, Type) VALUES (8, 'Shipping');
INSERT INTO InventoryTransaction (TransactionID, Type) VALUES (9, 'Receiving');
INSERT INTO Shipping (ShipmentID, TransactionID, DistributorID, ProductID, SourceCompanyID, DestinationCompanyID, PromisedDate, ActualDate, Quantity) VALUES (3, 8, 48, 50, 4, 40, '2020-05-07', '2020-05-10', 169);
INSERT INTO Receiving (ReceivingID, TransactionID, ShipmentID, ReceiverCompanyID, ReceivedDate, QuantityReceived) VALUES (3, 9, 3, 40, '2020-05-10', 169);
INSERT INTO InventoryTransaction (TransactionID, Type) VALUES (10, 'Shipping');
INSERT INTO InventoryTransaction (TransactionID, Type) VALUES (11, 'Receiving');
INSERT INTO Shipping (ShipmentID, TransactionID, DistributorID, ProductID, SourceCompanyID, DestinationCompanyID, PromisedDate, ActualDate, Quantity) VALUES (4, 10, 47, 14, 35, 24, '2025-05-01', '2025-05-03', 224);
INSERT INTO Receiving (ReceivingID, TransactionID, ShipmentID, ReceiverCompanyID, ReceivedDate, QuantityReceived) VALUES (4, 11, 4, 24, '2025-05-03', 224);
INSERT INTO InventoryTransaction (TransactionID, Type) VALUES (12, 'Shipping');
INSERT INTO InventoryTransaction (TransactionID, Type) VALUES (13, 'Receiving');
INSERT INTO Shipping (ShipmentID, TransactionID, DistributorID, ProductID, SourceCompanyID, DestinationCompanyID, PromisedDate, ActualDate, Quantity) VALUES (5, 12, 56, 16, 23, 6, '2024-05-29', '2024-06-03', 334);
INSERT INTO Receiving (ReceivingID, TransactionID, ShipmentID, ReceiverCompanyID, ReceivedDate, QuantityReceived) VALUES (5, 13, 5, 6, '2024-06-03', 334);
INSERT INTO InventoryTransaction (TransactionID, Type) VALUES (14, 'Shipping');
INSERT INTO InventoryTransaction (TransactionID, Type) VALUES (15, 'Receiving');
INSERT INTO Shipping (ShipmentID, TransactionID, DistributorID, ProductID, SourceCompanyID, DestinationCompanyID, PromisedDate, ActualDate, Quantity) VALUES (6, 14, 48, 9, 9, 43, '2025-09-22', '2025-09-26', 458);
INSERT INTO Receiving (ReceivingID, TransactionID, ShipmentID, ReceiverCompanyID, ReceivedDate, QuantityReceived) VALUES (6, 15, 6, 43, '2025-09-26', 458);
INSERT INTO InventoryTransaction (TransactionID, Type) VALUES (16, 'Shipping');
INSERT INTO InventoryTransaction (TransactionID, Type) VALUES (17, 'Receiving');
INSERT INTO Shipping (ShipmentID, TransactionID, DistributorID, ProductID, SourceCompanyID, DestinationCompanyID, PromisedDate, ActualDate, Quantity) VALUES (7, 16, 57, 36, 10, 6, '2021-08-24', '2021-08-28', 454);
INSERT INTO Receiving (ReceivingID, TransactionID, ShipmentID, ReceiverCompanyID, ReceivedDate, QuantityReceived) VALUES (7, 17, 7, 6, '2021-08-28', 454);
INSERT INTO InventoryTransaction (TransactionID, Type) VALUES (18, 'Shipping');
INSERT INTO InventoryTransaction (TransactionID, Type) VALUES (19, 'Receiving');
INSERT INTO Shipping (ShipmentID, TransactionID, DistributorID, ProductID, SourceCompanyID, DestinationCompanyID, PromisedDate, ActualDate, Quantity) VALUES (8, 18, 59, 9, 6, 43, '2025-05-09', '2025-05-14', 102);
INSERT INTO Receiving (ReceivingID, TransactionID, ShipmentID, ReceiverCompanyID, ReceivedDate, QuantityReceived) VALUES (8, 19, 8, 43, '2025-05-14', 102);
INSERT INTO InventoryTransaction (TransactionID, Type) VALUES (20, 'Shipping');
INSERT INTO InventoryTransaction (TransactionID, Type) VALUES (21, 'Receiving');
INSERT INTO Shipping (ShipmentID, TransactionID, DistributorID, ProductID, SourceCompanyID, DestinationCompanyID, PromisedDate, ActualDate, Quantity) VALUES (9, 20, 54, 47, 27, 22, '2023-12-20', '2023-12-25', 192);
INSERT INTO Receiving (ReceivingID, TransactionID, ShipmentID, ReceiverCompanyID, ReceivedDate, QuantityReceived) VALUES (9, 21, 9, 22, '2023-12-25', 192);
INSERT INTO InventoryTransaction (TransactionID, Type) VALUES (22, 'Shipping');
INSERT INTO InventoryTransaction (TransactionID, Type) VALUES (23, 'Receiving');
INSERT INTO Shipping (ShipmentID, TransactionID, DistributorID, ProductID, SourceCompanyID, DestinationCompanyID, PromisedDate, ActualDate, Quantity) VALUES (10, 22, 55, 16, 23, 11, '2025-10-04', '2025-10-05', 185);
INSERT INTO Receiving (ReceivingID, TransactionID, ShipmentID, ReceiverCompanyID, ReceivedDate, QuantityReceived) VALUES (10, 23, 10, 11, '2025-10-05', 185);
INSERT INTO InventoryTransaction (TransactionID, Type) VALUES (24, 'Adjustment');
INSERT INTO InventoryAdjustment (AdjustmentID, TransactionID, CompanyID, ProductID, AdjustmentDate, QuantityChange, Reason) VALUES (24, 24, 18, 42, '2020-01-30', 33, 'Present class Democrat ago significant turn north specific.');
INSERT INTO InventoryTransaction (TransactionID, Type) VALUES (25, 'Shipping');
INSERT INTO InventoryTransaction (TransactionID, Type) VALUES (26, 'Receiving');
INSERT INTO Shipping (ShipmentID, TransactionID, DistributorID, ProductID, SourceCompanyID, DestinationCompanyID, PromisedDate, ActualDate, Quantity) VALUES (11, 25, 53, 7, 18, 20, '2023-09-19', '2023-09-24', 130);
INSERT INTO Receiving (ReceivingID, TransactionID, ShipmentID, ReceiverCompanyID, ReceivedDate, QuantityReceived) VALUES (11, 26, 11, 20, '2023-09-24', 130);
INSERT INTO InventoryTransaction (TransactionID, Type) VALUES (27, 'Shipping');
INSERT INTO InventoryTransaction (TransactionID, Type) VALUES (28, 'Receiving');
INSERT INTO Shipping (ShipmentID, TransactionID, DistributorID, ProductID, SourceCompanyID, DestinationCompanyID, PromisedDate, ActualDate, Quantity) VALUES (12, 27, 47, 48, 17, 4, '2024-08-07', '2024-08-09', 228);
INSERT INTO Receiving (ReceivingID, TransactionID, ShipmentID, ReceiverCompanyID, ReceivedDate, QuantityReceived) VALUES (12, 28, 12, 4, '2024-08-09', 228);
INSERT INTO InventoryTransaction (TransactionID, Type) VALUES (29, 'Shipping');
INSERT INTO InventoryTransaction (TransactionID, Type) VALUES (30, 'Receiving');
INSERT INTO Shipping (ShipmentID, TransactionID, DistributorID, ProductID, SourceCompanyID, DestinationCompanyID, PromisedDate, ActualDate, Quantity) VALUES (13, 29, 53, 13, 12, 32, '2025-08-16', '2025-08-17', 403);
INSERT INTO Receiving (ReceivingID, TransactionID, ShipmentID, ReceiverCompanyID, ReceivedDate, QuantityReceived) VALUES (13, 30, 13, 32, '2025-08-17', 403);
INSERT INTO InventoryTransaction (TransactionID, Type) VALUES (31, 'Shipping');
INSERT INTO InventoryTransaction (TransactionID, Type) VALUES (32, 'Receiving');
INSERT INTO Shipping (ShipmentID, TransactionID, DistributorID, ProductID, SourceCompanyID, DestinationCompanyID, PromisedDate, ActualDate, Quantity) VALUES (14, 31, 47, 13, 12, 4, '2020-03-03', '2020-03-08', 34);
INSERT INTO Receiving (ReceivingID, TransactionID, ShipmentID, ReceiverCompanyID, ReceivedDate, QuantityReceived) VALUES (14, 32, 14, 4, '2020-03-08', 34);
INSERT INTO InventoryTransaction (TransactionID, Type) VALUES (33, 'Shipping');
INSERT INTO InventoryTransaction (TransactionID, Type) VALUES (34, 'Receiving');
INSERT INTO Shipping (ShipmentID, TransactionID, DistributorID, ProductID, SourceCompanyID, DestinationCompanyID, PromisedDate, ActualDate, Quantity) VALUES (15, 33, 60, 11, 23, 7, '2020-05-22', '2020-05-25', 87);
INSERT INTO Receiving (ReceivingID, TransactionID, ShipmentID, ReceiverCompanyID, ReceivedDate, QuantityReceived) VALUES (15, 34, 15, 7, '2020-05-25', 87);
INSERT INTO InventoryTransaction (TransactionID, Type) VALUES (35, 'Adjustment');
INSERT INTO InventoryAdjustment (AdjustmentID, TransactionID, CompanyID, ProductID, AdjustmentDate, QuantityChange, Reason) VALUES (35, 35, 53, 36, '2022-07-29', 0, 'Country firm white up party.');
INSERT INTO InventoryTransaction (TransactionID, Type) VALUES (36, 'Shipping');
INSERT INTO InventoryTransaction (TransactionID, Type) VALUES (37, 'Receiving');
INSERT INTO Shipping (ShipmentID, TransactionID, DistributorID, ProductID, SourceCompanyID, DestinationCompanyID, PromisedDate, ActualDate, Quantity) VALUES (16, 36, 58, 46, 2, 41, '2023-01-03', '2023-01-03', 448);
INSERT INTO Receiving (ReceivingID, TransactionID, ShipmentID, ReceiverCompanyID, ReceivedDate, QuantityReceived) VALUES (16, 37, 16, 41, '2023-01-03', 448);
INSERT INTO InventoryTransaction (TransactionID, Type) VALUES (38, 'Shipping');
INSERT INTO InventoryTransaction (TransactionID, Type) VALUES (39, 'Receiving');
INSERT INTO Shipping (ShipmentID, TransactionID, DistributorID, ProductID, SourceCompanyID, DestinationCompanyID, PromisedDate, ActualDate, Quantity) VALUES (17, 38, 59, 17, 26, 32, '2021-02-11', '2021-02-15', 44);
INSERT INTO Receiving (ReceivingID, TransactionID, ShipmentID, ReceiverCompanyID, ReceivedDate, QuantityReceived) VALUES (17, 39, 17, 32, '2021-02-15', 44);
INSERT INTO InventoryTransaction (TransactionID, Type) VALUES (40, 'Adjustment');
INSERT INTO InventoryAdjustment (AdjustmentID, TransactionID, CompanyID, ProductID, AdjustmentDate, QuantityChange, Reason) VALUES (40, 40, 29, 29, '2024-12-05', 41, 'Want dark enough peace occur start personal.');
INSERT INTO InventoryTransaction (TransactionID, Type) VALUES (41, 'Shipping');
INSERT INTO InventoryTransaction (TransactionID, Type) VALUES (42, 'Receiving');
INSERT INTO Shipping (ShipmentID, TransactionID, DistributorID, ProductID, SourceCompanyID, DestinationCompanyID, PromisedDate, ActualDate, Quantity) VALUES (18, 41, 56, 35, 32, 2, '2025-07-11', '2025-07-14', 178);
INSERT INTO Receiving (ReceivingID, TransactionID, ShipmentID, ReceiverCompanyID, ReceivedDate, QuantityReceived) VALUES (18, 42, 18, 2, '2025-07-14', 178);
INSERT INTO InventoryTransaction (TransactionID, Type) VALUES (43, 'Shipping');
INSERT INTO InventoryTransaction (TransactionID, Type) VALUES (44, 'Receiving');
INSERT INTO Shipping (ShipmentID, TransactionID, DistributorID, ProductID, SourceCompanyID, DestinationCompanyID, PromisedDate, ActualDate, Quantity) VALUES (19, 43, 57, 13, 12, 22, '2025-05-24', '2025-05-24', 256);
INSERT INTO Receiving (ReceivingID, TransactionID, ShipmentID, ReceiverCompanyID, ReceivedDate, QuantityReceived) VALUES (19, 44, 19, 22, '2025-05-24', 256);
INSERT INTO InventoryTransaction (TransactionID, Type) VALUES (45, 'Shipping');
INSERT INTO InventoryTransaction (TransactionID, Type) VALUES (46, 'Receiving');
INSERT INTO Shipping (ShipmentID, TransactionID, DistributorID, ProductID, SourceCompanyID, DestinationCompanyID, PromisedDate, ActualDate, Quantity) VALUES (20, 45, 56, 21, 9, 2, '2020-08-15', '2020-08-16', 98);
INSERT INTO Receiving (ReceivingID, TransactionID, ShipmentID, ReceiverCompanyID, ReceivedDate, QuantityReceived) VALUES (20, 46, 20, 2, '2020-08-16', 98);
INSERT INTO InventoryTransaction (TransactionID, Type) VALUES (47, 'Shipping');
INSERT INTO InventoryTransaction (TransactionID, Type) VALUES (48, 'Receiving');
INSERT INTO Shipping (ShipmentID, TransactionID, DistributorID, ProductID, SourceCompanyID, DestinationCompanyID, PromisedDate, ActualDate, Quantity) VALUES (21, 47, 54, 42, 4, 32, '2022-11-10', '2022-11-13', 275);
INSERT INTO Receiving (ReceivingID, TransactionID, ShipmentID, ReceiverCompanyID, ReceivedDate, QuantityReceived) VALUES (21, 48, 21, 32, '2022-11-13', 275);
INSERT INTO InventoryTransaction (TransactionID, Type) VALUES (49, 'Shipping');
INSERT INTO InventoryTransaction (TransactionID, Type) VALUES (50, 'Receiving');
INSERT INTO Shipping (ShipmentID, TransactionID, DistributorID, ProductID, SourceCompanyID, DestinationCompanyID, PromisedDate, ActualDate, Quantity) VALUES (22, 49, 52, 46, 2, 38, '2023-11-15', '2023-11-16', 416);
INSERT INTO Receiving (ReceivingID, TransactionID, ShipmentID, ReceiverCompanyID, ReceivedDate, QuantityReceived) VALUES (22, 50, 22, 38, '2023-11-16', 416);
INSERT INTO InventoryTransaction (TransactionID, Type) VALUES (51, 'Shipping');
INSERT INTO InventoryTransaction (TransactionID, Type) VALUES (52, 'Receiving');
INSERT INTO Shipping (ShipmentID, TransactionID, DistributorID, ProductID, SourceCompanyID, DestinationCompanyID, PromisedDate, ActualDate, Quantity) VALUES (23, 51, 58, 46, 2, 41, '2025-07-19', '2025-07-20', 422);
INSERT INTO Receiving (ReceivingID, TransactionID, ShipmentID, ReceiverCompanyID, ReceivedDate, QuantityReceived) VALUES (23, 52, 23, 41, '2025-07-20', 422);
INSERT INTO InventoryTransaction (TransactionID, Type) VALUES (53, 'Shipping');
INSERT INTO InventoryTransaction (TransactionID, Type) VALUES (54, 'Receiving');
INSERT INTO Shipping (ShipmentID, TransactionID, DistributorID, ProductID, SourceCompanyID, DestinationCompanyID, PromisedDate, ActualDate, Quantity) VALUES (24, 53, 59, 26, 31, 32, '2023-03-07', '2023-03-09', 155);
INSERT INTO Receiving (ReceivingID, TransactionID, ShipmentID, ReceiverCompanyID, ReceivedDate, QuantityReceived) VALUES (24, 54, 24, 32, '2023-03-09', 155);
INSERT INTO InventoryTransaction (TransactionID, Type) VALUES (55, 'Shipping');
INSERT INTO InventoryTransaction (TransactionID, Type) VALUES (56, 'Receiving');
INSERT INTO Shipping (ShipmentID, TransactionID, DistributorID, ProductID, SourceCompanyID, DestinationCompanyID, PromisedDate, ActualDate, Quantity) VALUES (25, 55, 54, 47, 27, 11, '2025-04-03', '2025-04-03', 353);
INSERT INTO Receiving (ReceivingID, TransactionID, ShipmentID, ReceiverCompanyID, ReceivedDate, QuantityReceived) VALUES (25, 56, 25, 11, '2025-04-03', 353);
INSERT INTO InventoryTransaction (TransactionID, Type) VALUES (57, 'Adjustment');
INSERT INTO InventoryAdjustment (AdjustmentID, TransactionID, CompanyID, ProductID, AdjustmentDate, QuantityChange, Reason) VALUES (57, 57, 21, 50, '2020-12-18', 12, 'Wife really green score maybe.');
INSERT INTO InventoryTransaction (TransactionID, Type) VALUES (58, 'Shipping');
INSERT INTO InventoryTransaction (TransactionID, Type) VALUES (59, 'Receiving');
INSERT INTO Shipping (ShipmentID, TransactionID, DistributorID, ProductID, SourceCompanyID, DestinationCompanyID, PromisedDate, ActualDate, Quantity) VALUES (26, 58, 53, 49, 6, 4, '2025-11-17', '2025-11-20', 161);
INSERT INTO Receiving (ReceivingID, TransactionID, ShipmentID, ReceiverCompanyID, ReceivedDate, QuantityReceived) VALUES (26, 59, 26, 4, '2025-11-20', 161);
INSERT INTO InventoryTransaction (TransactionID, Type) VALUES (60, 'Adjustment');
INSERT INTO InventoryAdjustment (AdjustmentID, TransactionID, CompanyID, ProductID, AdjustmentDate, QuantityChange, Reason) VALUES (60, 60, 36, 13, '2025-02-04', 3, 'Personal social bring even.');
INSERT INTO InventoryTransaction (TransactionID, Type) VALUES (61, 'Shipping');
INSERT INTO InventoryTransaction (TransactionID, Type) VALUES (62, 'Receiving');
INSERT INTO Shipping (ShipmentID, TransactionID, DistributorID, ProductID, SourceCompanyID, DestinationCompanyID, PromisedDate, ActualDate, Quantity) VALUES (27, 61, 48, 20, 11, 4, '2022-03-25', '2022-03-29', 211);
INSERT INTO Receiving (ReceivingID, TransactionID, ShipmentID, ReceiverCompanyID, ReceivedDate, QuantityReceived) VALUES (27, 62, 27, 4, '2022-03-29', 211);
INSERT INTO InventoryTransaction (TransactionID, Type) VALUES (63, 'Shipping');
INSERT INTO InventoryTransaction (TransactionID, Type) VALUES (64, 'Receiving');
INSERT INTO Shipping (ShipmentID, TransactionID, DistributorID, ProductID, SourceCompanyID, DestinationCompanyID, PromisedDate, ActualDate, Quantity) VALUES (28, 63, 54, 20, 4, 40, '2020-06-18', '2020-06-18', 341);
INSERT INTO Receiving (ReceivingID, TransactionID, ShipmentID, ReceiverCompanyID, ReceivedDate, QuantityReceived) VALUES (28, 64, 28, 40, '2020-06-18', 341);
INSERT INTO InventoryTransaction (TransactionID, Type) VALUES (65, 'Shipping');
INSERT INTO InventoryTransaction (TransactionID, Type) VALUES (66, 'Receiving');
INSERT INTO Shipping (ShipmentID, TransactionID, DistributorID, ProductID, SourceCompanyID, DestinationCompanyID, PromisedDate, ActualDate, Quantity) VALUES (29, 65, 53, 28, 26, 14, '2022-05-18', '2022-05-19', 151);
INSERT INTO Receiving (ReceivingID, TransactionID, ShipmentID, ReceiverCompanyID, ReceivedDate, QuantityReceived) VALUES (29, 66, 29, 14, '2022-05-19', 151);
INSERT INTO InventoryTransaction (TransactionID, Type) VALUES (67, 'Shipping');
INSERT INTO InventoryTransaction (TransactionID, Type) VALUES (68, 'Receiving');
INSERT INTO Shipping (ShipmentID, TransactionID, DistributorID, ProductID, SourceCompanyID, DestinationCompanyID, PromisedDate, ActualDate, Quantity) VALUES (30, 67, 58, 18, 4, 6, '2021-01-12', '2021-01-17', 383);
INSERT INTO Receiving (ReceivingID, TransactionID, ShipmentID, ReceiverCompanyID, ReceivedDate, QuantityReceived) VALUES (30, 68, 30, 6, '2021-01-17', 383);
INSERT INTO InventoryTransaction (TransactionID, Type) VALUES (69, 'Shipping');
INSERT INTO InventoryTransaction (TransactionID, Type) VALUES (70, 'Receiving');
INSERT INTO Shipping (ShipmentID, TransactionID, DistributorID, ProductID, SourceCompanyID, DestinationCompanyID, PromisedDate, ActualDate, Quantity) VALUES (31, 69, 50, 49, 6, 41, '2023-11-06', '2023-11-08', 298);
INSERT INTO Receiving (ReceivingID, TransactionID, ShipmentID, ReceiverCompanyID, ReceivedDate, QuantityReceived) VALUES (31, 70, 31, 41, '2023-11-08', 298);
INSERT INTO InventoryTransaction (TransactionID, Type) VALUES (71, 'Shipping');
INSERT INTO InventoryTransaction (TransactionID, Type) VALUES (72, 'Receiving');
INSERT INTO Shipping (ShipmentID, TransactionID, DistributorID, ProductID, SourceCompanyID, DestinationCompanyID, PromisedDate, ActualDate, Quantity) VALUES (32, 71, 60, 48, 17, 8, '2022-11-16', '2022-11-19', 315);
INSERT INTO Receiving (ReceivingID, TransactionID, ShipmentID, ReceiverCompanyID, ReceivedDate, QuantityReceived) VALUES (32, 72, 32, 8, '2022-11-19', 315);
INSERT INTO InventoryTransaction (TransactionID, Type) VALUES (73, 'Shipping');
INSERT INTO InventoryTransaction (TransactionID, Type) VALUES (74, 'Receiving');
INSERT INTO Shipping (ShipmentID, TransactionID, DistributorID, ProductID, SourceCompanyID, DestinationCompanyID, PromisedDate, ActualDate, Quantity) VALUES (33, 73, 56, 18, 4, 41, '2025-09-14', '2025-09-15', 336);
INSERT INTO Receiving (ReceivingID, TransactionID, ShipmentID, ReceiverCompanyID, ReceivedDate, QuantityReceived) VALUES (33, 74, 33, 41, '2025-09-15', 336);
INSERT INTO InventoryTransaction (TransactionID, Type) VALUES (75, 'Shipping');
INSERT INTO InventoryTransaction (TransactionID, Type) VALUES (76, 'Receiving');
INSERT INTO Shipping (ShipmentID, TransactionID, DistributorID, ProductID, SourceCompanyID, DestinationCompanyID, PromisedDate, ActualDate, Quantity) VALUES (34, 75, 57, 6, 4, 32, '2021-02-26', '2021-02-27', 28);
INSERT INTO Receiving (ReceivingID, TransactionID, ShipmentID, ReceiverCompanyID, ReceivedDate, QuantityReceived) VALUES (34, 76, 34, 32, '2021-02-27', 28);
INSERT INTO InventoryTransaction (TransactionID, Type) VALUES (77, 'Adjustment');
INSERT INTO InventoryAdjustment (AdjustmentID, TransactionID, CompanyID, ProductID, AdjustmentDate, QuantityChange, Reason) VALUES (77, 77, 38, 45, '2024-04-30', 38, 'Those black measure century business appear other.');
INSERT INTO InventoryTransaction (TransactionID, Type) VALUES (78, 'Shipping');
INSERT INTO InventoryTransaction (TransactionID, Type) VALUES (79, 'Receiving');
INSERT INTO Shipping (ShipmentID, TransactionID, DistributorID, ProductID, SourceCompanyID, DestinationCompanyID, PromisedDate, ActualDate, Quantity) VALUES (35, 78, 51, 19, 8, 11, '2025-08-08', '2025-08-10', 89);
INSERT INTO Receiving (ReceivingID, TransactionID, ShipmentID, ReceiverCompanyID, ReceivedDate, QuantityReceived) VALUES (35, 79, 35, 11, '2025-08-10', 89);
INSERT INTO InventoryTransaction (TransactionID, Type) VALUES (80, 'Shipping');
INSERT INTO InventoryTransaction (TransactionID, Type) VALUES (81, 'Receiving');
INSERT INTO Shipping (ShipmentID, TransactionID, DistributorID, ProductID, SourceCompanyID, DestinationCompanyID, PromisedDate, ActualDate, Quantity) VALUES (36, 80, 49, 50, 7, 24, '2020-10-31', '2020-11-04', 149);
INSERT INTO Receiving (ReceivingID, TransactionID, ShipmentID, ReceiverCompanyID, ReceivedDate, QuantityReceived) VALUES (36, 81, 36, 24, '2020-11-04', 149);
INSERT INTO InventoryTransaction (TransactionID, Type) VALUES (82, 'Shipping');
INSERT INTO InventoryTransaction (TransactionID, Type) VALUES (83, 'Receiving');
INSERT INTO Shipping (ShipmentID, TransactionID, DistributorID, ProductID, SourceCompanyID, DestinationCompanyID, PromisedDate, ActualDate, Quantity) VALUES (37, 82, 45, 26, 31, 36, '2023-06-11', '2023-06-14', 37);
INSERT INTO Receiving (ReceivingID, TransactionID, ShipmentID, ReceiverCompanyID, ReceivedDate, QuantityReceived) VALUES (37, 83, 37, 36, '2023-06-14', 37);
INSERT INTO InventoryTransaction (TransactionID, Type) VALUES (84, 'Shipping');
INSERT INTO InventoryTransaction (TransactionID, Type) VALUES (85, 'Receiving');
INSERT INTO Shipping (ShipmentID, TransactionID, DistributorID, ProductID, SourceCompanyID, DestinationCompanyID, PromisedDate, ActualDate, Quantity) VALUES (38, 84, 60, 36, 10, 29, '2022-11-12', '2022-11-17', 231);
INSERT INTO Receiving (ReceivingID, TransactionID, ShipmentID, ReceiverCompanyID, ReceivedDate, QuantityReceived) VALUES (38, 85, 38, 29, '2022-11-17', 231);
INSERT INTO InventoryTransaction (TransactionID, Type) VALUES (86, 'Shipping');
INSERT INTO InventoryTransaction (TransactionID, Type) VALUES (87, 'Receiving');
INSERT INTO Shipping (ShipmentID, TransactionID, DistributorID, ProductID, SourceCompanyID, DestinationCompanyID, PromisedDate, ActualDate, Quantity) VALUES (39, 86, 49, 39, 14, 8, '2022-09-28', '2022-09-28', 112);
INSERT INTO Receiving (ReceivingID, TransactionID, ShipmentID, ReceiverCompanyID, ReceivedDate, QuantityReceived) VALUES (39, 87, 39, 8, '2022-09-28', 112);
INSERT INTO InventoryTransaction (TransactionID, Type) VALUES (88, 'Shipping');
INSERT INTO InventoryTransaction (TransactionID, Type) VALUES (89, 'Receiving');
INSERT INTO Shipping (ShipmentID, TransactionID, DistributorID, ProductID, SourceCompanyID, DestinationCompanyID, PromisedDate, ActualDate, Quantity) VALUES (40, 88, 53, 15, 22, 28, '2025-04-25', '2025-04-28', 128);
INSERT INTO Receiving (ReceivingID, TransactionID, ShipmentID, ReceiverCompanyID, ReceivedDate, QuantityReceived) VALUES (40, 89, 40, 28, '2025-04-28', 128);
INSERT INTO InventoryTransaction (TransactionID, Type) VALUES (90, 'Shipping');
INSERT INTO InventoryTransaction (TransactionID, Type) VALUES (91, 'Receiving');
INSERT INTO Shipping (ShipmentID, TransactionID, DistributorID, ProductID, SourceCompanyID, DestinationCompanyID, PromisedDate, ActualDate, Quantity) VALUES (41, 90, 57, 13, 12, 26, '2021-01-19', '2021-01-19', 1);
INSERT INTO Receiving (ReceivingID, TransactionID, ShipmentID, ReceiverCompanyID, ReceivedDate, QuantityReceived) VALUES (41, 91, 41, 26, '2021-01-19', 1);
INSERT INTO InventoryTransaction (TransactionID, Type) VALUES (92, 'Shipping');
INSERT INTO InventoryTransaction (TransactionID, Type) VALUES (93, 'Receiving');
INSERT INTO Shipping (ShipmentID, TransactionID, DistributorID, ProductID, SourceCompanyID, DestinationCompanyID, PromisedDate, ActualDate, Quantity) VALUES (42, 92, 45, 48, 17, 22, '2025-08-27', '2025-09-01', 380);
INSERT INTO Receiving (ReceivingID, TransactionID, ShipmentID, ReceiverCompanyID, ReceivedDate, QuantityReceived) VALUES (42, 93, 42, 22, '2025-09-01', 380);
INSERT INTO InventoryTransaction (TransactionID, Type) VALUES (94, 'Shipping');
INSERT INTO InventoryTransaction (TransactionID, Type) VALUES (95, 'Receiving');
INSERT INTO Shipping (ShipmentID, TransactionID, DistributorID, ProductID, SourceCompanyID, DestinationCompanyID, PromisedDate, ActualDate, Quantity) VALUES (43, 94, 60, 7, 18, 30, '2023-02-13', '2023-02-16', 353);
INSERT INTO Receiving (ReceivingID, TransactionID, ShipmentID, ReceiverCompanyID, ReceivedDate, QuantityReceived) VALUES (43, 95, 43, 30, '2023-02-16', 353);
INSERT INTO InventoryTransaction (TransactionID, Type) VALUES (96, 'Shipping');
INSERT INTO InventoryTransaction (TransactionID, Type) VALUES (97, 'Receiving');
INSERT INTO Shipping (ShipmentID, TransactionID, DistributorID, ProductID, SourceCompanyID, DestinationCompanyID, PromisedDate, ActualDate, Quantity) VALUES (44, 96, 45, 20, 11, 40, '2025-10-05', '2025-10-10', 373);
INSERT INTO Receiving (ReceivingID, TransactionID, ShipmentID, ReceiverCompanyID, ReceivedDate, QuantityReceived) VALUES (44, 97, 44, 40, '2025-10-10', 373);
INSERT INTO InventoryTransaction (TransactionID, Type) VALUES (98, 'Shipping');
INSERT INTO InventoryTransaction (TransactionID, Type) VALUES (99, 'Receiving');
INSERT INTO Shipping (ShipmentID, TransactionID, DistributorID, ProductID, SourceCompanyID, DestinationCompanyID, PromisedDate, ActualDate, Quantity) VALUES (45, 98, 46, 15, 3, 24, '2022-09-05', '2022-09-05', 204);
INSERT INTO Receiving (ReceivingID, TransactionID, ShipmentID, ReceiverCompanyID, ReceivedDate, QuantityReceived) VALUES (45, 99, 45, 24, '2022-09-05', 204);
INSERT INTO InventoryTransaction (TransactionID, Type) VALUES (100, 'Shipping');
INSERT INTO InventoryTransaction (TransactionID, Type) VALUES (101, 'Receiving');
INSERT INTO Shipping (ShipmentID, TransactionID, DistributorID, ProductID, SourceCompanyID, DestinationCompanyID, PromisedDate, ActualDate, Quantity) VALUES (46, 100, 52, 49, 6, 11, '2023-06-30', '2023-07-05', 117);
INSERT INTO Receiving (ReceivingID, TransactionID, ShipmentID, ReceiverCompanyID, ReceivedDate, QuantityReceived) VALUES (46, 101, 46, 11, '2023-07-05', 117);
INSERT INTO InventoryTransaction (TransactionID, Type) VALUES (102, 'Shipping');
INSERT INTO InventoryTransaction (TransactionID, Type) VALUES (103, 'Receiving');
INSERT INTO Shipping (ShipmentID, TransactionID, DistributorID, ProductID, SourceCompanyID, DestinationCompanyID, PromisedDate, ActualDate, Quantity) VALUES (47, 102, 47, 50, 7, 17, '2023-09-17', '2023-09-17', 442);
INSERT INTO Receiving (ReceivingID, TransactionID, ShipmentID, ReceiverCompanyID, ReceivedDate, QuantityReceived) VALUES (47, 103, 47, 17, '2023-09-17', 442);
INSERT INTO InventoryTransaction (TransactionID, Type) VALUES (104, 'Adjustment');
INSERT INTO InventoryAdjustment (AdjustmentID, TransactionID, CompanyID, ProductID, AdjustmentDate, QuantityChange, Reason) VALUES (104, 104, 13, 9, '2024-06-23', 0, 'Prepare decision dream major.');
INSERT INTO InventoryTransaction (TransactionID, Type) VALUES (105, 'Shipping');
INSERT INTO InventoryTransaction (TransactionID, Type) VALUES (106, 'Receiving');
INSERT INTO Shipping (ShipmentID, TransactionID, DistributorID, ProductID, SourceCompanyID, DestinationCompanyID, PromisedDate, ActualDate, Quantity) VALUES (48, 105, 57, 24, 20, 6, '2024-01-14', '2024-01-15', 411);
INSERT INTO Receiving (ReceivingID, TransactionID, ShipmentID, ReceiverCompanyID, ReceivedDate, QuantityReceived) VALUES (48, 106, 48, 6, '2024-01-15', 411);
INSERT INTO InventoryTransaction (TransactionID, Type) VALUES (107, 'Shipping');
INSERT INTO InventoryTransaction (TransactionID, Type) VALUES (108, 'Receiving');
INSERT INTO Shipping (ShipmentID, TransactionID, DistributorID, ProductID, SourceCompanyID, DestinationCompanyID, PromisedDate, ActualDate, Quantity) VALUES (49, 107, 59, 49, 6, 41, '2022-04-01', '2022-04-01', 249);
INSERT INTO Receiving (ReceivingID, TransactionID, ShipmentID, ReceiverCompanyID, ReceivedDate, QuantityReceived) VALUES (49, 108, 49, 41, '2022-04-01', 249);
INSERT INTO InventoryTransaction (TransactionID, Type) VALUES (109, 'Shipping');
INSERT INTO InventoryTransaction (TransactionID, Type) VALUES (110, 'Receiving');
INSERT INTO Shipping (ShipmentID, TransactionID, DistributorID, ProductID, SourceCompanyID, DestinationCompanyID, PromisedDate, ActualDate, Quantity) VALUES (50, 109, 52, 30, 34, 16, '2024-08-20', '2024-08-23', 160);
INSERT INTO Receiving (ReceivingID, TransactionID, ShipmentID, ReceiverCompanyID, ReceivedDate, QuantityReceived) VALUES (50, 110, 50, 16, '2024-08-23', 160);
INSERT INTO InventoryTransaction (TransactionID, Type) VALUES (111, 'Adjustment');
INSERT INTO InventoryAdjustment (AdjustmentID, TransactionID, CompanyID, ProductID, AdjustmentDate, QuantityChange, Reason) VALUES (111, 111, 32, 30, '2021-12-23', 0, 'Whose set go eight voice.');
INSERT INTO InventoryTransaction (TransactionID, Type) VALUES (112, 'Shipping');
INSERT INTO InventoryTransaction (TransactionID, Type) VALUES (113, 'Receiving');
INSERT INTO Shipping (ShipmentID, TransactionID, DistributorID, ProductID, SourceCompanyID, DestinationCompanyID, PromisedDate, ActualDate, Quantity) VALUES (51, 112, 50, 16, 23, 11, '2022-10-12', '2022-10-13', 210);
INSERT INTO Receiving (ReceivingID, TransactionID, ShipmentID, ReceiverCompanyID, ReceivedDate, QuantityReceived) VALUES (51, 113, 51, 11, '2022-10-13', 210);
INSERT INTO InventoryTransaction (TransactionID, Type) VALUES (114, 'Shipping');
INSERT INTO InventoryTransaction (TransactionID, Type) VALUES (115, 'Receiving');
INSERT INTO Shipping (ShipmentID, TransactionID, DistributorID, ProductID, SourceCompanyID, DestinationCompanyID, PromisedDate, ActualDate, Quantity) VALUES (52, 114, 49, 18, 2, 6, '2023-01-02', '2023-01-04', 487);
INSERT INTO Receiving (ReceivingID, TransactionID, ShipmentID, ReceiverCompanyID, ReceivedDate, QuantityReceived) VALUES (52, 115, 52, 6, '2023-01-04', 487);
INSERT INTO InventoryTransaction (TransactionID, Type) VALUES (116, 'Adjustment');
INSERT INTO InventoryAdjustment (AdjustmentID, TransactionID, CompanyID, ProductID, AdjustmentDate, QuantityChange, Reason) VALUES (116, 116, 56, 31, '2023-06-27', 46, 'See call less lawyer security task discuss.');
INSERT INTO InventoryTransaction (TransactionID, Type) VALUES (117, 'Shipping');
INSERT INTO InventoryTransaction (TransactionID, Type) VALUES (118, 'Receiving');
INSERT INTO Shipping (ShipmentID, TransactionID, DistributorID, ProductID, SourceCompanyID, DestinationCompanyID, PromisedDate, ActualDate, Quantity) VALUES (53, 117, 58, 36, 10, 18, '2025-06-26', '2025-06-26', 14);
INSERT INTO Receiving (ReceivingID, TransactionID, ShipmentID, ReceiverCompanyID, ReceivedDate, QuantityReceived) VALUES (53, 118, 53, 18, '2025-06-26', 14);
INSERT INTO InventoryTransaction (TransactionID, Type) VALUES (119, 'Shipping');
INSERT INTO InventoryTransaction (TransactionID, Type) VALUES (120, 'Receiving');
INSERT INTO Shipping (ShipmentID, TransactionID, DistributorID, ProductID, SourceCompanyID, DestinationCompanyID, PromisedDate, ActualDate, Quantity) VALUES (54, 119, 47, 11, 23, 8, '2022-07-23', '2022-07-25', 491);
INSERT INTO Receiving (ReceivingID, TransactionID, ShipmentID, ReceiverCompanyID, ReceivedDate, QuantityReceived) VALUES (54, 120, 54, 8, '2022-07-25', 491);
INSERT INTO InventoryTransaction (TransactionID, Type) VALUES (121, 'Shipping');
INSERT INTO InventoryTransaction (TransactionID, Type) VALUES (122, 'Receiving');
INSERT INTO Shipping (ShipmentID, TransactionID, DistributorID, ProductID, SourceCompanyID, DestinationCompanyID, PromisedDate, ActualDate, Quantity) VALUES (55, 121, 55, 5, 22, 3, '2022-03-25', '2022-03-26', 250);
INSERT INTO Receiving (ReceivingID, TransactionID, ShipmentID, ReceiverCompanyID, ReceivedDate, QuantityReceived) VALUES (55, 122, 55, 3, '2022-03-26', 250);
INSERT INTO InventoryTransaction (TransactionID, Type) VALUES (123, 'Shipping');
INSERT INTO InventoryTransaction (TransactionID, Type) VALUES (124, 'Receiving');
INSERT INTO Shipping (ShipmentID, TransactionID, DistributorID, ProductID, SourceCompanyID, DestinationCompanyID, PromisedDate, ActualDate, Quantity) VALUES (56, 123, 45, 36, 13, 9, '2020-04-28', '2020-04-30', 227);
INSERT INTO Receiving (ReceivingID, TransactionID, ShipmentID, ReceiverCompanyID, ReceivedDate, QuantityReceived) VALUES (56, 124, 56, 9, '2020-04-30', 227);
INSERT INTO InventoryTransaction (TransactionID, Type) VALUES (125, 'Shipping');
INSERT INTO InventoryTransaction (TransactionID, Type) VALUES (126, 'Receiving');
INSERT INTO Shipping (ShipmentID, TransactionID, DistributorID, ProductID, SourceCompanyID, DestinationCompanyID, PromisedDate, ActualDate, Quantity) VALUES (57, 125, 50, 27, 28, 8, '2023-06-04', '2023-06-04', 384);
INSERT INTO Receiving (ReceivingID, TransactionID, ShipmentID, ReceiverCompanyID, ReceivedDate, QuantityReceived) VALUES (57, 126, 57, 8, '2023-06-04', 384);
INSERT INTO InventoryTransaction (TransactionID, Type) VALUES (127, 'Adjustment');
INSERT INTO InventoryAdjustment (AdjustmentID, TransactionID, CompanyID, ProductID, AdjustmentDate, QuantityChange, Reason) VALUES (127, 127, 54, 27, '2022-03-04', 0, 'Energy also outside ahead it.');
INSERT INTO InventoryTransaction (TransactionID, Type) VALUES (128, 'Shipping');
INSERT INTO InventoryTransaction (TransactionID, Type) VALUES (129, 'Receiving');
INSERT INTO Shipping (ShipmentID, TransactionID, DistributorID, ProductID, SourceCompanyID, DestinationCompanyID, PromisedDate, ActualDate, Quantity) VALUES (58, 128, 54, 10, 6, 42, '2020-12-19', '2020-12-20', 215);
INSERT INTO Receiving (ReceivingID, TransactionID, ShipmentID, ReceiverCompanyID, ReceivedDate, QuantityReceived) VALUES (58, 129, 58, 42, '2020-12-20', 215);
INSERT INTO InventoryTransaction (TransactionID, Type) VALUES (130, 'Shipping');
INSERT INTO InventoryTransaction (TransactionID, Type) VALUES (131, 'Receiving');
INSERT INTO Shipping (ShipmentID, TransactionID, DistributorID, ProductID, SourceCompanyID, DestinationCompanyID, PromisedDate, ActualDate, Quantity) VALUES (59, 130, 59, 5, 22, 23, '2023-04-18', '2023-04-21', 180);
INSERT INTO Receiving (ReceivingID, TransactionID, ShipmentID, ReceiverCompanyID, ReceivedDate, QuantityReceived) VALUES (59, 131, 59, 23, '2023-04-21', 180);
INSERT INTO InventoryTransaction (TransactionID, Type) VALUES (132, 'Shipping');
INSERT INTO InventoryTransaction (TransactionID, Type) VALUES (133, 'Receiving');
INSERT INTO Shipping (ShipmentID, TransactionID, DistributorID, ProductID, SourceCompanyID, DestinationCompanyID, PromisedDate, ActualDate, Quantity) VALUES (60, 132, 60, 30, 21, 31, '2023-11-19', '2023-11-20', 92);
INSERT INTO Receiving (ReceivingID, TransactionID, ShipmentID, ReceiverCompanyID, ReceivedDate, QuantityReceived) VALUES (60, 133, 60, 31, '2023-11-20', 92);
INSERT INTO InventoryTransaction (TransactionID, Type) VALUES (134, 'Shipping');
INSERT INTO InventoryTransaction (TransactionID, Type) VALUES (135, 'Receiving');
INSERT INTO Shipping (ShipmentID, TransactionID, DistributorID, ProductID, SourceCompanyID, DestinationCompanyID, PromisedDate, ActualDate, Quantity) VALUES (61, 134, 49, 37, 34, 21, '2020-01-11', '2020-01-16', 438);
INSERT INTO Receiving (ReceivingID, TransactionID, ShipmentID, ReceiverCompanyID, ReceivedDate, QuantityReceived) VALUES (61, 135, 61, 21, '2020-01-16', 438);
INSERT INTO InventoryTransaction (TransactionID, Type) VALUES (136, 'Shipping');
INSERT INTO InventoryTransaction (TransactionID, Type) VALUES (137, 'Receiving');
INSERT INTO Shipping (ShipmentID, TransactionID, DistributorID, ProductID, SourceCompanyID, DestinationCompanyID, PromisedDate, ActualDate, Quantity) VALUES (62, 136, 55, 33, 6, 38, '2024-11-03', '2024-11-08', 89);
INSERT INTO Receiving (ReceivingID, TransactionID, ShipmentID, ReceiverCompanyID, ReceivedDate, QuantityReceived) VALUES (62, 137, 62, 38, '2024-11-08', 89);
INSERT INTO InventoryTransaction (TransactionID, Type) VALUES (138, 'Shipping');
INSERT INTO InventoryTransaction (TransactionID, Type) VALUES (139, 'Receiving');
INSERT INTO Shipping (ShipmentID, TransactionID, DistributorID, ProductID, SourceCompanyID, DestinationCompanyID, PromisedDate, ActualDate, Quantity) VALUES (63, 138, 59, 1, 4, 39, '2022-09-13', '2022-09-17', 359);
INSERT INTO Receiving (ReceivingID, TransactionID, ShipmentID, ReceiverCompanyID, ReceivedDate, QuantityReceived) VALUES (63, 139, 63, 39, '2022-09-17', 359);
INSERT INTO InventoryTransaction (TransactionID, Type) VALUES (140, 'Shipping');
INSERT INTO InventoryTransaction (TransactionID, Type) VALUES (141, 'Receiving');
INSERT INTO Shipping (ShipmentID, TransactionID, DistributorID, ProductID, SourceCompanyID, DestinationCompanyID, PromisedDate, ActualDate, Quantity) VALUES (64, 140, 48, 14, 14, 15, '2022-03-31', '2022-04-02', 136);
INSERT INTO Receiving (ReceivingID, TransactionID, ShipmentID, ReceiverCompanyID, ReceivedDate, QuantityReceived) VALUES (64, 141, 64, 15, '2022-04-02', 136);
INSERT INTO InventoryTransaction (TransactionID, Type) VALUES (142, 'Adjustment');
INSERT INTO InventoryAdjustment (AdjustmentID, TransactionID, CompanyID, ProductID, AdjustmentDate, QuantityChange, Reason) VALUES (142, 142, 35, 14, '2021-12-18', 0, 'Dark teacher threat face.');
INSERT INTO InventoryTransaction (TransactionID, Type) VALUES (143, 'Shipping');
INSERT INTO InventoryTransaction (TransactionID, Type) VALUES (144, 'Receiving');
INSERT INTO Shipping (ShipmentID, TransactionID, DistributorID, ProductID, SourceCompanyID, DestinationCompanyID, PromisedDate, ActualDate, Quantity) VALUES (65, 143, 46, 27, 28, 15, '2023-03-23', '2023-03-24', 375);
INSERT INTO Receiving (ReceivingID, TransactionID, ShipmentID, ReceiverCompanyID, ReceivedDate, QuantityReceived) VALUES (65, 144, 65, 15, '2023-03-24', 375);
INSERT INTO InventoryTransaction (TransactionID, Type) VALUES (145, 'Shipping');
INSERT INTO InventoryTransaction (TransactionID, Type) VALUES (146, 'Receiving');
INSERT INTO Shipping (ShipmentID, TransactionID, DistributorID, ProductID, SourceCompanyID, DestinationCompanyID, PromisedDate, ActualDate, Quantity) VALUES (66, 145, 50, 26, 31, 6, '2021-08-29', '2021-09-03', 401);
INSERT INTO Receiving (ReceivingID, TransactionID, ShipmentID, ReceiverCompanyID, ReceivedDate, QuantityReceived) VALUES (66, 146, 66, 6, '2021-09-03', 401);
INSERT INTO InventoryTransaction (TransactionID, Type) VALUES (147, 'Shipping');
INSERT INTO InventoryTransaction (TransactionID, Type) VALUES (148, 'Receiving');
INSERT INTO Shipping (ShipmentID, TransactionID, DistributorID, ProductID, SourceCompanyID, DestinationCompanyID, PromisedDate, ActualDate, Quantity) VALUES (67, 147, 51, 10, 6, 42, '2025-05-09', '2025-05-13', 143);
INSERT INTO Receiving (ReceivingID, TransactionID, ShipmentID, ReceiverCompanyID, ReceivedDate, QuantityReceived) VALUES (67, 148, 67, 42, '2025-05-13', 143);
INSERT INTO InventoryTransaction (TransactionID, Type) VALUES (149, 'Shipping');
INSERT INTO InventoryTransaction (TransactionID, Type) VALUES (150, 'Receiving');
INSERT INTO Shipping (ShipmentID, TransactionID, DistributorID, ProductID, SourceCompanyID, DestinationCompanyID, PromisedDate, ActualDate, Quantity) VALUES (68, 149, 50, 20, 11, 9, '2023-08-18', '2023-08-18', 407);
INSERT INTO Receiving (ReceivingID, TransactionID, ShipmentID, ReceiverCompanyID, ReceivedDate, QuantityReceived) VALUES (68, 150, 68, 9, '2023-08-18', 407);
INSERT INTO InventoryTransaction (TransactionID, Type) VALUES (151, 'Adjustment');
INSERT INTO InventoryAdjustment (AdjustmentID, TransactionID, CompanyID, ProductID, AdjustmentDate, QuantityChange, Reason) VALUES (151, 151, 10, 7, '2021-08-19', 17, 'Real provide bill.');
INSERT INTO InventoryTransaction (TransactionID, Type) VALUES (152, 'Adjustment');
INSERT INTO InventoryAdjustment (AdjustmentID, TransactionID, CompanyID, ProductID, AdjustmentDate, QuantityChange, Reason) VALUES (152, 152, 39, 46, '2021-09-08', 15, 'New system support time tonight federal.');
INSERT INTO InventoryTransaction (TransactionID, Type) VALUES (153, 'Shipping');
INSERT INTO InventoryTransaction (TransactionID, Type) VALUES (154, 'Receiving');
INSERT INTO Shipping (ShipmentID, TransactionID, DistributorID, ProductID, SourceCompanyID, DestinationCompanyID, PromisedDate, ActualDate, Quantity) VALUES (69, 153, 57, 44, 2, 38, '2025-02-24', '2025-03-01', 419);
INSERT INTO Receiving (ReceivingID, TransactionID, ShipmentID, ReceiverCompanyID, ReceivedDate, QuantityReceived) VALUES (69, 154, 69, 38, '2025-03-01', 419);
INSERT INTO InventoryTransaction (TransactionID, Type) VALUES (155, 'Shipping');
INSERT INTO InventoryTransaction (TransactionID, Type) VALUES (156, 'Receiving');
INSERT INTO Shipping (ShipmentID, TransactionID, DistributorID, ProductID, SourceCompanyID, DestinationCompanyID, PromisedDate, ActualDate, Quantity) VALUES (70, 155, 55, 11, 23, 7, '2025-11-16', '2025-11-21', 196);
INSERT INTO Receiving (ReceivingID, TransactionID, ShipmentID, ReceiverCompanyID, ReceivedDate, QuantityReceived) VALUES (70, 156, 70, 7, '2025-11-21', 196);
INSERT INTO InventoryTransaction (TransactionID, Type) VALUES (157, 'Shipping');
INSERT INTO InventoryTransaction (TransactionID, Type) VALUES (158, 'Receiving');
INSERT INTO Shipping (ShipmentID, TransactionID, DistributorID, ProductID, SourceCompanyID, DestinationCompanyID, PromisedDate, ActualDate, Quantity) VALUES (71, 157, 45, 47, 19, 23, '2024-04-12', '2024-04-13', 423);
INSERT INTO Receiving (ReceivingID, TransactionID, ShipmentID, ReceiverCompanyID, ReceivedDate, QuantityReceived) VALUES (71, 158, 71, 23, '2024-04-13', 423);
INSERT INTO InventoryTransaction (TransactionID, Type) VALUES (159, 'Shipping');
INSERT INTO InventoryTransaction (TransactionID, Type) VALUES (160, 'Receiving');
INSERT INTO Shipping (ShipmentID, TransactionID, DistributorID, ProductID, SourceCompanyID, DestinationCompanyID, PromisedDate, ActualDate, Quantity) VALUES (72, 159, 48, 27, 28, 4, '2024-01-20', '2024-01-22', 335);
INSERT INTO Receiving (ReceivingID, TransactionID, ShipmentID, ReceiverCompanyID, ReceivedDate, QuantityReceived) VALUES (72, 160, 72, 4, '2024-01-22', 335);
INSERT INTO InventoryTransaction (TransactionID, Type) VALUES (161, 'Shipping');
INSERT INTO InventoryTransaction (TransactionID, Type) VALUES (162, 'Receiving');
INSERT INTO Shipping (ShipmentID, TransactionID, DistributorID, ProductID, SourceCompanyID, DestinationCompanyID, PromisedDate, ActualDate, Quantity) VALUES (73, 161, 49, 36, 13, 25, '2025-04-05', '2025-04-07', 488);
INSERT INTO Receiving (ReceivingID, TransactionID, ShipmentID, ReceiverCompanyID, ReceivedDate, QuantityReceived) VALUES (73, 162, 73, 25, '2025-04-07', 488);
INSERT INTO InventoryTransaction (TransactionID, Type) VALUES (163, 'Shipping');
INSERT INTO InventoryTransaction (TransactionID, Type) VALUES (164, 'Receiving');
INSERT INTO Shipping (ShipmentID, TransactionID, DistributorID, ProductID, SourceCompanyID, DestinationCompanyID, PromisedDate, ActualDate, Quantity) VALUES (74, 163, 57, 19, 8, 14, '2021-10-17', '2021-10-19', 163);
INSERT INTO Receiving (ReceivingID, TransactionID, ShipmentID, ReceiverCompanyID, ReceivedDate, QuantityReceived) VALUES (74, 164, 74, 14, '2021-10-19', 163);
INSERT INTO InventoryTransaction (TransactionID, Type) VALUES (165, 'Shipping');
INSERT INTO InventoryTransaction (TransactionID, Type) VALUES (166, 'Receiving');
INSERT INTO Shipping (ShipmentID, TransactionID, DistributorID, ProductID, SourceCompanyID, DestinationCompanyID, PromisedDate, ActualDate, Quantity) VALUES (75, 165, 48, 23, 24, 9, '2022-11-15', '2022-11-18', 409);
INSERT INTO Receiving (ReceivingID, TransactionID, ShipmentID, ReceiverCompanyID, ReceivedDate, QuantityReceived) VALUES (75, 166, 75, 9, '2022-11-18', 409);
INSERT INTO InventoryTransaction (TransactionID, Type) VALUES (167, 'Shipping');
INSERT INTO InventoryTransaction (TransactionID, Type) VALUES (168, 'Receiving');
INSERT INTO Shipping (ShipmentID, TransactionID, DistributorID, ProductID, SourceCompanyID, DestinationCompanyID, PromisedDate, ActualDate, Quantity) VALUES (76, 167, 47, 26, 31, 33, '2022-09-04', '2022-09-07', 380);
INSERT INTO Receiving (ReceivingID, TransactionID, ShipmentID, ReceiverCompanyID, ReceivedDate, QuantityReceived) VALUES (76, 168, 76, 33, '2022-09-07', 380);
INSERT INTO InventoryTransaction (TransactionID, Type) VALUES (169, 'Shipping');
INSERT INTO InventoryTransaction (TransactionID, Type) VALUES (170, 'Receiving');
INSERT INTO Shipping (ShipmentID, TransactionID, DistributorID, ProductID, SourceCompanyID, DestinationCompanyID, PromisedDate, ActualDate, Quantity) VALUES (77, 169, 48, 5, 22, 8, '2023-09-15', '2023-09-20', 1);
INSERT INTO Receiving (ReceivingID, TransactionID, ShipmentID, ReceiverCompanyID, ReceivedDate, QuantityReceived) VALUES (77, 170, 77, 8, '2023-09-20', 1);
INSERT INTO InventoryTransaction (TransactionID, Type) VALUES (171, 'Shipping');
INSERT INTO InventoryTransaction (TransactionID, Type) VALUES (172, 'Receiving');
INSERT INTO Shipping (ShipmentID, TransactionID, DistributorID, ProductID, SourceCompanyID, DestinationCompanyID, PromisedDate, ActualDate, Quantity) VALUES (78, 171, 55, 26, 31, 28, '2023-09-12', '2023-09-17', 175);
INSERT INTO Receiving (ReceivingID, TransactionID, ShipmentID, ReceiverCompanyID, ReceivedDate, QuantityReceived) VALUES (78, 172, 78, 28, '2023-09-17', 175);
INSERT INTO InventoryTransaction (TransactionID, Type) VALUES (173, 'Shipping');
INSERT INTO InventoryTransaction (TransactionID, Type) VALUES (174, 'Receiving');
INSERT INTO Shipping (ShipmentID, TransactionID, DistributorID, ProductID, SourceCompanyID, DestinationCompanyID, PromisedDate, ActualDate, Quantity) VALUES (79, 173, 47, 40, 11, 38, '2020-09-23', '2020-09-24', 499);
INSERT INTO Receiving (ReceivingID, TransactionID, ShipmentID, ReceiverCompanyID, ReceivedDate, QuantityReceived) VALUES (79, 174, 79, 38, '2020-09-24', 499);
INSERT INTO InventoryTransaction (TransactionID, Type) VALUES (175, 'Shipping');
INSERT INTO InventoryTransaction (TransactionID, Type) VALUES (176, 'Receiving');
INSERT INTO Shipping (ShipmentID, TransactionID, DistributorID, ProductID, SourceCompanyID, DestinationCompanyID, PromisedDate, ActualDate, Quantity) VALUES (80, 175, 52, 26, 24, 2, '2025-04-14', '2025-04-15', 44);
INSERT INTO Receiving (ReceivingID, TransactionID, ShipmentID, ReceiverCompanyID, ReceivedDate, QuantityReceived) VALUES (80, 176, 80, 2, '2025-04-15', 44);
INSERT INTO InventoryTransaction (TransactionID, Type) VALUES (177, 'Shipping');
INSERT INTO InventoryTransaction (TransactionID, Type) VALUES (178, 'Receiving');
INSERT INTO Shipping (ShipmentID, TransactionID, DistributorID, ProductID, SourceCompanyID, DestinationCompanyID, PromisedDate, ActualDate, Quantity) VALUES (81, 177, 53, 38, 4, 41, '2022-08-16', '2022-08-18', 133);
INSERT INTO Receiving (ReceivingID, TransactionID, ShipmentID, ReceiverCompanyID, ReceivedDate, QuantityReceived) VALUES (81, 178, 81, 41, '2022-08-18', 133);
INSERT INTO InventoryTransaction (TransactionID, Type) VALUES (179, 'Shipping');
INSERT INTO InventoryTransaction (TransactionID, Type) VALUES (180, 'Receiving');
INSERT INTO Shipping (ShipmentID, TransactionID, DistributorID, ProductID, SourceCompanyID, DestinationCompanyID, PromisedDate, ActualDate, Quantity) VALUES (82, 179, 48, 19, 8, 11, '2021-03-23', '2021-03-23', 464);
INSERT INTO Receiving (ReceivingID, TransactionID, ShipmentID, ReceiverCompanyID, ReceivedDate, QuantityReceived) VALUES (82, 180, 82, 11, '2021-03-23', 464);
INSERT INTO InventoryTransaction (TransactionID, Type) VALUES (181, 'Shipping');
INSERT INTO InventoryTransaction (TransactionID, Type) VALUES (182, 'Receiving');
INSERT INTO Shipping (ShipmentID, TransactionID, DistributorID, ProductID, SourceCompanyID, DestinationCompanyID, PromisedDate, ActualDate, Quantity) VALUES (83, 181, 53, 14, 19, 4, '2024-02-29', '2024-03-01', 114);
INSERT INTO Receiving (ReceivingID, TransactionID, ShipmentID, ReceiverCompanyID, ReceivedDate, QuantityReceived) VALUES (83, 182, 83, 4, '2024-03-01', 114);
INSERT INTO InventoryTransaction (TransactionID, Type) VALUES (183, 'Shipping');
INSERT INTO InventoryTransaction (TransactionID, Type) VALUES (184, 'Receiving');
INSERT INTO Shipping (ShipmentID, TransactionID, DistributorID, ProductID, SourceCompanyID, DestinationCompanyID, PromisedDate, ActualDate, Quantity) VALUES (84, 183, 53, 6, 4, 37, '2022-05-31', '2022-06-05', 147);
INSERT INTO Receiving (ReceivingID, TransactionID, ShipmentID, ReceiverCompanyID, ReceivedDate, QuantityReceived) VALUES (84, 184, 84, 37, '2022-06-05', 147);
INSERT INTO InventoryTransaction (TransactionID, Type) VALUES (185, 'Adjustment');
INSERT INTO InventoryAdjustment (AdjustmentID, TransactionID, CompanyID, ProductID, AdjustmentDate, QuantityChange, Reason) VALUES (185, 185, 28, 42, '2022-02-05', 24, 'North contain look decision only result.');
INSERT INTO InventoryTransaction (TransactionID, Type) VALUES (186, 'Shipping');
INSERT INTO InventoryTransaction (TransactionID, Type) VALUES (187, 'Receiving');
INSERT INTO Shipping (ShipmentID, TransactionID, DistributorID, ProductID, SourceCompanyID, DestinationCompanyID, PromisedDate, ActualDate, Quantity) VALUES (85, 186, 58, 35, 32, 9, '2025-08-03', '2025-08-03', 454);
INSERT INTO Receiving (ReceivingID, TransactionID, ShipmentID, ReceiverCompanyID, ReceivedDate, QuantityReceived) VALUES (85, 187, 85, 9, '2025-08-03', 454);
INSERT INTO InventoryTransaction (TransactionID, Type) VALUES (188, 'Shipping');
INSERT INTO InventoryTransaction (TransactionID, Type) VALUES (189, 'Receiving');
INSERT INTO Shipping (ShipmentID, TransactionID, DistributorID, ProductID, SourceCompanyID, DestinationCompanyID, PromisedDate, ActualDate, Quantity) VALUES (86, 188, 49, 36, 10, 34, '2023-01-30', '2023-01-31', 222);
INSERT INTO Receiving (ReceivingID, TransactionID, ShipmentID, ReceiverCompanyID, ReceivedDate, QuantityReceived) VALUES (86, 189, 86, 34, '2023-01-31', 222);
INSERT INTO InventoryTransaction (TransactionID, Type) VALUES (190, 'Shipping');
INSERT INTO InventoryTransaction (TransactionID, Type) VALUES (191, 'Receiving');
INSERT INTO Shipping (ShipmentID, TransactionID, DistributorID, ProductID, SourceCompanyID, DestinationCompanyID, PromisedDate, ActualDate, Quantity) VALUES (87, 190, 60, 46, 2, 39, '2021-02-25', '2021-02-26', 309);
INSERT INTO Receiving (ReceivingID, TransactionID, ShipmentID, ReceiverCompanyID, ReceivedDate, QuantityReceived) VALUES (87, 191, 87, 39, '2021-02-26', 309);
INSERT INTO InventoryTransaction (TransactionID, Type) VALUES (192, 'Shipping');
INSERT INTO InventoryTransaction (TransactionID, Type) VALUES (193, 'Receiving');
INSERT INTO Shipping (ShipmentID, TransactionID, DistributorID, ProductID, SourceCompanyID, DestinationCompanyID, PromisedDate, ActualDate, Quantity) VALUES (88, 192, 51, 23, 3, 11, '2025-07-05', '2025-07-09', 44);
INSERT INTO Receiving (ReceivingID, TransactionID, ShipmentID, ReceiverCompanyID, ReceivedDate, QuantityReceived) VALUES (88, 193, 88, 11, '2025-07-09', 44);
INSERT INTO InventoryTransaction (TransactionID, Type) VALUES (194, 'Shipping');
INSERT INTO InventoryTransaction (TransactionID, Type) VALUES (195, 'Receiving');
INSERT INTO Shipping (ShipmentID, TransactionID, DistributorID, ProductID, SourceCompanyID, DestinationCompanyID, PromisedDate, ActualDate, Quantity) VALUES (89, 194, 50, 32, 12, 35, '2021-04-01', '2021-04-03', 1);
INSERT INTO Receiving (ReceivingID, TransactionID, ShipmentID, ReceiverCompanyID, ReceivedDate, QuantityReceived) VALUES (89, 195, 89, 35, '2021-04-03', 1);
INSERT INTO InventoryTransaction (TransactionID, Type) VALUES (196, 'Shipping');
INSERT INTO InventoryTransaction (TransactionID, Type) VALUES (197, 'Receiving');
INSERT INTO Shipping (ShipmentID, TransactionID, DistributorID, ProductID, SourceCompanyID, DestinationCompanyID, PromisedDate, ActualDate, Quantity) VALUES (90, 196, 46, 40, 11, 44, '2020-10-30', '2020-11-02', 240);
INSERT INTO Receiving (ReceivingID, TransactionID, ShipmentID, ReceiverCompanyID, ReceivedDate, QuantityReceived) VALUES (90, 197, 90, 44, '2020-11-02', 240);
INSERT INTO InventoryTransaction (TransactionID, Type) VALUES (198, 'Shipping');
INSERT INTO InventoryTransaction (TransactionID, Type) VALUES (199, 'Receiving');
INSERT INTO Shipping (ShipmentID, TransactionID, DistributorID, ProductID, SourceCompanyID, DestinationCompanyID, PromisedDate, ActualDate, Quantity) VALUES (91, 198, 47, 8, 24, 11, '2023-01-29', '2023-02-02', 74);
INSERT INTO Receiving (ReceivingID, TransactionID, ShipmentID, ReceiverCompanyID, ReceivedDate, QuantityReceived) VALUES (91, 199, 91, 11, '2023-02-02', 74);
INSERT INTO InventoryTransaction (TransactionID, Type) VALUES (200, 'Shipping');
INSERT INTO InventoryTransaction (TransactionID, Type) VALUES (201, 'Receiving');
INSERT INTO Shipping (ShipmentID, TransactionID, DistributorID, ProductID, SourceCompanyID, DestinationCompanyID, PromisedDate, ActualDate, Quantity) VALUES (92, 200, 60, 35, 11, 44, '2020-10-12', '2020-10-16', 280);
INSERT INTO Receiving (ReceivingID, TransactionID, ShipmentID, ReceiverCompanyID, ReceivedDate, QuantityReceived) VALUES (92, 201, 92, 44, '2020-10-16', 280);
INSERT INTO InventoryTransaction (TransactionID, Type) VALUES (202, 'Shipping');
INSERT INTO InventoryTransaction (TransactionID, Type) VALUES (203, 'Receiving');
INSERT INTO Shipping (ShipmentID, TransactionID, DistributorID, ProductID, SourceCompanyID, DestinationCompanyID, PromisedDate, ActualDate, Quantity) VALUES (93, 202, 60, 47, 36, 25, '2021-09-25', '2021-09-28', 194);
INSERT INTO Receiving (ReceivingID, TransactionID, ShipmentID, ReceiverCompanyID, ReceivedDate, QuantityReceived) VALUES (93, 203, 93, 25, '2021-09-28', 194);
INSERT INTO InventoryTransaction (TransactionID, Type) VALUES (204, 'Shipping');
INSERT INTO InventoryTransaction (TransactionID, Type) VALUES (205, 'Receiving');
INSERT INTO Shipping (ShipmentID, TransactionID, DistributorID, ProductID, SourceCompanyID, DestinationCompanyID, PromisedDate, ActualDate, Quantity) VALUES (94, 204, 50, 39, 22, 4, '2022-08-05', '2022-08-07', 1);
INSERT INTO Receiving (ReceivingID, TransactionID, ShipmentID, ReceiverCompanyID, ReceivedDate, QuantityReceived) VALUES (94, 205, 94, 4, '2022-08-07', 1);
INSERT INTO InventoryTransaction (TransactionID, Type) VALUES (206, 'Shipping');
INSERT INTO InventoryTransaction (TransactionID, Type) VALUES (207, 'Receiving');
INSERT INTO Shipping (ShipmentID, TransactionID, DistributorID, ProductID, SourceCompanyID, DestinationCompanyID, PromisedDate, ActualDate, Quantity) VALUES (95, 206, 51, 40, 11, 44, '2023-05-05', '2023-05-10', 1);
INSERT INTO Receiving (ReceivingID, TransactionID, ShipmentID, ReceiverCompanyID, ReceivedDate, QuantityReceived) VALUES (95, 207, 95, 44, '2023-05-10', 1);
INSERT INTO InventoryTransaction (TransactionID, Type) VALUES (208, 'Shipping');
INSERT INTO InventoryTransaction (TransactionID, Type) VALUES (209, 'Receiving');
INSERT INTO Shipping (ShipmentID, TransactionID, DistributorID, ProductID, SourceCompanyID, DestinationCompanyID, PromisedDate, ActualDate, Quantity) VALUES (96, 208, 53, 13, 12, 14, '2023-08-14', '2023-08-19', 1);
INSERT INTO Receiving (ReceivingID, TransactionID, ShipmentID, ReceiverCompanyID, ReceivedDate, QuantityReceived) VALUES (96, 209, 96, 14, '2023-08-19', 1);
INSERT INTO InventoryTransaction (TransactionID, Type) VALUES (210, 'Adjustment');
INSERT INTO InventoryAdjustment (AdjustmentID, TransactionID, CompanyID, ProductID, AdjustmentDate, QuantityChange, Reason) VALUES (210, 210, 39, 46, '2020-12-22', -18, 'Perhaps give range.');
INSERT INTO InventoryTransaction (TransactionID, Type) VALUES (211, 'Shipping');
INSERT INTO InventoryTransaction (TransactionID, Type) VALUES (212, 'Receiving');
INSERT INTO Shipping (ShipmentID, TransactionID, DistributorID, ProductID, SourceCompanyID, DestinationCompanyID, PromisedDate, ActualDate, Quantity) VALUES (97, 211, 57, 4, 27, 9, '2021-06-28', '2021-06-29', 483);
INSERT INTO Receiving (ReceivingID, TransactionID, ShipmentID, ReceiverCompanyID, ReceivedDate, QuantityReceived) VALUES (97, 212, 97, 9, '2021-06-29', 483);
INSERT INTO InventoryTransaction (TransactionID, Type) VALUES (213, 'Shipping');
INSERT INTO InventoryTransaction (TransactionID, Type) VALUES (214, 'Receiving');
INSERT INTO Shipping (ShipmentID, TransactionID, DistributorID, ProductID, SourceCompanyID, DestinationCompanyID, PromisedDate, ActualDate, Quantity) VALUES (98, 213, 56, 44, 9, 11, '2020-09-29', '2020-10-02', 467);
INSERT INTO Receiving (ReceivingID, TransactionID, ShipmentID, ReceiverCompanyID, ReceivedDate, QuantityReceived) VALUES (98, 214, 98, 11, '2020-10-02', 467);
INSERT INTO InventoryTransaction (TransactionID, Type) VALUES (215, 'Shipping');
INSERT INTO InventoryTransaction (TransactionID, Type) VALUES (216, 'Receiving');
INSERT INTO Shipping (ShipmentID, TransactionID, DistributorID, ProductID, SourceCompanyID, DestinationCompanyID, PromisedDate, ActualDate, Quantity) VALUES (99, 215, 50, 32, 23, 15, '2025-06-16', '2025-06-21', 286);
INSERT INTO Receiving (ReceivingID, TransactionID, ShipmentID, ReceiverCompanyID, ReceivedDate, QuantityReceived) VALUES (99, 216, 99, 15, '2025-06-21', 286);
INSERT INTO InventoryTransaction (TransactionID, Type) VALUES (217, 'Shipping');
INSERT INTO InventoryTransaction (TransactionID, Type) VALUES (218, 'Receiving');
INSERT INTO Shipping (ShipmentID, TransactionID, DistributorID, ProductID, SourceCompanyID, DestinationCompanyID, PromisedDate, ActualDate, Quantity) VALUES (100, 217, 47, 29, 22, 28, '2022-12-08', '2022-12-13', 1);
INSERT INTO Receiving (ReceivingID, TransactionID, ShipmentID, ReceiverCompanyID, ReceivedDate, QuantityReceived) VALUES (100, 218, 100, 28, '2022-12-13', 1);
INSERT INTO InventoryTransaction (TransactionID, Type) VALUES (219, 'Adjustment');
INSERT INTO InventoryAdjustment (AdjustmentID, TransactionID, CompanyID, ProductID, AdjustmentDate, QuantityChange, Reason) VALUES (219, 219, 21, 5, '2022-10-13', 0, 'Return service eye above together last.');
INSERT INTO InventoryTransaction (TransactionID, Type) VALUES (220, 'Shipping');
INSERT INTO InventoryTransaction (TransactionID, Type) VALUES (221, 'Receiving');
INSERT INTO Shipping (ShipmentID, TransactionID, DistributorID, ProductID, SourceCompanyID, DestinationCompanyID, PromisedDate, ActualDate, Quantity) VALUES (101, 220, 45, 48, 17, 14, '2022-07-28', '2022-07-30', 28);
INSERT INTO Receiving (ReceivingID, TransactionID, ShipmentID, ReceiverCompanyID, ReceivedDate, QuantityReceived) VALUES (101, 221, 101, 14, '2022-07-30', 28);
INSERT INTO InventoryTransaction (TransactionID, Type) VALUES (222, 'Shipping');
INSERT INTO InventoryTransaction (TransactionID, Type) VALUES (223, 'Receiving');
INSERT INTO Shipping (ShipmentID, TransactionID, DistributorID, ProductID, SourceCompanyID, DestinationCompanyID, PromisedDate, ActualDate, Quantity) VALUES (102, 222, 57, 32, 12, 15, '2021-11-20', '2021-11-20', 1);
INSERT INTO Receiving (ReceivingID, TransactionID, ShipmentID, ReceiverCompanyID, ReceivedDate, QuantityReceived) VALUES (102, 223, 102, 15, '2021-11-20', 1);
INSERT INTO InventoryTransaction (TransactionID, Type) VALUES (224, 'Adjustment');
INSERT INTO InventoryAdjustment (AdjustmentID, TransactionID, CompanyID, ProductID, AdjustmentDate, QuantityChange, Reason) VALUES (224, 224, 1, 17, '2020-09-12', 0, 'Head significant break technology.');
INSERT INTO InventoryTransaction (TransactionID, Type) VALUES (225, 'Shipping');
INSERT INTO InventoryTransaction (TransactionID, Type) VALUES (226, 'Receiving');
INSERT INTO Shipping (ShipmentID, TransactionID, DistributorID, ProductID, SourceCompanyID, DestinationCompanyID, PromisedDate, ActualDate, Quantity) VALUES (103, 225, 45, 14, 35, 11, '2020-12-27', '2021-01-01', 24);
INSERT INTO Receiving (ReceivingID, TransactionID, ShipmentID, ReceiverCompanyID, ReceivedDate, QuantityReceived) VALUES (103, 226, 103, 11, '2021-01-01', 24);
INSERT INTO InventoryTransaction (TransactionID, Type) VALUES (227, 'Shipping');
INSERT INTO InventoryTransaction (TransactionID, Type) VALUES (228, 'Receiving');
INSERT INTO Shipping (ShipmentID, TransactionID, DistributorID, ProductID, SourceCompanyID, DestinationCompanyID, PromisedDate, ActualDate, Quantity) VALUES (104, 227, 54, 28, 27, 32, '2020-06-02', '2020-06-06', 466);
INSERT INTO Receiving (ReceivingID, TransactionID, ShipmentID, ReceiverCompanyID, ReceivedDate, QuantityReceived) VALUES (104, 228, 104, 32, '2020-06-06', 466);
INSERT INTO InventoryTransaction (TransactionID, Type) VALUES (229, 'Adjustment');
INSERT INTO InventoryAdjustment (AdjustmentID, TransactionID, CompanyID, ProductID, AdjustmentDate, QuantityChange, Reason) VALUES (229, 229, 47, 23, '2023-03-13', 0, 'There join two Republican from.');
INSERT INTO InventoryTransaction (TransactionID, Type) VALUES (230, 'Shipping');
INSERT INTO InventoryTransaction (TransactionID, Type) VALUES (231, 'Receiving');
INSERT INTO Shipping (ShipmentID, TransactionID, DistributorID, ProductID, SourceCompanyID, DestinationCompanyID, PromisedDate, ActualDate, Quantity) VALUES (105, 230, 46, 21, 9, 4, '2023-05-20', '2023-05-20', 211);
INSERT INTO Receiving (ReceivingID, TransactionID, ShipmentID, ReceiverCompanyID, ReceivedDate, QuantityReceived) VALUES (105, 231, 105, 4, '2023-05-20', 211);
INSERT INTO InventoryTransaction (TransactionID, Type) VALUES (232, 'Shipping');
INSERT INTO InventoryTransaction (TransactionID, Type) VALUES (233, 'Receiving');
INSERT INTO Shipping (ShipmentID, TransactionID, DistributorID, ProductID, SourceCompanyID, DestinationCompanyID, PromisedDate, ActualDate, Quantity) VALUES (106, 232, 46, 30, 34, 15, '2025-06-19', '2025-06-19', 399);
INSERT INTO Receiving (ReceivingID, TransactionID, ShipmentID, ReceiverCompanyID, ReceivedDate, QuantityReceived) VALUES (106, 233, 106, 15, '2025-06-19', 399);
INSERT INTO InventoryTransaction (TransactionID, Type) VALUES (234, 'Shipping');
INSERT INTO InventoryTransaction (TransactionID, Type) VALUES (235, 'Receiving');
INSERT INTO Shipping (ShipmentID, TransactionID, DistributorID, ProductID, SourceCompanyID, DestinationCompanyID, PromisedDate, ActualDate, Quantity) VALUES (107, 234, 47, 43, 28, 9, '2025-06-03', '2025-06-03', 195);
INSERT INTO Receiving (ReceivingID, TransactionID, ShipmentID, ReceiverCompanyID, ReceivedDate, QuantityReceived) VALUES (107, 235, 107, 9, '2025-06-03', 195);
INSERT INTO InventoryTransaction (TransactionID, Type) VALUES (236, 'Shipping');
INSERT INTO InventoryTransaction (TransactionID, Type) VALUES (237, 'Receiving');
INSERT INTO Shipping (ShipmentID, TransactionID, DistributorID, ProductID, SourceCompanyID, DestinationCompanyID, PromisedDate, ActualDate, Quantity) VALUES (108, 236, 46, 19, 8, 4, '2023-03-03', '2023-03-03', 258);
INSERT INTO Receiving (ReceivingID, TransactionID, ShipmentID, ReceiverCompanyID, ReceivedDate, QuantityReceived) VALUES (108, 237, 108, 4, '2023-03-03', 258);
INSERT INTO InventoryTransaction (TransactionID, Type) VALUES (238, 'Shipping');
INSERT INTO InventoryTransaction (TransactionID, Type) VALUES (239, 'Receiving');
INSERT INTO Shipping (ShipmentID, TransactionID, DistributorID, ProductID, SourceCompanyID, DestinationCompanyID, PromisedDate, ActualDate, Quantity) VALUES (109, 238, 50, 6, 6, 44, '2022-12-20', '2022-12-22', 312);
INSERT INTO Receiving (ReceivingID, TransactionID, ShipmentID, ReceiverCompanyID, ReceivedDate, QuantityReceived) VALUES (109, 239, 109, 44, '2022-12-22', 312);
INSERT INTO InventoryTransaction (TransactionID, Type) VALUES (240, 'Shipping');
INSERT INTO InventoryTransaction (TransactionID, Type) VALUES (241, 'Receiving');
INSERT INTO Shipping (ShipmentID, TransactionID, DistributorID, ProductID, SourceCompanyID, DestinationCompanyID, PromisedDate, ActualDate, Quantity) VALUES (110, 240, 53, 36, 13, 31, '2022-09-09', '2022-09-10', 425);
INSERT INTO Receiving (ReceivingID, TransactionID, ShipmentID, ReceiverCompanyID, ReceivedDate, QuantityReceived) VALUES (110, 241, 110, 31, '2022-09-10', 425);
INSERT INTO InventoryTransaction (TransactionID, Type) VALUES (242, 'Shipping');
INSERT INTO InventoryTransaction (TransactionID, Type) VALUES (243, 'Receiving');
INSERT INTO Shipping (ShipmentID, TransactionID, DistributorID, ProductID, SourceCompanyID, DestinationCompanyID, PromisedDate, ActualDate, Quantity) VALUES (111, 242, 48, 1, 2, 42, '2022-04-28', '2022-05-03', 474);
INSERT INTO Receiving (ReceivingID, TransactionID, ShipmentID, ReceiverCompanyID, ReceivedDate, QuantityReceived) VALUES (111, 243, 111, 42, '2022-05-03', 474);
INSERT INTO InventoryTransaction (TransactionID, Type) VALUES (244, 'Shipping');
INSERT INTO InventoryTransaction (TransactionID, Type) VALUES (245, 'Receiving');
INSERT INTO Shipping (ShipmentID, TransactionID, DistributorID, ProductID, SourceCompanyID, DestinationCompanyID, PromisedDate, ActualDate, Quantity) VALUES (112, 244, 52, 19, 8, 11, '2022-06-18', '2022-06-19', 184);
INSERT INTO Receiving (ReceivingID, TransactionID, ShipmentID, ReceiverCompanyID, ReceivedDate, QuantityReceived) VALUES (112, 245, 112, 11, '2022-06-19', 184);
INSERT INTO InventoryTransaction (TransactionID, Type) VALUES (246, 'Shipping');
INSERT INTO InventoryTransaction (TransactionID, Type) VALUES (247, 'Receiving');
INSERT INTO Shipping (ShipmentID, TransactionID, DistributorID, ProductID, SourceCompanyID, DestinationCompanyID, PromisedDate, ActualDate, Quantity) VALUES (113, 246, 56, 18, 2, 11, '2022-12-25', '2022-12-30', 14);
INSERT INTO Receiving (ReceivingID, TransactionID, ShipmentID, ReceiverCompanyID, ReceivedDate, QuantityReceived) VALUES (113, 247, 113, 11, '2022-12-30', 14);
INSERT INTO InventoryTransaction (TransactionID, Type) VALUES (248, 'Adjustment');
INSERT INTO InventoryAdjustment (AdjustmentID, TransactionID, CompanyID, ProductID, AdjustmentDate, QuantityChange, Reason) VALUES (248, 248, 11, 37, '2023-06-10', 0, 'Open wrong popular final cost item well.');
INSERT INTO InventoryTransaction (TransactionID, Type) VALUES (249, 'Shipping');
INSERT INTO InventoryTransaction (TransactionID, Type) VALUES (250, 'Receiving');
INSERT INTO Shipping (ShipmentID, TransactionID, DistributorID, ProductID, SourceCompanyID, DestinationCompanyID, PromisedDate, ActualDate, Quantity) VALUES (114, 249, 45, 44, 2, 37, '2020-06-06', '2020-06-07', 1);
INSERT INTO Receiving (ReceivingID, TransactionID, ShipmentID, ReceiverCompanyID, ReceivedDate, QuantityReceived) VALUES (114, 250, 114, 37, '2020-06-07', 1);
INSERT INTO InventoryTransaction (TransactionID, Type) VALUES (251, 'Shipping');
INSERT INTO InventoryTransaction (TransactionID, Type) VALUES (252, 'Receiving');
INSERT INTO Shipping (ShipmentID, TransactionID, DistributorID, ProductID, SourceCompanyID, DestinationCompanyID, PromisedDate, ActualDate, Quantity) VALUES (115, 251, 46, 10, 6, 43, '2022-11-23', '2022-11-26', 224);
INSERT INTO Receiving (ReceivingID, TransactionID, ShipmentID, ReceiverCompanyID, ReceivedDate, QuantityReceived) VALUES (115, 252, 115, 43, '2022-11-26', 224);
INSERT INTO InventoryTransaction (TransactionID, Type) VALUES (253, 'Adjustment');
INSERT INTO InventoryAdjustment (AdjustmentID, TransactionID, CompanyID, ProductID, AdjustmentDate, QuantityChange, Reason) VALUES (253, 253, 53, 20, '2024-09-24', 0, 'Among medical participant design face through.');
INSERT INTO InventoryTransaction (TransactionID, Type) VALUES (254, 'Shipping');
INSERT INTO InventoryTransaction (TransactionID, Type) VALUES (255, 'Receiving');
INSERT INTO Shipping (ShipmentID, TransactionID, DistributorID, ProductID, SourceCompanyID, DestinationCompanyID, PromisedDate, ActualDate, Quantity) VALUES (116, 254, 47, 30, 21, 4, '2023-08-27', '2023-08-29', 351);
INSERT INTO Receiving (ReceivingID, TransactionID, ShipmentID, ReceiverCompanyID, ReceivedDate, QuantityReceived) VALUES (116, 255, 116, 4, '2023-08-29', 351);
INSERT INTO InventoryTransaction (TransactionID, Type) VALUES (256, 'Shipping');
INSERT INTO InventoryTransaction (TransactionID, Type) VALUES (257, 'Receiving');
INSERT INTO Shipping (ShipmentID, TransactionID, DistributorID, ProductID, SourceCompanyID, DestinationCompanyID, PromisedDate, ActualDate, Quantity) VALUES (117, 256, 58, 10, 28, 7, '2023-11-07', '2023-11-10', 350);
INSERT INTO Receiving (ReceivingID, TransactionID, ShipmentID, ReceiverCompanyID, ReceivedDate, QuantityReceived) VALUES (117, 257, 117, 7, '2023-11-10', 350);
INSERT INTO InventoryTransaction (TransactionID, Type) VALUES (258, 'Adjustment');
INSERT INTO InventoryAdjustment (AdjustmentID, TransactionID, CompanyID, ProductID, AdjustmentDate, QuantityChange, Reason) VALUES (258, 258, 24, 34, '2025-05-27', 45, 'Local stand television.');
INSERT INTO InventoryTransaction (TransactionID, Type) VALUES (259, 'Shipping');
INSERT INTO InventoryTransaction (TransactionID, Type) VALUES (260, 'Receiving');
INSERT INTO Shipping (ShipmentID, TransactionID, DistributorID, ProductID, SourceCompanyID, DestinationCompanyID, PromisedDate, ActualDate, Quantity) VALUES (118, 259, 49, 8, 24, 2, '2025-12-30', '2025-12-31', 209);
INSERT INTO Receiving (ReceivingID, TransactionID, ShipmentID, ReceiverCompanyID, ReceivedDate, QuantityReceived) VALUES (118, 260, 118, 2, '2025-12-31', 209);
INSERT INTO InventoryTransaction (TransactionID, Type) VALUES (261, 'Shipping');
INSERT INTO InventoryTransaction (TransactionID, Type) VALUES (262, 'Receiving');
INSERT INTO Shipping (ShipmentID, TransactionID, DistributorID, ProductID, SourceCompanyID, DestinationCompanyID, PromisedDate, ActualDate, Quantity) VALUES (119, 261, 47, 3, 3, 6, '2024-10-27', '2024-11-01', 407);
INSERT INTO Receiving (ReceivingID, TransactionID, ShipmentID, ReceiverCompanyID, ReceivedDate, QuantityReceived) VALUES (119, 262, 119, 6, '2024-11-01', 407);
INSERT INTO InventoryTransaction (TransactionID, Type) VALUES (263, 'Shipping');
INSERT INTO InventoryTransaction (TransactionID, Type) VALUES (264, 'Receiving');
INSERT INTO Shipping (ShipmentID, TransactionID, DistributorID, ProductID, SourceCompanyID, DestinationCompanyID, PromisedDate, ActualDate, Quantity) VALUES (120, 263, 51, 28, 26, 9, '2022-06-12', '2022-06-13', 289);
INSERT INTO Receiving (ReceivingID, TransactionID, ShipmentID, ReceiverCompanyID, ReceivedDate, QuantityReceived) VALUES (120, 264, 120, 9, '2022-06-13', 289);
INSERT INTO InventoryTransaction (TransactionID, Type) VALUES (265, 'Shipping');
INSERT INTO InventoryTransaction (TransactionID, Type) VALUES (266, 'Receiving');
INSERT INTO Shipping (ShipmentID, TransactionID, DistributorID, ProductID, SourceCompanyID, DestinationCompanyID, PromisedDate, ActualDate, Quantity) VALUES (121, 265, 47, 10, 28, 24, '2024-12-13', '2024-12-15', 153);
INSERT INTO Receiving (ReceivingID, TransactionID, ShipmentID, ReceiverCompanyID, ReceivedDate, QuantityReceived) VALUES (121, 266, 121, 24, '2024-12-15', 153);
INSERT INTO InventoryTransaction (TransactionID, Type) VALUES (267, 'Shipping');
INSERT INTO InventoryTransaction (TransactionID, Type) VALUES (268, 'Receiving');
INSERT INTO Shipping (ShipmentID, TransactionID, DistributorID, ProductID, SourceCompanyID, DestinationCompanyID, PromisedDate, ActualDate, Quantity) VALUES (122, 267, 46, 9, 6, 42, '2020-10-22', '2020-10-26', 324);
INSERT INTO Receiving (ReceivingID, TransactionID, ShipmentID, ReceiverCompanyID, ReceivedDate, QuantityReceived) VALUES (122, 268, 122, 42, '2020-10-26', 324);
INSERT INTO InventoryTransaction (TransactionID, Type) VALUES (269, 'Shipping');
INSERT INTO InventoryTransaction (TransactionID, Type) VALUES (270, 'Receiving');
INSERT INTO Shipping (ShipmentID, TransactionID, DistributorID, ProductID, SourceCompanyID, DestinationCompanyID, PromisedDate, ActualDate, Quantity) VALUES (123, 269, 45, 38, 4, 44, '2023-02-16', '2023-02-17', 39);
INSERT INTO Receiving (ReceivingID, TransactionID, ShipmentID, ReceiverCompanyID, ReceivedDate, QuantityReceived) VALUES (123, 270, 123, 44, '2023-02-17', 39);
INSERT INTO InventoryTransaction (TransactionID, Type) VALUES (271, 'Shipping');
INSERT INTO InventoryTransaction (TransactionID, Type) VALUES (272, 'Receiving');
INSERT INTO Shipping (ShipmentID, TransactionID, DistributorID, ProductID, SourceCompanyID, DestinationCompanyID, PromisedDate, ActualDate, Quantity) VALUES (124, 271, 52, 25, 6, 43, '2022-04-24', '2022-04-27', 329);
INSERT INTO Receiving (ReceivingID, TransactionID, ShipmentID, ReceiverCompanyID, ReceivedDate, QuantityReceived) VALUES (124, 272, 124, 43, '2022-04-27', 329);
INSERT INTO InventoryTransaction (TransactionID, Type) VALUES (273, 'Shipping');
INSERT INTO InventoryTransaction (TransactionID, Type) VALUES (274, 'Receiving');
INSERT INTO Shipping (ShipmentID, TransactionID, DistributorID, ProductID, SourceCompanyID, DestinationCompanyID, PromisedDate, ActualDate, Quantity) VALUES (125, 273, 59, 16, 15, 26, '2023-11-22', '2023-11-23', 264);
INSERT INTO Receiving (ReceivingID, TransactionID, ShipmentID, ReceiverCompanyID, ReceivedDate, QuantityReceived) VALUES (125, 274, 125, 26, '2023-11-23', 264);
INSERT INTO InventoryTransaction (TransactionID, Type) VALUES (275, 'Shipping');
INSERT INTO InventoryTransaction (TransactionID, Type) VALUES (276, 'Receiving');
INSERT INTO Shipping (ShipmentID, TransactionID, DistributorID, ProductID, SourceCompanyID, DestinationCompanyID, PromisedDate, ActualDate, Quantity) VALUES (126, 275, 50, 2, 11, 4, '2020-11-30', '2020-12-03', 1);
INSERT INTO Receiving (ReceivingID, TransactionID, ShipmentID, ReceiverCompanyID, ReceivedDate, QuantityReceived) VALUES (126, 276, 126, 4, '2020-12-03', 1);
INSERT INTO InventoryTransaction (TransactionID, Type) VALUES (277, 'Shipping');
INSERT INTO InventoryTransaction (TransactionID, Type) VALUES (278, 'Receiving');
INSERT INTO Shipping (ShipmentID, TransactionID, DistributorID, ProductID, SourceCompanyID, DestinationCompanyID, PromisedDate, ActualDate, Quantity) VALUES (127, 277, 51, 6, 4, 40, '2020-10-07', '2020-10-09', 14);
INSERT INTO Receiving (ReceivingID, TransactionID, ShipmentID, ReceiverCompanyID, ReceivedDate, QuantityReceived) VALUES (127, 278, 127, 40, '2020-10-09', 14);
INSERT INTO InventoryTransaction (TransactionID, Type) VALUES (279, 'Shipping');
INSERT INTO InventoryTransaction (TransactionID, Type) VALUES (280, 'Receiving');
INSERT INTO Shipping (ShipmentID, TransactionID, DistributorID, ProductID, SourceCompanyID, DestinationCompanyID, PromisedDate, ActualDate, Quantity) VALUES (128, 279, 48, 35, 11, 32, '2024-07-03', '2024-07-03', 1);
INSERT INTO Receiving (ReceivingID, TransactionID, ShipmentID, ReceiverCompanyID, ReceivedDate, QuantityReceived) VALUES (128, 280, 128, 32, '2024-07-03', 1);
INSERT INTO InventoryTransaction (TransactionID, Type) VALUES (281, 'Shipping');
INSERT INTO InventoryTransaction (TransactionID, Type) VALUES (282, 'Receiving');
INSERT INTO Shipping (ShipmentID, TransactionID, DistributorID, ProductID, SourceCompanyID, DestinationCompanyID, PromisedDate, ActualDate, Quantity) VALUES (129, 281, 58, 38, 25, 8, '2025-11-10', '2025-11-15', 363);
INSERT INTO Receiving (ReceivingID, TransactionID, ShipmentID, ReceiverCompanyID, ReceivedDate, QuantityReceived) VALUES (129, 282, 129, 8, '2025-11-15', 363);
INSERT INTO InventoryTransaction (TransactionID, Type) VALUES (283, 'Shipping');
INSERT INTO InventoryTransaction (TransactionID, Type) VALUES (284, 'Receiving');
INSERT INTO Shipping (ShipmentID, TransactionID, DistributorID, ProductID, SourceCompanyID, DestinationCompanyID, PromisedDate, ActualDate, Quantity) VALUES (130, 283, 54, 23, 24, 12, '2022-07-31', '2022-08-01', 356);
INSERT INTO Receiving (ReceivingID, TransactionID, ShipmentID, ReceiverCompanyID, ReceivedDate, QuantityReceived) VALUES (130, 284, 130, 12, '2022-08-01', 356);
INSERT INTO InventoryTransaction (TransactionID, Type) VALUES (285, 'Shipping');
INSERT INTO InventoryTransaction (TransactionID, Type) VALUES (286, 'Receiving');
INSERT INTO Shipping (ShipmentID, TransactionID, DistributorID, ProductID, SourceCompanyID, DestinationCompanyID, PromisedDate, ActualDate, Quantity) VALUES (131, 285, 54, 7, 18, 14, '2022-01-26', '2022-01-31', 103);
INSERT INTO Receiving (ReceivingID, TransactionID, ShipmentID, ReceiverCompanyID, ReceivedDate, QuantityReceived) VALUES (131, 286, 131, 14, '2022-01-31', 103);
INSERT INTO InventoryTransaction (TransactionID, Type) VALUES (287, 'Shipping');
INSERT INTO InventoryTransaction (TransactionID, Type) VALUES (288, 'Receiving');
INSERT INTO Shipping (ShipmentID, TransactionID, DistributorID, ProductID, SourceCompanyID, DestinationCompanyID, PromisedDate, ActualDate, Quantity) VALUES (132, 287, 56, 24, 20, 12, '2025-12-18', '2025-12-21', 374);
INSERT INTO Receiving (ReceivingID, TransactionID, ShipmentID, ReceiverCompanyID, ReceivedDate, QuantityReceived) VALUES (132, 288, 132, 12, '2025-12-21', 374);
INSERT INTO InventoryTransaction (TransactionID, Type) VALUES (289, 'Adjustment');
INSERT INTO InventoryAdjustment (AdjustmentID, TransactionID, CompanyID, ProductID, AdjustmentDate, QuantityChange, Reason) VALUES (289, 289, 54, 13, '2021-04-23', 32, 'Mother image important my office single artist message.');
INSERT INTO InventoryTransaction (TransactionID, Type) VALUES (290, 'Adjustment');
INSERT INTO InventoryAdjustment (AdjustmentID, TransactionID, CompanyID, ProductID, AdjustmentDate, QuantityChange, Reason) VALUES (290, 290, 1, 7, '2024-02-03', 0, 'Interesting model color home.');
INSERT INTO InventoryTransaction (TransactionID, Type) VALUES (291, 'Shipping');
INSERT INTO InventoryTransaction (TransactionID, Type) VALUES (292, 'Receiving');
INSERT INTO Shipping (ShipmentID, TransactionID, DistributorID, ProductID, SourceCompanyID, DestinationCompanyID, PromisedDate, ActualDate, Quantity) VALUES (133, 291, 50, 2, 11, 6, '2025-07-09', '2025-07-12', 1);
INSERT INTO Receiving (ReceivingID, TransactionID, ShipmentID, ReceiverCompanyID, ReceivedDate, QuantityReceived) VALUES (133, 292, 133, 6, '2025-07-12', 1);
INSERT INTO InventoryTransaction (TransactionID, Type) VALUES (293, 'Shipping');
INSERT INTO InventoryTransaction (TransactionID, Type) VALUES (294, 'Receiving');
INSERT INTO Shipping (ShipmentID, TransactionID, DistributorID, ProductID, SourceCompanyID, DestinationCompanyID, PromisedDate, ActualDate, Quantity) VALUES (134, 293, 46, 46, 2, 32, '2024-11-14', '2024-11-17', 1);
INSERT INTO Receiving (ReceivingID, TransactionID, ShipmentID, ReceiverCompanyID, ReceivedDate, QuantityReceived) VALUES (134, 294, 134, 32, '2024-11-17', 1);
INSERT INTO InventoryTransaction (TransactionID, Type) VALUES (295, 'Shipping');
INSERT INTO InventoryTransaction (TransactionID, Type) VALUES (296, 'Receiving');
INSERT INTO Shipping (ShipmentID, TransactionID, DistributorID, ProductID, SourceCompanyID, DestinationCompanyID, PromisedDate, ActualDate, Quantity) VALUES (135, 295, 51, 6, 4, 42, '2022-12-31', '2023-01-02', 414);
INSERT INTO Receiving (ReceivingID, TransactionID, ShipmentID, ReceiverCompanyID, ReceivedDate, QuantityReceived) VALUES (135, 296, 135, 42, '2023-01-02', 414);
INSERT INTO InventoryTransaction (TransactionID, Type) VALUES (297, 'Shipping');
INSERT INTO InventoryTransaction (TransactionID, Type) VALUES (298, 'Receiving');
INSERT INTO Shipping (ShipmentID, TransactionID, DistributorID, ProductID, SourceCompanyID, DestinationCompanyID, PromisedDate, ActualDate, Quantity) VALUES (136, 297, 52, 50, 4, 37, '2023-04-25', '2023-04-29', 150);
INSERT INTO Receiving (ReceivingID, TransactionID, ShipmentID, ReceiverCompanyID, ReceivedDate, QuantityReceived) VALUES (136, 298, 136, 37, '2023-04-29', 150);
INSERT INTO InventoryTransaction (TransactionID, Type) VALUES (299, 'Shipping');
INSERT INTO InventoryTransaction (TransactionID, Type) VALUES (300, 'Receiving');
INSERT INTO Shipping (ShipmentID, TransactionID, DistributorID, ProductID, SourceCompanyID, DestinationCompanyID, PromisedDate, ActualDate, Quantity) VALUES (137, 299, 51, 31, 26, 8, '2021-11-14', '2021-11-17', 249);
INSERT INTO Receiving (ReceivingID, TransactionID, ShipmentID, ReceiverCompanyID, ReceivedDate, QuantityReceived) VALUES (137, 300, 137, 8, '2021-11-17', 249);
INSERT INTO FinancialReport (CompanyID, Quarter, RepYear, HealthScore) VALUES (1, 'Q1', 2020, 68.28);
INSERT INTO FinancialReport (CompanyID, Quarter, RepYear, HealthScore) VALUES (1, 'Q2', 2020, 68.05);
INSERT INTO FinancialReport (CompanyID, Quarter, RepYear, HealthScore) VALUES (1, 'Q3', 2020, 68.72);
INSERT INTO FinancialReport (CompanyID, Quarter, RepYear, HealthScore) VALUES (1, 'Q4', 2020, 65.62);
INSERT INTO FinancialReport (CompanyID, Quarter, RepYear, HealthScore) VALUES (1, 'Q1', 2021, 62.52);
INSERT INTO FinancialReport (CompanyID, Quarter, RepYear, HealthScore) VALUES (1, 'Q2', 2021, 62.87);
INSERT INTO FinancialReport (CompanyID, Quarter, RepYear, HealthScore) VALUES (1, 'Q3', 2021, 63.22);
INSERT INTO FinancialReport (CompanyID, Quarter, RepYear, HealthScore) VALUES (1, 'Q4', 2021, 64.10);
INSERT INTO FinancialReport (CompanyID, Quarter, RepYear, HealthScore) VALUES (1, 'Q1', 2022, 60.99);
INSERT INTO FinancialReport (CompanyID, Quarter, RepYear, HealthScore) VALUES (1, 'Q2', 2022, 62.43);
INSERT INTO FinancialReport (CompanyID, Quarter, RepYear, HealthScore) VALUES (1, 'Q3', 2022, 59.84);
INSERT INTO FinancialReport (CompanyID, Quarter, RepYear, HealthScore) VALUES (1, 'Q4', 2022, 61.57);
INSERT INTO FinancialReport (CompanyID, Quarter, RepYear, HealthScore) VALUES (1, 'Q1', 2023, 57.62);
INSERT INTO FinancialReport (CompanyID, Quarter, RepYear, HealthScore) VALUES (1, 'Q2', 2023, 59.08);
INSERT INTO FinancialReport (CompanyID, Quarter, RepYear, HealthScore) VALUES (1, 'Q3', 2023, 59.90);
INSERT INTO FinancialReport (CompanyID, Quarter, RepYear, HealthScore) VALUES (1, 'Q4', 2023, 57.86);
INSERT INTO FinancialReport (CompanyID, Quarter, RepYear, HealthScore) VALUES (1, 'Q1', 2024, 55.06);
INSERT INTO FinancialReport (CompanyID, Quarter, RepYear, HealthScore) VALUES (1, 'Q2', 2024, 56.99);
INSERT INTO FinancialReport (CompanyID, Quarter, RepYear, HealthScore) VALUES (1, 'Q3', 2024, 53.17);
INSERT INTO FinancialReport (CompanyID, Quarter, RepYear, HealthScore) VALUES (1, 'Q4', 2024, 53.77);
INSERT INTO FinancialReport (CompanyID, Quarter, RepYear, HealthScore) VALUES (1, 'Q1', 2025, 51.20);
INSERT INTO FinancialReport (CompanyID, Quarter, RepYear, HealthScore) VALUES (1, 'Q2', 2025, 53.32);
INSERT INTO FinancialReport (CompanyID, Quarter, RepYear, HealthScore) VALUES (1, 'Q3', 2025, 51.18);
INSERT INTO FinancialReport (CompanyID, Quarter, RepYear, HealthScore) VALUES (1, 'Q4', 2025, 53.73);
INSERT INTO FinancialReport (CompanyID, Quarter, RepYear, HealthScore) VALUES (2, 'Q1', 2020, 89.07);
INSERT INTO FinancialReport (CompanyID, Quarter, RepYear, HealthScore) VALUES (2, 'Q2', 2020, 87.75);
INSERT INTO FinancialReport (CompanyID, Quarter, RepYear, HealthScore) VALUES (2, 'Q3', 2020, 90.41);
INSERT INTO FinancialReport (CompanyID, Quarter, RepYear, HealthScore) VALUES (2, 'Q4', 2020, 88.45);
INSERT INTO FinancialReport (CompanyID, Quarter, RepYear, HealthScore) VALUES (2, 'Q1', 2021, 84.94);
INSERT INTO FinancialReport (CompanyID, Quarter, RepYear, HealthScore) VALUES (2, 'Q2', 2021, 85.67);
INSERT INTO FinancialReport (CompanyID, Quarter, RepYear, HealthScore) VALUES (2, 'Q3', 2021, 84.78);
INSERT INTO FinancialReport (CompanyID, Quarter, RepYear, HealthScore) VALUES (2, 'Q4', 2021, 84.17);
INSERT INTO FinancialReport (CompanyID, Quarter, RepYear, HealthScore) VALUES (2, 'Q1', 2022, 84.65);
INSERT INTO FinancialReport (CompanyID, Quarter, RepYear, HealthScore) VALUES (2, 'Q2', 2022, 81.44);
INSERT INTO FinancialReport (CompanyID, Quarter, RepYear, HealthScore) VALUES (2, 'Q3', 2022, 84.94);
INSERT INTO FinancialReport (CompanyID, Quarter, RepYear, HealthScore) VALUES (2, 'Q4', 2022, 82.91);
INSERT INTO FinancialReport (CompanyID, Quarter, RepYear, HealthScore) VALUES (2, 'Q1', 2023, 78.71);
INSERT INTO FinancialReport (CompanyID, Quarter, RepYear, HealthScore) VALUES (2, 'Q2', 2023, 79.83);
INSERT INTO FinancialReport (CompanyID, Quarter, RepYear, HealthScore) VALUES (2, 'Q3', 2023, 81.28);
INSERT INTO FinancialReport (CompanyID, Quarter, RepYear, HealthScore) VALUES (2, 'Q4', 2023, 80.97);
INSERT INTO FinancialReport (CompanyID, Quarter, RepYear, HealthScore) VALUES (2, 'Q1', 2024, 78.53);
INSERT INTO FinancialReport (CompanyID, Quarter, RepYear, HealthScore) VALUES (2, 'Q2', 2024, 78.70);
INSERT INTO FinancialReport (CompanyID, Quarter, RepYear, HealthScore) VALUES (2, 'Q3', 2024, 75.91);
INSERT INTO FinancialReport (CompanyID, Quarter, RepYear, HealthScore) VALUES (2, 'Q4', 2024, 77.73);
INSERT INTO FinancialReport (CompanyID, Quarter, RepYear, HealthScore) VALUES (2, 'Q1', 2025, 75.21);
INSERT INTO FinancialReport (CompanyID, Quarter, RepYear, HealthScore) VALUES (2, 'Q2', 2025, 73.55);
INSERT INTO FinancialReport (CompanyID, Quarter, RepYear, HealthScore) VALUES (2, 'Q3', 2025, 75.51);
INSERT INTO FinancialReport (CompanyID, Quarter, RepYear, HealthScore) VALUES (2, 'Q4', 2025, 72.13);
INSERT INTO FinancialReport (CompanyID, Quarter, RepYear, HealthScore) VALUES (3, 'Q1', 2020, 70.94);
INSERT INTO FinancialReport (CompanyID, Quarter, RepYear, HealthScore) VALUES (3, 'Q2', 2020, 73.45);
INSERT INTO FinancialReport (CompanyID, Quarter, RepYear, HealthScore) VALUES (3, 'Q3', 2020, 73.11);
INSERT INTO FinancialReport (CompanyID, Quarter, RepYear, HealthScore) VALUES (3, 'Q4', 2020, 72.46);
INSERT INTO FinancialReport (CompanyID, Quarter, RepYear, HealthScore) VALUES (3, 'Q1', 2021, 70.62);
INSERT INTO FinancialReport (CompanyID, Quarter, RepYear, HealthScore) VALUES (3, 'Q2', 2021, 70.37);
INSERT INTO FinancialReport (CompanyID, Quarter, RepYear, HealthScore) VALUES (3, 'Q3', 2021, 71.99);
INSERT INTO FinancialReport (CompanyID, Quarter, RepYear, HealthScore) VALUES (3, 'Q4', 2021, 69.09);
INSERT INTO FinancialReport (CompanyID, Quarter, RepYear, HealthScore) VALUES (3, 'Q1', 2022, 69.43);
INSERT INTO FinancialReport (CompanyID, Quarter, RepYear, HealthScore) VALUES (3, 'Q2', 2022, 69.58);
INSERT INTO FinancialReport (CompanyID, Quarter, RepYear, HealthScore) VALUES (3, 'Q3', 2022, 68.85);
INSERT INTO FinancialReport (CompanyID, Quarter, RepYear, HealthScore) VALUES (3, 'Q4', 2022, 70.64);
INSERT INTO FinancialReport (CompanyID, Quarter, RepYear, HealthScore) VALUES (3, 'Q1', 2023, 69.81);
INSERT INTO FinancialReport (CompanyID, Quarter, RepYear, HealthScore) VALUES (3, 'Q2', 2023, 67.40);
INSERT INTO FinancialReport (CompanyID, Quarter, RepYear, HealthScore) VALUES (3, 'Q3', 2023, 67.36);
INSERT INTO FinancialReport (CompanyID, Quarter, RepYear, HealthScore) VALUES (3, 'Q4', 2023, 70.08);
INSERT INTO FinancialReport (CompanyID, Quarter, RepYear, HealthScore) VALUES (3, 'Q1', 2024, 69.94);
INSERT INTO FinancialReport (CompanyID, Quarter, RepYear, HealthScore) VALUES (3, 'Q2', 2024, 69.56);
INSERT INTO FinancialReport (CompanyID, Quarter, RepYear, HealthScore) VALUES (3, 'Q3', 2024, 69.00);
INSERT INTO FinancialReport (CompanyID, Quarter, RepYear, HealthScore) VALUES (3, 'Q4', 2024, 69.83);
INSERT INTO FinancialReport (CompanyID, Quarter, RepYear, HealthScore) VALUES (3, 'Q1', 2025, 66.60);
INSERT INTO FinancialReport (CompanyID, Quarter, RepYear, HealthScore) VALUES (3, 'Q2', 2025, 65.53);
INSERT INTO FinancialReport (CompanyID, Quarter, RepYear, HealthScore) VALUES (3, 'Q3', 2025, 65.00);
INSERT INTO FinancialReport (CompanyID, Quarter, RepYear, HealthScore) VALUES (3, 'Q4', 2025, 67.54);
INSERT INTO FinancialReport (CompanyID, Quarter, RepYear, HealthScore) VALUES (4, 'Q1', 2020, 70.25);
INSERT INTO FinancialReport (CompanyID, Quarter, RepYear, HealthScore) VALUES (4, 'Q2', 2020, 68.01);
INSERT INTO FinancialReport (CompanyID, Quarter, RepYear, HealthScore) VALUES (4, 'Q3', 2020, 70.42);
INSERT INTO FinancialReport (CompanyID, Quarter, RepYear, HealthScore) VALUES (4, 'Q4', 2020, 70.55);
INSERT INTO FinancialReport (CompanyID, Quarter, RepYear, HealthScore) VALUES (4, 'Q1', 2021, 64.92);
INSERT INTO FinancialReport (CompanyID, Quarter, RepYear, HealthScore) VALUES (4, 'Q2', 2021, 64.42);
INSERT INTO FinancialReport (CompanyID, Quarter, RepYear, HealthScore) VALUES (4, 'Q3', 2021, 65.58);
INSERT INTO FinancialReport (CompanyID, Quarter, RepYear, HealthScore) VALUES (4, 'Q4', 2021, 67.87);
INSERT INTO FinancialReport (CompanyID, Quarter, RepYear, HealthScore) VALUES (4, 'Q1', 2022, 62.44);
INSERT INTO FinancialReport (CompanyID, Quarter, RepYear, HealthScore) VALUES (4, 'Q2', 2022, 63.36);
INSERT INTO FinancialReport (CompanyID, Quarter, RepYear, HealthScore) VALUES (4, 'Q3', 2022, 62.66);
INSERT INTO FinancialReport (CompanyID, Quarter, RepYear, HealthScore) VALUES (4, 'Q4', 2022, 61.06);
INSERT INTO FinancialReport (CompanyID, Quarter, RepYear, HealthScore) VALUES (4, 'Q1', 2023, 60.31);
INSERT INTO FinancialReport (CompanyID, Quarter, RepYear, HealthScore) VALUES (4, 'Q2', 2023, 59.90);
INSERT INTO FinancialReport (CompanyID, Quarter, RepYear, HealthScore) VALUES (4, 'Q3', 2023, 61.57);
INSERT INTO FinancialReport (CompanyID, Quarter, RepYear, HealthScore) VALUES (4, 'Q4', 2023, 61.08);
INSERT INTO FinancialReport (CompanyID, Quarter, RepYear, HealthScore) VALUES (4, 'Q1', 2024, 58.17);
INSERT INTO FinancialReport (CompanyID, Quarter, RepYear, HealthScore) VALUES (4, 'Q2', 2024, 56.77);
INSERT INTO FinancialReport (CompanyID, Quarter, RepYear, HealthScore) VALUES (4, 'Q3', 2024, 58.87);
INSERT INTO FinancialReport (CompanyID, Quarter, RepYear, HealthScore) VALUES (4, 'Q4', 2024, 55.47);
INSERT INTO FinancialReport (CompanyID, Quarter, RepYear, HealthScore) VALUES (4, 'Q1', 2025, 53.28);
INSERT INTO FinancialReport (CompanyID, Quarter, RepYear, HealthScore) VALUES (4, 'Q2', 2025, 54.84);
INSERT INTO FinancialReport (CompanyID, Quarter, RepYear, HealthScore) VALUES (4, 'Q3', 2025, 55.63);
INSERT INTO FinancialReport (CompanyID, Quarter, RepYear, HealthScore) VALUES (4, 'Q4', 2025, 54.25);
INSERT INTO FinancialReport (CompanyID, Quarter, RepYear, HealthScore) VALUES (5, 'Q1', 2020, 72.15);
INSERT INTO FinancialReport (CompanyID, Quarter, RepYear, HealthScore) VALUES (5, 'Q2', 2020, 73.70);
INSERT INTO FinancialReport (CompanyID, Quarter, RepYear, HealthScore) VALUES (5, 'Q3', 2020, 75.53);
INSERT INTO FinancialReport (CompanyID, Quarter, RepYear, HealthScore) VALUES (5, 'Q4', 2020, 73.18);
INSERT INTO FinancialReport (CompanyID, Quarter, RepYear, HealthScore) VALUES (5, 'Q1', 2021, 71.49);
INSERT INTO FinancialReport (CompanyID, Quarter, RepYear, HealthScore) VALUES (5, 'Q2', 2021, 72.93);
INSERT INTO FinancialReport (CompanyID, Quarter, RepYear, HealthScore) VALUES (5, 'Q3', 2021, 71.41);
INSERT INTO FinancialReport (CompanyID, Quarter, RepYear, HealthScore) VALUES (5, 'Q4', 2021, 70.53);
INSERT INTO FinancialReport (CompanyID, Quarter, RepYear, HealthScore) VALUES (5, 'Q1', 2022, 66.08);
INSERT INTO FinancialReport (CompanyID, Quarter, RepYear, HealthScore) VALUES (5, 'Q2', 2022, 66.59);
INSERT INTO FinancialReport (CompanyID, Quarter, RepYear, HealthScore) VALUES (5, 'Q3', 2022, 67.89);
INSERT INTO FinancialReport (CompanyID, Quarter, RepYear, HealthScore) VALUES (5, 'Q4', 2022, 66.57);
INSERT INTO FinancialReport (CompanyID, Quarter, RepYear, HealthScore) VALUES (5, 'Q1', 2023, 63.33);
INSERT INTO FinancialReport (CompanyID, Quarter, RepYear, HealthScore) VALUES (5, 'Q2', 2023, 64.91);
INSERT INTO FinancialReport (CompanyID, Quarter, RepYear, HealthScore) VALUES (5, 'Q3', 2023, 64.77);
INSERT INTO FinancialReport (CompanyID, Quarter, RepYear, HealthScore) VALUES (5, 'Q4', 2023, 66.98);
INSERT INTO FinancialReport (CompanyID, Quarter, RepYear, HealthScore) VALUES (5, 'Q1', 2024, 62.81);
INSERT INTO FinancialReport (CompanyID, Quarter, RepYear, HealthScore) VALUES (5, 'Q2', 2024, 63.50);
INSERT INTO FinancialReport (CompanyID, Quarter, RepYear, HealthScore) VALUES (5, 'Q3', 2024, 61.70);
INSERT INTO FinancialReport (CompanyID, Quarter, RepYear, HealthScore) VALUES (5, 'Q4', 2024, 60.92);
INSERT INTO FinancialReport (CompanyID, Quarter, RepYear, HealthScore) VALUES (5, 'Q1', 2025, 58.80);
INSERT INTO FinancialReport (CompanyID, Quarter, RepYear, HealthScore) VALUES (5, 'Q2', 2025, 60.38);
INSERT INTO FinancialReport (CompanyID, Quarter, RepYear, HealthScore) VALUES (5, 'Q3', 2025, 57.04);
INSERT INTO FinancialReport (CompanyID, Quarter, RepYear, HealthScore) VALUES (5, 'Q4', 2025, 59.23);
INSERT INTO FinancialReport (CompanyID, Quarter, RepYear, HealthScore) VALUES (6, 'Q1', 2020, 65.06);
INSERT INTO FinancialReport (CompanyID, Quarter, RepYear, HealthScore) VALUES (6, 'Q2', 2020, 64.32);
INSERT INTO FinancialReport (CompanyID, Quarter, RepYear, HealthScore) VALUES (6, 'Q3', 2020, 65.26);
INSERT INTO FinancialReport (CompanyID, Quarter, RepYear, HealthScore) VALUES (6, 'Q4', 2020, 66.53);
INSERT INTO FinancialReport (CompanyID, Quarter, RepYear, HealthScore) VALUES (6, 'Q1', 2021, 68.32);
INSERT INTO FinancialReport (CompanyID, Quarter, RepYear, HealthScore) VALUES (6, 'Q2', 2021, 68.75);
INSERT INTO FinancialReport (CompanyID, Quarter, RepYear, HealthScore) VALUES (6, 'Q3', 2021, 67.82);
INSERT INTO FinancialReport (CompanyID, Quarter, RepYear, HealthScore) VALUES (6, 'Q4', 2021, 67.13);
INSERT INTO FinancialReport (CompanyID, Quarter, RepYear, HealthScore) VALUES (6, 'Q1', 2022, 72.02);
INSERT INTO FinancialReport (CompanyID, Quarter, RepYear, HealthScore) VALUES (6, 'Q2', 2022, 72.70);
INSERT INTO FinancialReport (CompanyID, Quarter, RepYear, HealthScore) VALUES (6, 'Q3', 2022, 71.37);
INSERT INTO FinancialReport (CompanyID, Quarter, RepYear, HealthScore) VALUES (6, 'Q4', 2022, 72.36);
INSERT INTO FinancialReport (CompanyID, Quarter, RepYear, HealthScore) VALUES (6, 'Q1', 2023, 72.46);
INSERT INTO FinancialReport (CompanyID, Quarter, RepYear, HealthScore) VALUES (6, 'Q2', 2023, 75.38);
INSERT INTO FinancialReport (CompanyID, Quarter, RepYear, HealthScore) VALUES (6, 'Q3', 2023, 75.49);
INSERT INTO FinancialReport (CompanyID, Quarter, RepYear, HealthScore) VALUES (6, 'Q4', 2023, 72.74);
INSERT INTO FinancialReport (CompanyID, Quarter, RepYear, HealthScore) VALUES (6, 'Q1', 2024, 76.36);
INSERT INTO FinancialReport (CompanyID, Quarter, RepYear, HealthScore) VALUES (6, 'Q2', 2024, 78.88);
INSERT INTO FinancialReport (CompanyID, Quarter, RepYear, HealthScore) VALUES (6, 'Q3', 2024, 77.59);
INSERT INTO FinancialReport (CompanyID, Quarter, RepYear, HealthScore) VALUES (6, 'Q4', 2024, 76.29);
INSERT INTO FinancialReport (CompanyID, Quarter, RepYear, HealthScore) VALUES (6, 'Q1', 2025, 78.20);
INSERT INTO FinancialReport (CompanyID, Quarter, RepYear, HealthScore) VALUES (6, 'Q2', 2025, 79.65);
INSERT INTO FinancialReport (CompanyID, Quarter, RepYear, HealthScore) VALUES (6, 'Q3', 2025, 79.84);
INSERT INTO FinancialReport (CompanyID, Quarter, RepYear, HealthScore) VALUES (6, 'Q4', 2025, 80.65);
INSERT INTO FinancialReport (CompanyID, Quarter, RepYear, HealthScore) VALUES (7, 'Q1', 2020, 80.31);
INSERT INTO FinancialReport (CompanyID, Quarter, RepYear, HealthScore) VALUES (7, 'Q2', 2020, 82.52);
INSERT INTO FinancialReport (CompanyID, Quarter, RepYear, HealthScore) VALUES (7, 'Q3', 2020, 80.92);
INSERT INTO FinancialReport (CompanyID, Quarter, RepYear, HealthScore) VALUES (7, 'Q4', 2020, 80.17);
INSERT INTO FinancialReport (CompanyID, Quarter, RepYear, HealthScore) VALUES (7, 'Q1', 2021, 83.02);
INSERT INTO FinancialReport (CompanyID, Quarter, RepYear, HealthScore) VALUES (7, 'Q2', 2021, 83.36);
INSERT INTO FinancialReport (CompanyID, Quarter, RepYear, HealthScore) VALUES (7, 'Q3', 2021, 83.73);
INSERT INTO FinancialReport (CompanyID, Quarter, RepYear, HealthScore) VALUES (7, 'Q4', 2021, 85.77);
INSERT INTO FinancialReport (CompanyID, Quarter, RepYear, HealthScore) VALUES (7, 'Q1', 2022, 89.59);
INSERT INTO FinancialReport (CompanyID, Quarter, RepYear, HealthScore) VALUES (7, 'Q2', 2022, 86.43);
INSERT INTO FinancialReport (CompanyID, Quarter, RepYear, HealthScore) VALUES (7, 'Q3', 2022, 88.06);
INSERT INTO FinancialReport (CompanyID, Quarter, RepYear, HealthScore) VALUES (7, 'Q4', 2022, 87.75);
INSERT INTO FinancialReport (CompanyID, Quarter, RepYear, HealthScore) VALUES (7, 'Q1', 2023, 90.39);
INSERT INTO FinancialReport (CompanyID, Quarter, RepYear, HealthScore) VALUES (7, 'Q2', 2023, 90.11);
INSERT INTO FinancialReport (CompanyID, Quarter, RepYear, HealthScore) VALUES (7, 'Q3', 2023, 90.80);
INSERT INTO FinancialReport (CompanyID, Quarter, RepYear, HealthScore) VALUES (7, 'Q4', 2023, 92.92);
INSERT INTO FinancialReport (CompanyID, Quarter, RepYear, HealthScore) VALUES (7, 'Q1', 2024, 92.22);
INSERT INTO FinancialReport (CompanyID, Quarter, RepYear, HealthScore) VALUES (7, 'Q2', 2024, 94.55);
INSERT INTO FinancialReport (CompanyID, Quarter, RepYear, HealthScore) VALUES (7, 'Q3', 2024, 92.58);
INSERT INTO FinancialReport (CompanyID, Quarter, RepYear, HealthScore) VALUES (7, 'Q4', 2024, 92.40);
INSERT INTO FinancialReport (CompanyID, Quarter, RepYear, HealthScore) VALUES (7, 'Q1', 2025, 98.11);
INSERT INTO FinancialReport (CompanyID, Quarter, RepYear, HealthScore) VALUES (7, 'Q2', 2025, 95.63);
INSERT INTO FinancialReport (CompanyID, Quarter, RepYear, HealthScore) VALUES (7, 'Q3', 2025, 96.37);
INSERT INTO FinancialReport (CompanyID, Quarter, RepYear, HealthScore) VALUES (7, 'Q4', 2025, 97.64);
INSERT INTO FinancialReport (CompanyID, Quarter, RepYear, HealthScore) VALUES (8, 'Q1', 2020, 60.45);
INSERT INTO FinancialReport (CompanyID, Quarter, RepYear, HealthScore) VALUES (8, 'Q2', 2020, 60.73);
INSERT INTO FinancialReport (CompanyID, Quarter, RepYear, HealthScore) VALUES (8, 'Q3', 2020, 61.80);
INSERT INTO FinancialReport (CompanyID, Quarter, RepYear, HealthScore) VALUES (8, 'Q4', 2020, 62.97);
INSERT INTO FinancialReport (CompanyID, Quarter, RepYear, HealthScore) VALUES (8, 'Q1', 2021, 64.53);
INSERT INTO FinancialReport (CompanyID, Quarter, RepYear, HealthScore) VALUES (8, 'Q2', 2021, 63.66);
INSERT INTO FinancialReport (CompanyID, Quarter, RepYear, HealthScore) VALUES (8, 'Q3', 2021, 63.85);
INSERT INTO FinancialReport (CompanyID, Quarter, RepYear, HealthScore) VALUES (8, 'Q4', 2021, 64.57);
INSERT INTO FinancialReport (CompanyID, Quarter, RepYear, HealthScore) VALUES (8, 'Q1', 2022, 67.35);
INSERT INTO FinancialReport (CompanyID, Quarter, RepYear, HealthScore) VALUES (8, 'Q2', 2022, 68.39);
INSERT INTO FinancialReport (CompanyID, Quarter, RepYear, HealthScore) VALUES (8, 'Q3', 2022, 67.98);
INSERT INTO FinancialReport (CompanyID, Quarter, RepYear, HealthScore) VALUES (8, 'Q4', 2022, 66.56);
INSERT INTO FinancialReport (CompanyID, Quarter, RepYear, HealthScore) VALUES (8, 'Q1', 2023, 70.50);
INSERT INTO FinancialReport (CompanyID, Quarter, RepYear, HealthScore) VALUES (8, 'Q2', 2023, 70.78);
INSERT INTO FinancialReport (CompanyID, Quarter, RepYear, HealthScore) VALUES (8, 'Q3', 2023, 71.02);
INSERT INTO FinancialReport (CompanyID, Quarter, RepYear, HealthScore) VALUES (8, 'Q4', 2023, 72.70);
INSERT INTO FinancialReport (CompanyID, Quarter, RepYear, HealthScore) VALUES (8, 'Q1', 2024, 72.37);
INSERT INTO FinancialReport (CompanyID, Quarter, RepYear, HealthScore) VALUES (8, 'Q2', 2024, 76.00);
INSERT INTO FinancialReport (CompanyID, Quarter, RepYear, HealthScore) VALUES (8, 'Q3', 2024, 73.64);
INSERT INTO FinancialReport (CompanyID, Quarter, RepYear, HealthScore) VALUES (8, 'Q4', 2024, 75.34);
INSERT INTO FinancialReport (CompanyID, Quarter, RepYear, HealthScore) VALUES (8, 'Q1', 2025, 78.90);
INSERT INTO FinancialReport (CompanyID, Quarter, RepYear, HealthScore) VALUES (8, 'Q2', 2025, 77.38);
INSERT INTO FinancialReport (CompanyID, Quarter, RepYear, HealthScore) VALUES (8, 'Q3', 2025, 78.29);
INSERT INTO FinancialReport (CompanyID, Quarter, RepYear, HealthScore) VALUES (8, 'Q4', 2025, 76.32);
INSERT INTO FinancialReport (CompanyID, Quarter, RepYear, HealthScore) VALUES (9, 'Q1', 2020, 68.33);
INSERT INTO FinancialReport (CompanyID, Quarter, RepYear, HealthScore) VALUES (9, 'Q2', 2020, 66.14);
INSERT INTO FinancialReport (CompanyID, Quarter, RepYear, HealthScore) VALUES (9, 'Q3', 2020, 68.55);
INSERT INTO FinancialReport (CompanyID, Quarter, RepYear, HealthScore) VALUES (9, 'Q4', 2020, 67.31);
INSERT INTO FinancialReport (CompanyID, Quarter, RepYear, HealthScore) VALUES (9, 'Q1', 2021, 67.26);
INSERT INTO FinancialReport (CompanyID, Quarter, RepYear, HealthScore) VALUES (9, 'Q2', 2021, 66.60);
INSERT INTO FinancialReport (CompanyID, Quarter, RepYear, HealthScore) VALUES (9, 'Q3', 2021, 64.51);
INSERT INTO FinancialReport (CompanyID, Quarter, RepYear, HealthScore) VALUES (9, 'Q4', 2021, 67.54);
INSERT INTO FinancialReport (CompanyID, Quarter, RepYear, HealthScore) VALUES (9, 'Q1', 2022, 63.48);
INSERT INTO FinancialReport (CompanyID, Quarter, RepYear, HealthScore) VALUES (9, 'Q2', 2022, 65.06);
INSERT INTO FinancialReport (CompanyID, Quarter, RepYear, HealthScore) VALUES (9, 'Q3', 2022, 66.44);
INSERT INTO FinancialReport (CompanyID, Quarter, RepYear, HealthScore) VALUES (9, 'Q4', 2022, 64.29);
INSERT INTO FinancialReport (CompanyID, Quarter, RepYear, HealthScore) VALUES (9, 'Q1', 2023, 62.49);
INSERT INTO FinancialReport (CompanyID, Quarter, RepYear, HealthScore) VALUES (9, 'Q2', 2023, 65.91);
INSERT INTO FinancialReport (CompanyID, Quarter, RepYear, HealthScore) VALUES (9, 'Q3', 2023, 63.97);
INSERT INTO FinancialReport (CompanyID, Quarter, RepYear, HealthScore) VALUES (9, 'Q4', 2023, 64.97);
INSERT INTO FinancialReport (CompanyID, Quarter, RepYear, HealthScore) VALUES (9, 'Q1', 2024, 63.46);
INSERT INTO FinancialReport (CompanyID, Quarter, RepYear, HealthScore) VALUES (9, 'Q2', 2024, 61.74);
INSERT INTO FinancialReport (CompanyID, Quarter, RepYear, HealthScore) VALUES (9, 'Q3', 2024, 61.17);
INSERT INTO FinancialReport (CompanyID, Quarter, RepYear, HealthScore) VALUES (9, 'Q4', 2024, 61.65);
INSERT INTO FinancialReport (CompanyID, Quarter, RepYear, HealthScore) VALUES (9, 'Q1', 2025, 61.25);
INSERT INTO FinancialReport (CompanyID, Quarter, RepYear, HealthScore) VALUES (9, 'Q2', 2025, 63.39);
INSERT INTO FinancialReport (CompanyID, Quarter, RepYear, HealthScore) VALUES (9, 'Q3', 2025, 62.87);
INSERT INTO FinancialReport (CompanyID, Quarter, RepYear, HealthScore) VALUES (9, 'Q4', 2025, 63.68);
INSERT INTO FinancialReport (CompanyID, Quarter, RepYear, HealthScore) VALUES (10, 'Q1', 2020, 73.71);
INSERT INTO FinancialReport (CompanyID, Quarter, RepYear, HealthScore) VALUES (10, 'Q2', 2020, 75.10);
INSERT INTO FinancialReport (CompanyID, Quarter, RepYear, HealthScore) VALUES (10, 'Q3', 2020, 72.47);
INSERT INTO FinancialReport (CompanyID, Quarter, RepYear, HealthScore) VALUES (10, 'Q4', 2020, 74.17);
INSERT INTO FinancialReport (CompanyID, Quarter, RepYear, HealthScore) VALUES (10, 'Q1', 2021, 75.98);
INSERT INTO FinancialReport (CompanyID, Quarter, RepYear, HealthScore) VALUES (10, 'Q2', 2021, 72.62);
INSERT INTO FinancialReport (CompanyID, Quarter, RepYear, HealthScore) VALUES (10, 'Q3', 2021, 73.04);
INSERT INTO FinancialReport (CompanyID, Quarter, RepYear, HealthScore) VALUES (10, 'Q4', 2021, 73.55);
INSERT INTO FinancialReport (CompanyID, Quarter, RepYear, HealthScore) VALUES (10, 'Q1', 2022, 72.55);
INSERT INTO FinancialReport (CompanyID, Quarter, RepYear, HealthScore) VALUES (10, 'Q2', 2022, 75.00);
INSERT INTO FinancialReport (CompanyID, Quarter, RepYear, HealthScore) VALUES (10, 'Q3', 2022, 74.14);
INSERT INTO FinancialReport (CompanyID, Quarter, RepYear, HealthScore) VALUES (10, 'Q4', 2022, 72.98);
INSERT INTO FinancialReport (CompanyID, Quarter, RepYear, HealthScore) VALUES (10, 'Q1', 2023, 75.99);
INSERT INTO FinancialReport (CompanyID, Quarter, RepYear, HealthScore) VALUES (10, 'Q2', 2023, 73.15);
INSERT INTO FinancialReport (CompanyID, Quarter, RepYear, HealthScore) VALUES (10, 'Q3', 2023, 75.06);
INSERT INTO FinancialReport (CompanyID, Quarter, RepYear, HealthScore) VALUES (10, 'Q4', 2023, 74.47);
INSERT INTO FinancialReport (CompanyID, Quarter, RepYear, HealthScore) VALUES (10, 'Q1', 2024, 74.98);
INSERT INTO FinancialReport (CompanyID, Quarter, RepYear, HealthScore) VALUES (10, 'Q2', 2024, 75.57);
INSERT INTO FinancialReport (CompanyID, Quarter, RepYear, HealthScore) VALUES (10, 'Q3', 2024, 74.25);
INSERT INTO FinancialReport (CompanyID, Quarter, RepYear, HealthScore) VALUES (10, 'Q4', 2024, 75.41);
INSERT INTO FinancialReport (CompanyID, Quarter, RepYear, HealthScore) VALUES (10, 'Q1', 2025, 75.80);
INSERT INTO FinancialReport (CompanyID, Quarter, RepYear, HealthScore) VALUES (10, 'Q2', 2025, 73.34);
INSERT INTO FinancialReport (CompanyID, Quarter, RepYear, HealthScore) VALUES (10, 'Q3', 2025, 75.87);
INSERT INTO FinancialReport (CompanyID, Quarter, RepYear, HealthScore) VALUES (10, 'Q4', 2025, 73.05);
INSERT INTO FinancialReport (CompanyID, Quarter, RepYear, HealthScore) VALUES (11, 'Q1', 2020, 68.38);
INSERT INTO FinancialReport (CompanyID, Quarter, RepYear, HealthScore) VALUES (11, 'Q2', 2020, 70.79);
INSERT INTO FinancialReport (CompanyID, Quarter, RepYear, HealthScore) VALUES (11, 'Q3', 2020, 70.90);
INSERT INTO FinancialReport (CompanyID, Quarter, RepYear, HealthScore) VALUES (11, 'Q4', 2020, 69.63);
INSERT INTO FinancialReport (CompanyID, Quarter, RepYear, HealthScore) VALUES (11, 'Q1', 2021, 70.35);
INSERT INTO FinancialReport (CompanyID, Quarter, RepYear, HealthScore) VALUES (11, 'Q2', 2021, 71.80);
INSERT INTO FinancialReport (CompanyID, Quarter, RepYear, HealthScore) VALUES (11, 'Q3', 2021, 68.53);
INSERT INTO FinancialReport (CompanyID, Quarter, RepYear, HealthScore) VALUES (11, 'Q4', 2021, 68.34);
INSERT INTO FinancialReport (CompanyID, Quarter, RepYear, HealthScore) VALUES (11, 'Q1', 2022, 69.33);
INSERT INTO FinancialReport (CompanyID, Quarter, RepYear, HealthScore) VALUES (11, 'Q2', 2022, 69.32);
INSERT INTO FinancialReport (CompanyID, Quarter, RepYear, HealthScore) VALUES (11, 'Q3', 2022, 71.07);
INSERT INTO FinancialReport (CompanyID, Quarter, RepYear, HealthScore) VALUES (11, 'Q4', 2022, 71.36);
INSERT INTO FinancialReport (CompanyID, Quarter, RepYear, HealthScore) VALUES (11, 'Q1', 2023, 69.97);
INSERT INTO FinancialReport (CompanyID, Quarter, RepYear, HealthScore) VALUES (11, 'Q2', 2023, 68.12);
INSERT INTO FinancialReport (CompanyID, Quarter, RepYear, HealthScore) VALUES (11, 'Q3', 2023, 68.66);
INSERT INTO FinancialReport (CompanyID, Quarter, RepYear, HealthScore) VALUES (11, 'Q4', 2023, 69.76);
INSERT INTO FinancialReport (CompanyID, Quarter, RepYear, HealthScore) VALUES (11, 'Q1', 2024, 70.12);
INSERT INTO FinancialReport (CompanyID, Quarter, RepYear, HealthScore) VALUES (11, 'Q2', 2024, 71.95);
INSERT INTO FinancialReport (CompanyID, Quarter, RepYear, HealthScore) VALUES (11, 'Q3', 2024, 68.69);
INSERT INTO FinancialReport (CompanyID, Quarter, RepYear, HealthScore) VALUES (11, 'Q4', 2024, 69.85);
INSERT INTO FinancialReport (CompanyID, Quarter, RepYear, HealthScore) VALUES (11, 'Q1', 2025, 71.45);
INSERT INTO FinancialReport (CompanyID, Quarter, RepYear, HealthScore) VALUES (11, 'Q2', 2025, 69.99);
INSERT INTO FinancialReport (CompanyID, Quarter, RepYear, HealthScore) VALUES (11, 'Q3', 2025, 68.91);
INSERT INTO FinancialReport (CompanyID, Quarter, RepYear, HealthScore) VALUES (11, 'Q4', 2025, 69.93);
INSERT INTO FinancialReport (CompanyID, Quarter, RepYear, HealthScore) VALUES (12, 'Q1', 2020, 66.79);
INSERT INTO FinancialReport (CompanyID, Quarter, RepYear, HealthScore) VALUES (12, 'Q2', 2020, 65.63);
INSERT INTO FinancialReport (CompanyID, Quarter, RepYear, HealthScore) VALUES (12, 'Q3', 2020, 65.31);
INSERT INTO FinancialReport (CompanyID, Quarter, RepYear, HealthScore) VALUES (12, 'Q4', 2020, 65.85);
INSERT INTO FinancialReport (CompanyID, Quarter, RepYear, HealthScore) VALUES (12, 'Q1', 2021, 66.19);
INSERT INTO FinancialReport (CompanyID, Quarter, RepYear, HealthScore) VALUES (12, 'Q2', 2021, 68.40);
INSERT INTO FinancialReport (CompanyID, Quarter, RepYear, HealthScore) VALUES (12, 'Q3', 2021, 65.31);
INSERT INTO FinancialReport (CompanyID, Quarter, RepYear, HealthScore) VALUES (12, 'Q4', 2021, 65.18);
INSERT INTO FinancialReport (CompanyID, Quarter, RepYear, HealthScore) VALUES (12, 'Q1', 2022, 68.78);
INSERT INTO FinancialReport (CompanyID, Quarter, RepYear, HealthScore) VALUES (12, 'Q2', 2022, 67.84);
INSERT INTO FinancialReport (CompanyID, Quarter, RepYear, HealthScore) VALUES (12, 'Q3', 2022, 66.02);
INSERT INTO FinancialReport (CompanyID, Quarter, RepYear, HealthScore) VALUES (12, 'Q4', 2022, 65.01);
INSERT INTO FinancialReport (CompanyID, Quarter, RepYear, HealthScore) VALUES (12, 'Q1', 2023, 68.14);
INSERT INTO FinancialReport (CompanyID, Quarter, RepYear, HealthScore) VALUES (12, 'Q2', 2023, 66.78);
INSERT INTO FinancialReport (CompanyID, Quarter, RepYear, HealthScore) VALUES (12, 'Q3', 2023, 68.89);
INSERT INTO FinancialReport (CompanyID, Quarter, RepYear, HealthScore) VALUES (12, 'Q4', 2023, 66.36);
INSERT INTO FinancialReport (CompanyID, Quarter, RepYear, HealthScore) VALUES (12, 'Q1', 2024, 66.82);
INSERT INTO FinancialReport (CompanyID, Quarter, RepYear, HealthScore) VALUES (12, 'Q2', 2024, 65.78);
INSERT INTO FinancialReport (CompanyID, Quarter, RepYear, HealthScore) VALUES (12, 'Q3', 2024, 68.85);
INSERT INTO FinancialReport (CompanyID, Quarter, RepYear, HealthScore) VALUES (12, 'Q4', 2024, 67.79);
INSERT INTO FinancialReport (CompanyID, Quarter, RepYear, HealthScore) VALUES (12, 'Q1', 2025, 67.46);
INSERT INTO FinancialReport (CompanyID, Quarter, RepYear, HealthScore) VALUES (12, 'Q2', 2025, 68.76);
INSERT INTO FinancialReport (CompanyID, Quarter, RepYear, HealthScore) VALUES (12, 'Q3', 2025, 66.16);
INSERT INTO FinancialReport (CompanyID, Quarter, RepYear, HealthScore) VALUES (12, 'Q4', 2025, 65.02);
INSERT INTO FinancialReport (CompanyID, Quarter, RepYear, HealthScore) VALUES (13, 'Q1', 2020, 82.21);
INSERT INTO FinancialReport (CompanyID, Quarter, RepYear, HealthScore) VALUES (13, 'Q2', 2020, 82.05);
INSERT INTO FinancialReport (CompanyID, Quarter, RepYear, HealthScore) VALUES (13, 'Q3', 2020, 81.73);
INSERT INTO FinancialReport (CompanyID, Quarter, RepYear, HealthScore) VALUES (13, 'Q4', 2020, 80.89);
INSERT INTO FinancialReport (CompanyID, Quarter, RepYear, HealthScore) VALUES (13, 'Q1', 2021, 82.60);
INSERT INTO FinancialReport (CompanyID, Quarter, RepYear, HealthScore) VALUES (13, 'Q2', 2021, 81.39);
INSERT INTO FinancialReport (CompanyID, Quarter, RepYear, HealthScore) VALUES (13, 'Q3', 2021, 82.55);
INSERT INTO FinancialReport (CompanyID, Quarter, RepYear, HealthScore) VALUES (13, 'Q4', 2021, 81.12);
INSERT INTO FinancialReport (CompanyID, Quarter, RepYear, HealthScore) VALUES (13, 'Q1', 2022, 80.56);
INSERT INTO FinancialReport (CompanyID, Quarter, RepYear, HealthScore) VALUES (13, 'Q2', 2022, 78.84);
INSERT INTO FinancialReport (CompanyID, Quarter, RepYear, HealthScore) VALUES (13, 'Q3', 2022, 78.98);
INSERT INTO FinancialReport (CompanyID, Quarter, RepYear, HealthScore) VALUES (13, 'Q4', 2022, 81.23);
INSERT INTO FinancialReport (CompanyID, Quarter, RepYear, HealthScore) VALUES (13, 'Q1', 2023, 78.32);
INSERT INTO FinancialReport (CompanyID, Quarter, RepYear, HealthScore) VALUES (13, 'Q2', 2023, 79.46);
INSERT INTO FinancialReport (CompanyID, Quarter, RepYear, HealthScore) VALUES (13, 'Q3', 2023, 77.51);
INSERT INTO FinancialReport (CompanyID, Quarter, RepYear, HealthScore) VALUES (13, 'Q4', 2023, 80.92);
INSERT INTO FinancialReport (CompanyID, Quarter, RepYear, HealthScore) VALUES (13, 'Q1', 2024, 78.05);
INSERT INTO FinancialReport (CompanyID, Quarter, RepYear, HealthScore) VALUES (13, 'Q2', 2024, 79.73);
INSERT INTO FinancialReport (CompanyID, Quarter, RepYear, HealthScore) VALUES (13, 'Q3', 2024, 77.77);
INSERT INTO FinancialReport (CompanyID, Quarter, RepYear, HealthScore) VALUES (13, 'Q4', 2024, 78.58);
INSERT INTO FinancialReport (CompanyID, Quarter, RepYear, HealthScore) VALUES (13, 'Q1', 2025, 77.58);
INSERT INTO FinancialReport (CompanyID, Quarter, RepYear, HealthScore) VALUES (13, 'Q2', 2025, 75.29);
INSERT INTO FinancialReport (CompanyID, Quarter, RepYear, HealthScore) VALUES (13, 'Q3', 2025, 77.27);
INSERT INTO FinancialReport (CompanyID, Quarter, RepYear, HealthScore) VALUES (13, 'Q4', 2025, 78.32);
INSERT INTO FinancialReport (CompanyID, Quarter, RepYear, HealthScore) VALUES (14, 'Q1', 2020, 78.89);
INSERT INTO FinancialReport (CompanyID, Quarter, RepYear, HealthScore) VALUES (14, 'Q2', 2020, 79.23);
INSERT INTO FinancialReport (CompanyID, Quarter, RepYear, HealthScore) VALUES (14, 'Q3', 2020, 81.41);
INSERT INTO FinancialReport (CompanyID, Quarter, RepYear, HealthScore) VALUES (14, 'Q4', 2020, 79.19);
INSERT INTO FinancialReport (CompanyID, Quarter, RepYear, HealthScore) VALUES (14, 'Q1', 2021, 81.27);
INSERT INTO FinancialReport (CompanyID, Quarter, RepYear, HealthScore) VALUES (14, 'Q2', 2021, 79.47);
INSERT INTO FinancialReport (CompanyID, Quarter, RepYear, HealthScore) VALUES (14, 'Q3', 2021, 80.64);
INSERT INTO FinancialReport (CompanyID, Quarter, RepYear, HealthScore) VALUES (14, 'Q4', 2021, 81.59);
INSERT INTO FinancialReport (CompanyID, Quarter, RepYear, HealthScore) VALUES (14, 'Q1', 2022, 80.44);
INSERT INTO FinancialReport (CompanyID, Quarter, RepYear, HealthScore) VALUES (14, 'Q2', 2022, 79.72);
INSERT INTO FinancialReport (CompanyID, Quarter, RepYear, HealthScore) VALUES (14, 'Q3', 2022, 78.53);
INSERT INTO FinancialReport (CompanyID, Quarter, RepYear, HealthScore) VALUES (14, 'Q4', 2022, 78.76);
INSERT INTO FinancialReport (CompanyID, Quarter, RepYear, HealthScore) VALUES (14, 'Q1', 2023, 80.02);
INSERT INTO FinancialReport (CompanyID, Quarter, RepYear, HealthScore) VALUES (14, 'Q2', 2023, 79.07);
INSERT INTO FinancialReport (CompanyID, Quarter, RepYear, HealthScore) VALUES (14, 'Q3', 2023, 78.85);
INSERT INTO FinancialReport (CompanyID, Quarter, RepYear, HealthScore) VALUES (14, 'Q4', 2023, 79.65);
INSERT INTO FinancialReport (CompanyID, Quarter, RepYear, HealthScore) VALUES (14, 'Q1', 2024, 81.01);
INSERT INTO FinancialReport (CompanyID, Quarter, RepYear, HealthScore) VALUES (14, 'Q2', 2024, 79.14);
INSERT INTO FinancialReport (CompanyID, Quarter, RepYear, HealthScore) VALUES (14, 'Q3', 2024, 81.61);
INSERT INTO FinancialReport (CompanyID, Quarter, RepYear, HealthScore) VALUES (14, 'Q4', 2024, 78.02);
INSERT INTO FinancialReport (CompanyID, Quarter, RepYear, HealthScore) VALUES (14, 'Q1', 2025, 81.78);
INSERT INTO FinancialReport (CompanyID, Quarter, RepYear, HealthScore) VALUES (14, 'Q2', 2025, 81.53);
INSERT INTO FinancialReport (CompanyID, Quarter, RepYear, HealthScore) VALUES (14, 'Q3', 2025, 81.47);
INSERT INTO FinancialReport (CompanyID, Quarter, RepYear, HealthScore) VALUES (14, 'Q4', 2025, 80.52);
INSERT INTO FinancialReport (CompanyID, Quarter, RepYear, HealthScore) VALUES (15, 'Q1', 2020, 54.48);
INSERT INTO FinancialReport (CompanyID, Quarter, RepYear, HealthScore) VALUES (15, 'Q2', 2020, 53.51);
INSERT INTO FinancialReport (CompanyID, Quarter, RepYear, HealthScore) VALUES (15, 'Q3', 2020, 53.80);
INSERT INTO FinancialReport (CompanyID, Quarter, RepYear, HealthScore) VALUES (15, 'Q4', 2020, 53.41);
INSERT INTO FinancialReport (CompanyID, Quarter, RepYear, HealthScore) VALUES (15, 'Q1', 2021, 54.49);
INSERT INTO FinancialReport (CompanyID, Quarter, RepYear, HealthScore) VALUES (15, 'Q2', 2021, 52.27);
INSERT INTO FinancialReport (CompanyID, Quarter, RepYear, HealthScore) VALUES (15, 'Q3', 2021, 54.64);
INSERT INTO FinancialReport (CompanyID, Quarter, RepYear, HealthScore) VALUES (15, 'Q4', 2021, 52.34);
INSERT INTO FinancialReport (CompanyID, Quarter, RepYear, HealthScore) VALUES (15, 'Q1', 2022, 53.86);
INSERT INTO FinancialReport (CompanyID, Quarter, RepYear, HealthScore) VALUES (15, 'Q2', 2022, 53.58);
INSERT INTO FinancialReport (CompanyID, Quarter, RepYear, HealthScore) VALUES (15, 'Q3', 2022, 55.11);
INSERT INTO FinancialReport (CompanyID, Quarter, RepYear, HealthScore) VALUES (15, 'Q4', 2022, 54.81);
INSERT INTO FinancialReport (CompanyID, Quarter, RepYear, HealthScore) VALUES (15, 'Q1', 2023, 55.64);
INSERT INTO FinancialReport (CompanyID, Quarter, RepYear, HealthScore) VALUES (15, 'Q2', 2023, 53.31);
INSERT INTO FinancialReport (CompanyID, Quarter, RepYear, HealthScore) VALUES (15, 'Q3', 2023, 55.35);
INSERT INTO FinancialReport (CompanyID, Quarter, RepYear, HealthScore) VALUES (15, 'Q4', 2023, 53.50);
INSERT INTO FinancialReport (CompanyID, Quarter, RepYear, HealthScore) VALUES (15, 'Q1', 2024, 53.72);
INSERT INTO FinancialReport (CompanyID, Quarter, RepYear, HealthScore) VALUES (15, 'Q2', 2024, 52.23);
INSERT INTO FinancialReport (CompanyID, Quarter, RepYear, HealthScore) VALUES (15, 'Q3', 2024, 55.13);
INSERT INTO FinancialReport (CompanyID, Quarter, RepYear, HealthScore) VALUES (15, 'Q4', 2024, 53.92);
INSERT INTO FinancialReport (CompanyID, Quarter, RepYear, HealthScore) VALUES (15, 'Q1', 2025, 53.66);
INSERT INTO FinancialReport (CompanyID, Quarter, RepYear, HealthScore) VALUES (15, 'Q2', 2025, 55.09);
INSERT INTO FinancialReport (CompanyID, Quarter, RepYear, HealthScore) VALUES (15, 'Q3', 2025, 53.64);
INSERT INTO FinancialReport (CompanyID, Quarter, RepYear, HealthScore) VALUES (15, 'Q4', 2025, 54.89);
INSERT INTO FinancialReport (CompanyID, Quarter, RepYear, HealthScore) VALUES (16, 'Q1', 2020, 61.76);
INSERT INTO FinancialReport (CompanyID, Quarter, RepYear, HealthScore) VALUES (16, 'Q2', 2020, 59.50);
INSERT INTO FinancialReport (CompanyID, Quarter, RepYear, HealthScore) VALUES (16, 'Q3', 2020, 60.26);
INSERT INTO FinancialReport (CompanyID, Quarter, RepYear, HealthScore) VALUES (16, 'Q4', 2020, 60.28);
INSERT INTO FinancialReport (CompanyID, Quarter, RepYear, HealthScore) VALUES (16, 'Q1', 2021, 62.87);
INSERT INTO FinancialReport (CompanyID, Quarter, RepYear, HealthScore) VALUES (16, 'Q2', 2021, 63.33);
INSERT INTO FinancialReport (CompanyID, Quarter, RepYear, HealthScore) VALUES (16, 'Q3', 2021, 64.55);
INSERT INTO FinancialReport (CompanyID, Quarter, RepYear, HealthScore) VALUES (16, 'Q4', 2021, 65.34);
INSERT INTO FinancialReport (CompanyID, Quarter, RepYear, HealthScore) VALUES (16, 'Q1', 2022, 68.11);
INSERT INTO FinancialReport (CompanyID, Quarter, RepYear, HealthScore) VALUES (16, 'Q2', 2022, 68.05);
INSERT INTO FinancialReport (CompanyID, Quarter, RepYear, HealthScore) VALUES (16, 'Q3', 2022, 68.34);
INSERT INTO FinancialReport (CompanyID, Quarter, RepYear, HealthScore) VALUES (16, 'Q4', 2022, 66.08);
INSERT INTO FinancialReport (CompanyID, Quarter, RepYear, HealthScore) VALUES (16, 'Q1', 2023, 70.56);
INSERT INTO FinancialReport (CompanyID, Quarter, RepYear, HealthScore) VALUES (16, 'Q2', 2023, 68.75);
INSERT INTO FinancialReport (CompanyID, Quarter, RepYear, HealthScore) VALUES (16, 'Q3', 2023, 69.43);
INSERT INTO FinancialReport (CompanyID, Quarter, RepYear, HealthScore) VALUES (16, 'Q4', 2023, 68.22);
INSERT INTO FinancialReport (CompanyID, Quarter, RepYear, HealthScore) VALUES (16, 'Q1', 2024, 72.38);
INSERT INTO FinancialReport (CompanyID, Quarter, RepYear, HealthScore) VALUES (16, 'Q2', 2024, 74.09);
INSERT INTO FinancialReport (CompanyID, Quarter, RepYear, HealthScore) VALUES (16, 'Q3', 2024, 72.20);
INSERT INTO FinancialReport (CompanyID, Quarter, RepYear, HealthScore) VALUES (16, 'Q4', 2024, 74.63);
INSERT INTO FinancialReport (CompanyID, Quarter, RepYear, HealthScore) VALUES (16, 'Q1', 2025, 74.42);
INSERT INTO FinancialReport (CompanyID, Quarter, RepYear, HealthScore) VALUES (16, 'Q2', 2025, 76.62);
INSERT INTO FinancialReport (CompanyID, Quarter, RepYear, HealthScore) VALUES (16, 'Q3', 2025, 77.95);
INSERT INTO FinancialReport (CompanyID, Quarter, RepYear, HealthScore) VALUES (16, 'Q4', 2025, 76.21);
INSERT INTO FinancialReport (CompanyID, Quarter, RepYear, HealthScore) VALUES (17, 'Q1', 2020, 63.09);
INSERT INTO FinancialReport (CompanyID, Quarter, RepYear, HealthScore) VALUES (17, 'Q2', 2020, 65.74);
INSERT INTO FinancialReport (CompanyID, Quarter, RepYear, HealthScore) VALUES (17, 'Q3', 2020, 63.28);
INSERT INTO FinancialReport (CompanyID, Quarter, RepYear, HealthScore) VALUES (17, 'Q4', 2020, 64.44);
INSERT INTO FinancialReport (CompanyID, Quarter, RepYear, HealthScore) VALUES (17, 'Q1', 2021, 62.58);
INSERT INTO FinancialReport (CompanyID, Quarter, RepYear, HealthScore) VALUES (17, 'Q2', 2021, 60.00);
INSERT INTO FinancialReport (CompanyID, Quarter, RepYear, HealthScore) VALUES (17, 'Q3', 2021, 61.95);
INSERT INTO FinancialReport (CompanyID, Quarter, RepYear, HealthScore) VALUES (17, 'Q4', 2021, 60.08);
INSERT INTO FinancialReport (CompanyID, Quarter, RepYear, HealthScore) VALUES (17, 'Q1', 2022, 59.77);
INSERT INTO FinancialReport (CompanyID, Quarter, RepYear, HealthScore) VALUES (17, 'Q2', 2022, 57.63);
INSERT INTO FinancialReport (CompanyID, Quarter, RepYear, HealthScore) VALUES (17, 'Q3', 2022, 57.73);
INSERT INTO FinancialReport (CompanyID, Quarter, RepYear, HealthScore) VALUES (17, 'Q4', 2022, 56.61);
INSERT INTO FinancialReport (CompanyID, Quarter, RepYear, HealthScore) VALUES (17, 'Q1', 2023, 53.87);
INSERT INTO FinancialReport (CompanyID, Quarter, RepYear, HealthScore) VALUES (17, 'Q2', 2023, 55.63);
INSERT INTO FinancialReport (CompanyID, Quarter, RepYear, HealthScore) VALUES (17, 'Q3', 2023, 53.29);
INSERT INTO FinancialReport (CompanyID, Quarter, RepYear, HealthScore) VALUES (17, 'Q4', 2023, 55.60);
INSERT INTO FinancialReport (CompanyID, Quarter, RepYear, HealthScore) VALUES (17, 'Q1', 2024, 50.77);
INSERT INTO FinancialReport (CompanyID, Quarter, RepYear, HealthScore) VALUES (17, 'Q2', 2024, 53.96);
INSERT INTO FinancialReport (CompanyID, Quarter, RepYear, HealthScore) VALUES (17, 'Q3', 2024, 50.80);
INSERT INTO FinancialReport (CompanyID, Quarter, RepYear, HealthScore) VALUES (17, 'Q4', 2024, 51.95);
INSERT INTO FinancialReport (CompanyID, Quarter, RepYear, HealthScore) VALUES (17, 'Q1', 2025, 49.46);
INSERT INTO FinancialReport (CompanyID, Quarter, RepYear, HealthScore) VALUES (17, 'Q2', 2025, 50.46);
INSERT INTO FinancialReport (CompanyID, Quarter, RepYear, HealthScore) VALUES (17, 'Q3', 2025, 49.64);
INSERT INTO FinancialReport (CompanyID, Quarter, RepYear, HealthScore) VALUES (17, 'Q4', 2025, 50.83);
INSERT INTO FinancialReport (CompanyID, Quarter, RepYear, HealthScore) VALUES (18, 'Q1', 2020, 71.08);
INSERT INTO FinancialReport (CompanyID, Quarter, RepYear, HealthScore) VALUES (18, 'Q2', 2020, 69.99);
INSERT INTO FinancialReport (CompanyID, Quarter, RepYear, HealthScore) VALUES (18, 'Q3', 2020, 71.58);
INSERT INTO FinancialReport (CompanyID, Quarter, RepYear, HealthScore) VALUES (18, 'Q4', 2020, 69.94);
INSERT INTO FinancialReport (CompanyID, Quarter, RepYear, HealthScore) VALUES (18, 'Q1', 2021, 71.84);
INSERT INTO FinancialReport (CompanyID, Quarter, RepYear, HealthScore) VALUES (18, 'Q2', 2021, 69.47);
INSERT INTO FinancialReport (CompanyID, Quarter, RepYear, HealthScore) VALUES (18, 'Q3', 2021, 69.90);
INSERT INTO FinancialReport (CompanyID, Quarter, RepYear, HealthScore) VALUES (18, 'Q4', 2021, 70.52);
INSERT INTO FinancialReport (CompanyID, Quarter, RepYear, HealthScore) VALUES (18, 'Q1', 2022, 73.54);
INSERT INTO FinancialReport (CompanyID, Quarter, RepYear, HealthScore) VALUES (18, 'Q2', 2022, 70.41);
INSERT INTO FinancialReport (CompanyID, Quarter, RepYear, HealthScore) VALUES (18, 'Q3', 2022, 71.96);
INSERT INTO FinancialReport (CompanyID, Quarter, RepYear, HealthScore) VALUES (18, 'Q4', 2022, 71.95);
INSERT INTO FinancialReport (CompanyID, Quarter, RepYear, HealthScore) VALUES (18, 'Q1', 2023, 74.40);
INSERT INTO FinancialReport (CompanyID, Quarter, RepYear, HealthScore) VALUES (18, 'Q2', 2023, 72.73);
INSERT INTO FinancialReport (CompanyID, Quarter, RepYear, HealthScore) VALUES (18, 'Q3', 2023, 72.14);
INSERT INTO FinancialReport (CompanyID, Quarter, RepYear, HealthScore) VALUES (18, 'Q4', 2023, 72.72);
INSERT INTO FinancialReport (CompanyID, Quarter, RepYear, HealthScore) VALUES (18, 'Q1', 2024, 73.44);
INSERT INTO FinancialReport (CompanyID, Quarter, RepYear, HealthScore) VALUES (18, 'Q2', 2024, 72.83);
INSERT INTO FinancialReport (CompanyID, Quarter, RepYear, HealthScore) VALUES (18, 'Q3', 2024, 75.00);
INSERT INTO FinancialReport (CompanyID, Quarter, RepYear, HealthScore) VALUES (18, 'Q4', 2024, 73.21);
INSERT INTO FinancialReport (CompanyID, Quarter, RepYear, HealthScore) VALUES (18, 'Q1', 2025, 76.69);
INSERT INTO FinancialReport (CompanyID, Quarter, RepYear, HealthScore) VALUES (18, 'Q2', 2025, 76.20);
INSERT INTO FinancialReport (CompanyID, Quarter, RepYear, HealthScore) VALUES (18, 'Q3', 2025, 75.58);
INSERT INTO FinancialReport (CompanyID, Quarter, RepYear, HealthScore) VALUES (18, 'Q4', 2025, 74.70);
INSERT INTO FinancialReport (CompanyID, Quarter, RepYear, HealthScore) VALUES (19, 'Q1', 2020, 61.17);
INSERT INTO FinancialReport (CompanyID, Quarter, RepYear, HealthScore) VALUES (19, 'Q2', 2020, 61.97);
INSERT INTO FinancialReport (CompanyID, Quarter, RepYear, HealthScore) VALUES (19, 'Q3', 2020, 61.32);
INSERT INTO FinancialReport (CompanyID, Quarter, RepYear, HealthScore) VALUES (19, 'Q4', 2020, 64.19);
INSERT INTO FinancialReport (CompanyID, Quarter, RepYear, HealthScore) VALUES (19, 'Q1', 2021, 61.85);
INSERT INTO FinancialReport (CompanyID, Quarter, RepYear, HealthScore) VALUES (19, 'Q2', 2021, 64.28);
INSERT INTO FinancialReport (CompanyID, Quarter, RepYear, HealthScore) VALUES (19, 'Q3', 2021, 63.18);
INSERT INTO FinancialReport (CompanyID, Quarter, RepYear, HealthScore) VALUES (19, 'Q4', 2021, 61.56);
INSERT INTO FinancialReport (CompanyID, Quarter, RepYear, HealthScore) VALUES (19, 'Q1', 2022, 64.97);
INSERT INTO FinancialReport (CompanyID, Quarter, RepYear, HealthScore) VALUES (19, 'Q2', 2022, 61.60);
INSERT INTO FinancialReport (CompanyID, Quarter, RepYear, HealthScore) VALUES (19, 'Q3', 2022, 61.84);
INSERT INTO FinancialReport (CompanyID, Quarter, RepYear, HealthScore) VALUES (19, 'Q4', 2022, 61.38);
INSERT INTO FinancialReport (CompanyID, Quarter, RepYear, HealthScore) VALUES (19, 'Q1', 2023, 64.07);
INSERT INTO FinancialReport (CompanyID, Quarter, RepYear, HealthScore) VALUES (19, 'Q2', 2023, 64.67);
INSERT INTO FinancialReport (CompanyID, Quarter, RepYear, HealthScore) VALUES (19, 'Q3', 2023, 62.62);
INSERT INTO FinancialReport (CompanyID, Quarter, RepYear, HealthScore) VALUES (19, 'Q4', 2023, 64.22);
INSERT INTO FinancialReport (CompanyID, Quarter, RepYear, HealthScore) VALUES (19, 'Q1', 2024, 63.97);
INSERT INTO FinancialReport (CompanyID, Quarter, RepYear, HealthScore) VALUES (19, 'Q2', 2024, 64.35);
INSERT INTO FinancialReport (CompanyID, Quarter, RepYear, HealthScore) VALUES (19, 'Q3', 2024, 62.93);
INSERT INTO FinancialReport (CompanyID, Quarter, RepYear, HealthScore) VALUES (19, 'Q4', 2024, 64.33);
INSERT INTO FinancialReport (CompanyID, Quarter, RepYear, HealthScore) VALUES (19, 'Q1', 2025, 62.78);
INSERT INTO FinancialReport (CompanyID, Quarter, RepYear, HealthScore) VALUES (19, 'Q2', 2025, 62.58);
INSERT INTO FinancialReport (CompanyID, Quarter, RepYear, HealthScore) VALUES (19, 'Q3', 2025, 61.31);
INSERT INTO FinancialReport (CompanyID, Quarter, RepYear, HealthScore) VALUES (19, 'Q4', 2025, 62.40);
INSERT INTO FinancialReport (CompanyID, Quarter, RepYear, HealthScore) VALUES (20, 'Q1', 2020, 74.70);
INSERT INTO FinancialReport (CompanyID, Quarter, RepYear, HealthScore) VALUES (20, 'Q2', 2020, 75.49);
INSERT INTO FinancialReport (CompanyID, Quarter, RepYear, HealthScore) VALUES (20, 'Q3', 2020, 76.17);
INSERT INTO FinancialReport (CompanyID, Quarter, RepYear, HealthScore) VALUES (20, 'Q4', 2020, 74.08);
INSERT INTO FinancialReport (CompanyID, Quarter, RepYear, HealthScore) VALUES (20, 'Q1', 2021, 73.89);
INSERT INTO FinancialReport (CompanyID, Quarter, RepYear, HealthScore) VALUES (20, 'Q2', 2021, 73.00);
INSERT INTO FinancialReport (CompanyID, Quarter, RepYear, HealthScore) VALUES (20, 'Q3', 2021, 74.20);
INSERT INTO FinancialReport (CompanyID, Quarter, RepYear, HealthScore) VALUES (20, 'Q4', 2021, 72.61);
INSERT INTO FinancialReport (CompanyID, Quarter, RepYear, HealthScore) VALUES (20, 'Q1', 2022, 73.65);
INSERT INTO FinancialReport (CompanyID, Quarter, RepYear, HealthScore) VALUES (20, 'Q2', 2022, 71.08);
INSERT INTO FinancialReport (CompanyID, Quarter, RepYear, HealthScore) VALUES (20, 'Q3', 2022, 73.21);
INSERT INTO FinancialReport (CompanyID, Quarter, RepYear, HealthScore) VALUES (20, 'Q4', 2022, 72.54);
INSERT INTO FinancialReport (CompanyID, Quarter, RepYear, HealthScore) VALUES (20, 'Q1', 2023, 71.99);
INSERT INTO FinancialReport (CompanyID, Quarter, RepYear, HealthScore) VALUES (20, 'Q2', 2023, 70.14);
INSERT INTO FinancialReport (CompanyID, Quarter, RepYear, HealthScore) VALUES (20, 'Q3', 2023, 70.64);
INSERT INTO FinancialReport (CompanyID, Quarter, RepYear, HealthScore) VALUES (20, 'Q4', 2023, 72.43);
INSERT INTO FinancialReport (CompanyID, Quarter, RepYear, HealthScore) VALUES (20, 'Q1', 2024, 70.38);
INSERT INTO FinancialReport (CompanyID, Quarter, RepYear, HealthScore) VALUES (20, 'Q2', 2024, 72.03);
INSERT INTO FinancialReport (CompanyID, Quarter, RepYear, HealthScore) VALUES (20, 'Q3', 2024, 70.03);
INSERT INTO FinancialReport (CompanyID, Quarter, RepYear, HealthScore) VALUES (20, 'Q4', 2024, 69.29);
INSERT INTO FinancialReport (CompanyID, Quarter, RepYear, HealthScore) VALUES (20, 'Q1', 2025, 68.60);
INSERT INTO FinancialReport (CompanyID, Quarter, RepYear, HealthScore) VALUES (20, 'Q2', 2025, 68.07);
INSERT INTO FinancialReport (CompanyID, Quarter, RepYear, HealthScore) VALUES (20, 'Q3', 2025, 69.67);
INSERT INTO FinancialReport (CompanyID, Quarter, RepYear, HealthScore) VALUES (20, 'Q4', 2025, 70.05);
INSERT INTO FinancialReport (CompanyID, Quarter, RepYear, HealthScore) VALUES (21, 'Q1', 2020, 79.46);
INSERT INTO FinancialReport (CompanyID, Quarter, RepYear, HealthScore) VALUES (21, 'Q2', 2020, 78.52);
INSERT INTO FinancialReport (CompanyID, Quarter, RepYear, HealthScore) VALUES (21, 'Q3', 2020, 78.48);
INSERT INTO FinancialReport (CompanyID, Quarter, RepYear, HealthScore) VALUES (21, 'Q4', 2020, 78.30);
INSERT INTO FinancialReport (CompanyID, Quarter, RepYear, HealthScore) VALUES (21, 'Q1', 2021, 81.57);
INSERT INTO FinancialReport (CompanyID, Quarter, RepYear, HealthScore) VALUES (21, 'Q2', 2021, 80.80);
INSERT INTO FinancialReport (CompanyID, Quarter, RepYear, HealthScore) VALUES (21, 'Q3', 2021, 78.91);
INSERT INTO FinancialReport (CompanyID, Quarter, RepYear, HealthScore) VALUES (21, 'Q4', 2021, 78.35);
INSERT INTO FinancialReport (CompanyID, Quarter, RepYear, HealthScore) VALUES (21, 'Q1', 2022, 78.68);
INSERT INTO FinancialReport (CompanyID, Quarter, RepYear, HealthScore) VALUES (21, 'Q2', 2022, 78.64);
INSERT INTO FinancialReport (CompanyID, Quarter, RepYear, HealthScore) VALUES (21, 'Q3', 2022, 80.75);
INSERT INTO FinancialReport (CompanyID, Quarter, RepYear, HealthScore) VALUES (21, 'Q4', 2022, 81.77);
INSERT INTO FinancialReport (CompanyID, Quarter, RepYear, HealthScore) VALUES (21, 'Q1', 2023, 79.72);
INSERT INTO FinancialReport (CompanyID, Quarter, RepYear, HealthScore) VALUES (21, 'Q2', 2023, 80.18);
INSERT INTO FinancialReport (CompanyID, Quarter, RepYear, HealthScore) VALUES (21, 'Q3', 2023, 81.65);
INSERT INTO FinancialReport (CompanyID, Quarter, RepYear, HealthScore) VALUES (21, 'Q4', 2023, 80.93);
INSERT INTO FinancialReport (CompanyID, Quarter, RepYear, HealthScore) VALUES (21, 'Q1', 2024, 78.11);
INSERT INTO FinancialReport (CompanyID, Quarter, RepYear, HealthScore) VALUES (21, 'Q2', 2024, 81.69);
INSERT INTO FinancialReport (CompanyID, Quarter, RepYear, HealthScore) VALUES (21, 'Q3', 2024, 80.14);
INSERT INTO FinancialReport (CompanyID, Quarter, RepYear, HealthScore) VALUES (21, 'Q4', 2024, 81.96);
INSERT INTO FinancialReport (CompanyID, Quarter, RepYear, HealthScore) VALUES (21, 'Q1', 2025, 78.43);
INSERT INTO FinancialReport (CompanyID, Quarter, RepYear, HealthScore) VALUES (21, 'Q2', 2025, 80.47);
INSERT INTO FinancialReport (CompanyID, Quarter, RepYear, HealthScore) VALUES (21, 'Q3', 2025, 80.87);
INSERT INTO FinancialReport (CompanyID, Quarter, RepYear, HealthScore) VALUES (21, 'Q4', 2025, 80.33);
INSERT INTO FinancialReport (CompanyID, Quarter, RepYear, HealthScore) VALUES (22, 'Q1', 2020, 66.06);
INSERT INTO FinancialReport (CompanyID, Quarter, RepYear, HealthScore) VALUES (22, 'Q2', 2020, 65.20);
INSERT INTO FinancialReport (CompanyID, Quarter, RepYear, HealthScore) VALUES (22, 'Q3', 2020, 66.44);
INSERT INTO FinancialReport (CompanyID, Quarter, RepYear, HealthScore) VALUES (22, 'Q4', 2020, 64.99);
INSERT INTO FinancialReport (CompanyID, Quarter, RepYear, HealthScore) VALUES (22, 'Q1', 2021, 68.81);
INSERT INTO FinancialReport (CompanyID, Quarter, RepYear, HealthScore) VALUES (22, 'Q2', 2021, 70.37);
INSERT INTO FinancialReport (CompanyID, Quarter, RepYear, HealthScore) VALUES (22, 'Q3', 2021, 67.69);
INSERT INTO FinancialReport (CompanyID, Quarter, RepYear, HealthScore) VALUES (22, 'Q4', 2021, 70.03);
INSERT INTO FinancialReport (CompanyID, Quarter, RepYear, HealthScore) VALUES (22, 'Q1', 2022, 71.01);
INSERT INTO FinancialReport (CompanyID, Quarter, RepYear, HealthScore) VALUES (22, 'Q2', 2022, 70.91);
INSERT INTO FinancialReport (CompanyID, Quarter, RepYear, HealthScore) VALUES (22, 'Q3', 2022, 71.31);
INSERT INTO FinancialReport (CompanyID, Quarter, RepYear, HealthScore) VALUES (22, 'Q4', 2022, 73.15);
INSERT INTO FinancialReport (CompanyID, Quarter, RepYear, HealthScore) VALUES (22, 'Q1', 2023, 74.75);
INSERT INTO FinancialReport (CompanyID, Quarter, RepYear, HealthScore) VALUES (22, 'Q2', 2023, 74.36);
INSERT INTO FinancialReport (CompanyID, Quarter, RepYear, HealthScore) VALUES (22, 'Q3', 2023, 74.92);
INSERT INTO FinancialReport (CompanyID, Quarter, RepYear, HealthScore) VALUES (22, 'Q4', 2023, 76.74);
INSERT INTO FinancialReport (CompanyID, Quarter, RepYear, HealthScore) VALUES (22, 'Q1', 2024, 76.43);
INSERT INTO FinancialReport (CompanyID, Quarter, RepYear, HealthScore) VALUES (22, 'Q2', 2024, 79.85);
INSERT INTO FinancialReport (CompanyID, Quarter, RepYear, HealthScore) VALUES (22, 'Q3', 2024, 77.23);
INSERT INTO FinancialReport (CompanyID, Quarter, RepYear, HealthScore) VALUES (22, 'Q4', 2024, 79.65);
INSERT INTO FinancialReport (CompanyID, Quarter, RepYear, HealthScore) VALUES (22, 'Q1', 2025, 81.80);
INSERT INTO FinancialReport (CompanyID, Quarter, RepYear, HealthScore) VALUES (22, 'Q2', 2025, 81.60);
INSERT INTO FinancialReport (CompanyID, Quarter, RepYear, HealthScore) VALUES (22, 'Q3', 2025, 81.41);
INSERT INTO FinancialReport (CompanyID, Quarter, RepYear, HealthScore) VALUES (22, 'Q4', 2025, 81.34);
INSERT INTO FinancialReport (CompanyID, Quarter, RepYear, HealthScore) VALUES (23, 'Q1', 2020, 85.77);
INSERT INTO FinancialReport (CompanyID, Quarter, RepYear, HealthScore) VALUES (23, 'Q2', 2020, 87.95);
INSERT INTO FinancialReport (CompanyID, Quarter, RepYear, HealthScore) VALUES (23, 'Q3', 2020, 85.89);
INSERT INTO FinancialReport (CompanyID, Quarter, RepYear, HealthScore) VALUES (23, 'Q4', 2020, 84.79);
INSERT INTO FinancialReport (CompanyID, Quarter, RepYear, HealthScore) VALUES (23, 'Q1', 2021, 90.28);
INSERT INTO FinancialReport (CompanyID, Quarter, RepYear, HealthScore) VALUES (23, 'Q2', 2021, 90.94);
INSERT INTO FinancialReport (CompanyID, Quarter, RepYear, HealthScore) VALUES (23, 'Q3', 2021, 88.61);
INSERT INTO FinancialReport (CompanyID, Quarter, RepYear, HealthScore) VALUES (23, 'Q4', 2021, 88.07);
INSERT INTO FinancialReport (CompanyID, Quarter, RepYear, HealthScore) VALUES (23, 'Q1', 2022, 91.65);
INSERT INTO FinancialReport (CompanyID, Quarter, RepYear, HealthScore) VALUES (23, 'Q2', 2022, 91.84);
INSERT INTO FinancialReport (CompanyID, Quarter, RepYear, HealthScore) VALUES (23, 'Q3', 2022, 93.45);
INSERT INTO FinancialReport (CompanyID, Quarter, RepYear, HealthScore) VALUES (23, 'Q4', 2022, 92.47);
INSERT INTO FinancialReport (CompanyID, Quarter, RepYear, HealthScore) VALUES (23, 'Q1', 2023, 93.73);
INSERT INTO FinancialReport (CompanyID, Quarter, RepYear, HealthScore) VALUES (23, 'Q2', 2023, 93.35);
INSERT INTO FinancialReport (CompanyID, Quarter, RepYear, HealthScore) VALUES (23, 'Q3', 2023, 94.10);
INSERT INTO FinancialReport (CompanyID, Quarter, RepYear, HealthScore) VALUES (23, 'Q4', 2023, 96.98);
INSERT INTO FinancialReport (CompanyID, Quarter, RepYear, HealthScore) VALUES (23, 'Q1', 2024, 97.85);
INSERT INTO FinancialReport (CompanyID, Quarter, RepYear, HealthScore) VALUES (23, 'Q2', 2024, 98.92);
INSERT INTO FinancialReport (CompanyID, Quarter, RepYear, HealthScore) VALUES (23, 'Q3', 2024, 97.89);
INSERT INTO FinancialReport (CompanyID, Quarter, RepYear, HealthScore) VALUES (23, 'Q4', 2024, 96.68);
INSERT INTO FinancialReport (CompanyID, Quarter, RepYear, HealthScore) VALUES (23, 'Q1', 2025, 100.00);
INSERT INTO FinancialReport (CompanyID, Quarter, RepYear, HealthScore) VALUES (23, 'Q2', 2025, 100.00);
INSERT INTO FinancialReport (CompanyID, Quarter, RepYear, HealthScore) VALUES (23, 'Q3', 2025, 100.00);
INSERT INTO FinancialReport (CompanyID, Quarter, RepYear, HealthScore) VALUES (23, 'Q4', 2025, 100.00);
INSERT INTO FinancialReport (CompanyID, Quarter, RepYear, HealthScore) VALUES (24, 'Q1', 2020, 84.47);
INSERT INTO FinancialReport (CompanyID, Quarter, RepYear, HealthScore) VALUES (24, 'Q2', 2020, 81.83);
INSERT INTO FinancialReport (CompanyID, Quarter, RepYear, HealthScore) VALUES (24, 'Q3', 2020, 83.97);
INSERT INTO FinancialReport (CompanyID, Quarter, RepYear, HealthScore) VALUES (24, 'Q4', 2020, 84.85);
INSERT INTO FinancialReport (CompanyID, Quarter, RepYear, HealthScore) VALUES (24, 'Q1', 2021, 85.60);
INSERT INTO FinancialReport (CompanyID, Quarter, RepYear, HealthScore) VALUES (24, 'Q2', 2021, 87.90);
INSERT INTO FinancialReport (CompanyID, Quarter, RepYear, HealthScore) VALUES (24, 'Q3', 2021, 86.72);
INSERT INTO FinancialReport (CompanyID, Quarter, RepYear, HealthScore) VALUES (24, 'Q4', 2021, 85.42);
INSERT INTO FinancialReport (CompanyID, Quarter, RepYear, HealthScore) VALUES (24, 'Q1', 2022, 87.16);
INSERT INTO FinancialReport (CompanyID, Quarter, RepYear, HealthScore) VALUES (24, 'Q2', 2022, 88.57);
INSERT INTO FinancialReport (CompanyID, Quarter, RepYear, HealthScore) VALUES (24, 'Q3', 2022, 88.69);
INSERT INTO FinancialReport (CompanyID, Quarter, RepYear, HealthScore) VALUES (24, 'Q4', 2022, 90.17);
INSERT INTO FinancialReport (CompanyID, Quarter, RepYear, HealthScore) VALUES (24, 'Q1', 2023, 92.42);
INSERT INTO FinancialReport (CompanyID, Quarter, RepYear, HealthScore) VALUES (24, 'Q2', 2023, 92.41);
INSERT INTO FinancialReport (CompanyID, Quarter, RepYear, HealthScore) VALUES (24, 'Q3', 2023, 93.65);
INSERT INTO FinancialReport (CompanyID, Quarter, RepYear, HealthScore) VALUES (24, 'Q4', 2023, 92.00);
INSERT INTO FinancialReport (CompanyID, Quarter, RepYear, HealthScore) VALUES (24, 'Q1', 2024, 93.69);
INSERT INTO FinancialReport (CompanyID, Quarter, RepYear, HealthScore) VALUES (24, 'Q2', 2024, 95.84);
INSERT INTO FinancialReport (CompanyID, Quarter, RepYear, HealthScore) VALUES (24, 'Q3', 2024, 95.26);
INSERT INTO FinancialReport (CompanyID, Quarter, RepYear, HealthScore) VALUES (24, 'Q4', 2024, 96.36);
INSERT INTO FinancialReport (CompanyID, Quarter, RepYear, HealthScore) VALUES (24, 'Q1', 2025, 99.64);
INSERT INTO FinancialReport (CompanyID, Quarter, RepYear, HealthScore) VALUES (24, 'Q2', 2025, 96.90);
INSERT INTO FinancialReport (CompanyID, Quarter, RepYear, HealthScore) VALUES (24, 'Q3', 2025, 97.23);
INSERT INTO FinancialReport (CompanyID, Quarter, RepYear, HealthScore) VALUES (24, 'Q4', 2025, 99.03);
INSERT INTO FinancialReport (CompanyID, Quarter, RepYear, HealthScore) VALUES (25, 'Q1', 2020, 50.92);
INSERT INTO FinancialReport (CompanyID, Quarter, RepYear, HealthScore) VALUES (25, 'Q2', 2020, 53.45);
INSERT INTO FinancialReport (CompanyID, Quarter, RepYear, HealthScore) VALUES (25, 'Q3', 2020, 52.06);
INSERT INTO FinancialReport (CompanyID, Quarter, RepYear, HealthScore) VALUES (25, 'Q4', 2020, 51.92);
INSERT INTO FinancialReport (CompanyID, Quarter, RepYear, HealthScore) VALUES (25, 'Q1', 2021, 50.92);
INSERT INTO FinancialReport (CompanyID, Quarter, RepYear, HealthScore) VALUES (25, 'Q2', 2021, 52.65);
INSERT INTO FinancialReport (CompanyID, Quarter, RepYear, HealthScore) VALUES (25, 'Q3', 2021, 50.94);
INSERT INTO FinancialReport (CompanyID, Quarter, RepYear, HealthScore) VALUES (25, 'Q4', 2021, 53.26);
INSERT INTO FinancialReport (CompanyID, Quarter, RepYear, HealthScore) VALUES (25, 'Q1', 2022, 52.68);
INSERT INTO FinancialReport (CompanyID, Quarter, RepYear, HealthScore) VALUES (25, 'Q2', 2022, 52.52);
INSERT INTO FinancialReport (CompanyID, Quarter, RepYear, HealthScore) VALUES (25, 'Q3', 2022, 52.03);
INSERT INTO FinancialReport (CompanyID, Quarter, RepYear, HealthScore) VALUES (25, 'Q4', 2022, 53.95);
INSERT INTO FinancialReport (CompanyID, Quarter, RepYear, HealthScore) VALUES (25, 'Q1', 2023, 50.93);
INSERT INTO FinancialReport (CompanyID, Quarter, RepYear, HealthScore) VALUES (25, 'Q2', 2023, 51.27);
INSERT INTO FinancialReport (CompanyID, Quarter, RepYear, HealthScore) VALUES (25, 'Q3', 2023, 50.92);
INSERT INTO FinancialReport (CompanyID, Quarter, RepYear, HealthScore) VALUES (25, 'Q4', 2023, 50.43);
INSERT INTO FinancialReport (CompanyID, Quarter, RepYear, HealthScore) VALUES (25, 'Q1', 2024, 53.64);
INSERT INTO FinancialReport (CompanyID, Quarter, RepYear, HealthScore) VALUES (25, 'Q2', 2024, 50.28);
INSERT INTO FinancialReport (CompanyID, Quarter, RepYear, HealthScore) VALUES (25, 'Q3', 2024, 52.70);
INSERT INTO FinancialReport (CompanyID, Quarter, RepYear, HealthScore) VALUES (25, 'Q4', 2024, 52.35);
INSERT INTO FinancialReport (CompanyID, Quarter, RepYear, HealthScore) VALUES (25, 'Q1', 2025, 50.16);
INSERT INTO FinancialReport (CompanyID, Quarter, RepYear, HealthScore) VALUES (25, 'Q2', 2025, 53.08);
INSERT INTO FinancialReport (CompanyID, Quarter, RepYear, HealthScore) VALUES (25, 'Q3', 2025, 50.40);
INSERT INTO FinancialReport (CompanyID, Quarter, RepYear, HealthScore) VALUES (25, 'Q4', 2025, 52.07);
INSERT INTO FinancialReport (CompanyID, Quarter, RepYear, HealthScore) VALUES (26, 'Q1', 2020, 52.69);
INSERT INTO FinancialReport (CompanyID, Quarter, RepYear, HealthScore) VALUES (26, 'Q2', 2020, 52.83);
INSERT INTO FinancialReport (CompanyID, Quarter, RepYear, HealthScore) VALUES (26, 'Q3', 2020, 52.94);
INSERT INTO FinancialReport (CompanyID, Quarter, RepYear, HealthScore) VALUES (26, 'Q4', 2020, 51.52);
INSERT INTO FinancialReport (CompanyID, Quarter, RepYear, HealthScore) VALUES (26, 'Q1', 2021, 52.75);
INSERT INTO FinancialReport (CompanyID, Quarter, RepYear, HealthScore) VALUES (26, 'Q2', 2021, 51.15);
INSERT INTO FinancialReport (CompanyID, Quarter, RepYear, HealthScore) VALUES (26, 'Q3', 2021, 52.85);
INSERT INTO FinancialReport (CompanyID, Quarter, RepYear, HealthScore) VALUES (26, 'Q4', 2021, 52.06);
INSERT INTO FinancialReport (CompanyID, Quarter, RepYear, HealthScore) VALUES (26, 'Q1', 2022, 51.74);
INSERT INTO FinancialReport (CompanyID, Quarter, RepYear, HealthScore) VALUES (26, 'Q2', 2022, 51.08);
INSERT INTO FinancialReport (CompanyID, Quarter, RepYear, HealthScore) VALUES (26, 'Q3', 2022, 52.53);
INSERT INTO FinancialReport (CompanyID, Quarter, RepYear, HealthScore) VALUES (26, 'Q4', 2022, 51.78);
INSERT INTO FinancialReport (CompanyID, Quarter, RepYear, HealthScore) VALUES (26, 'Q1', 2023, 48.20);
INSERT INTO FinancialReport (CompanyID, Quarter, RepYear, HealthScore) VALUES (26, 'Q2', 2023, 49.22);
INSERT INTO FinancialReport (CompanyID, Quarter, RepYear, HealthScore) VALUES (26, 'Q3', 2023, 48.14);
INSERT INTO FinancialReport (CompanyID, Quarter, RepYear, HealthScore) VALUES (26, 'Q4', 2023, 48.93);
INSERT INTO FinancialReport (CompanyID, Quarter, RepYear, HealthScore) VALUES (26, 'Q1', 2024, 48.19);
INSERT INTO FinancialReport (CompanyID, Quarter, RepYear, HealthScore) VALUES (26, 'Q2', 2024, 50.00);
INSERT INTO FinancialReport (CompanyID, Quarter, RepYear, HealthScore) VALUES (26, 'Q3', 2024, 49.37);
INSERT INTO FinancialReport (CompanyID, Quarter, RepYear, HealthScore) VALUES (26, 'Q4', 2024, 47.43);
INSERT INTO FinancialReport (CompanyID, Quarter, RepYear, HealthScore) VALUES (26, 'Q1', 2025, 48.17);
INSERT INTO FinancialReport (CompanyID, Quarter, RepYear, HealthScore) VALUES (26, 'Q2', 2025, 48.82);
INSERT INTO FinancialReport (CompanyID, Quarter, RepYear, HealthScore) VALUES (26, 'Q3', 2025, 47.07);
INSERT INTO FinancialReport (CompanyID, Quarter, RepYear, HealthScore) VALUES (26, 'Q4', 2025, 47.12);
INSERT INTO FinancialReport (CompanyID, Quarter, RepYear, HealthScore) VALUES (27, 'Q1', 2020, 67.91);
INSERT INTO FinancialReport (CompanyID, Quarter, RepYear, HealthScore) VALUES (27, 'Q2', 2020, 66.66);
INSERT INTO FinancialReport (CompanyID, Quarter, RepYear, HealthScore) VALUES (27, 'Q3', 2020, 69.77);
INSERT INTO FinancialReport (CompanyID, Quarter, RepYear, HealthScore) VALUES (27, 'Q4', 2020, 69.22);
INSERT INTO FinancialReport (CompanyID, Quarter, RepYear, HealthScore) VALUES (27, 'Q1', 2021, 71.75);
INSERT INTO FinancialReport (CompanyID, Quarter, RepYear, HealthScore) VALUES (27, 'Q2', 2021, 72.16);
INSERT INTO FinancialReport (CompanyID, Quarter, RepYear, HealthScore) VALUES (27, 'Q3', 2021, 70.84);
INSERT INTO FinancialReport (CompanyID, Quarter, RepYear, HealthScore) VALUES (27, 'Q4', 2021, 69.81);
INSERT INTO FinancialReport (CompanyID, Quarter, RepYear, HealthScore) VALUES (27, 'Q1', 2022, 75.26);
INSERT INTO FinancialReport (CompanyID, Quarter, RepYear, HealthScore) VALUES (27, 'Q2', 2022, 73.15);
INSERT INTO FinancialReport (CompanyID, Quarter, RepYear, HealthScore) VALUES (27, 'Q3', 2022, 74.83);
INSERT INTO FinancialReport (CompanyID, Quarter, RepYear, HealthScore) VALUES (27, 'Q4', 2022, 73.25);
INSERT INTO FinancialReport (CompanyID, Quarter, RepYear, HealthScore) VALUES (27, 'Q1', 2023, 78.97);
INSERT INTO FinancialReport (CompanyID, Quarter, RepYear, HealthScore) VALUES (27, 'Q2', 2023, 75.42);
INSERT INTO FinancialReport (CompanyID, Quarter, RepYear, HealthScore) VALUES (27, 'Q3', 2023, 77.87);
INSERT INTO FinancialReport (CompanyID, Quarter, RepYear, HealthScore) VALUES (27, 'Q4', 2023, 78.77);
INSERT INTO FinancialReport (CompanyID, Quarter, RepYear, HealthScore) VALUES (27, 'Q1', 2024, 79.93);
INSERT INTO FinancialReport (CompanyID, Quarter, RepYear, HealthScore) VALUES (27, 'Q2', 2024, 80.19);
INSERT INTO FinancialReport (CompanyID, Quarter, RepYear, HealthScore) VALUES (27, 'Q3', 2024, 81.02);
INSERT INTO FinancialReport (CompanyID, Quarter, RepYear, HealthScore) VALUES (27, 'Q4', 2024, 79.77);
INSERT INTO FinancialReport (CompanyID, Quarter, RepYear, HealthScore) VALUES (27, 'Q1', 2025, 84.95);
INSERT INTO FinancialReport (CompanyID, Quarter, RepYear, HealthScore) VALUES (27, 'Q2', 2025, 82.14);
INSERT INTO FinancialReport (CompanyID, Quarter, RepYear, HealthScore) VALUES (27, 'Q3', 2025, 81.25);
INSERT INTO FinancialReport (CompanyID, Quarter, RepYear, HealthScore) VALUES (27, 'Q4', 2025, 84.91);
INSERT INTO FinancialReport (CompanyID, Quarter, RepYear, HealthScore) VALUES (28, 'Q1', 2020, 82.07);
INSERT INTO FinancialReport (CompanyID, Quarter, RepYear, HealthScore) VALUES (28, 'Q2', 2020, 83.75);
INSERT INTO FinancialReport (CompanyID, Quarter, RepYear, HealthScore) VALUES (28, 'Q3', 2020, 83.22);
INSERT INTO FinancialReport (CompanyID, Quarter, RepYear, HealthScore) VALUES (28, 'Q4', 2020, 83.28);
INSERT INTO FinancialReport (CompanyID, Quarter, RepYear, HealthScore) VALUES (28, 'Q1', 2021, 85.53);
INSERT INTO FinancialReport (CompanyID, Quarter, RepYear, HealthScore) VALUES (28, 'Q2', 2021, 85.82);
INSERT INTO FinancialReport (CompanyID, Quarter, RepYear, HealthScore) VALUES (28, 'Q3', 2021, 85.88);
INSERT INTO FinancialReport (CompanyID, Quarter, RepYear, HealthScore) VALUES (28, 'Q4', 2021, 86.98);
INSERT INTO FinancialReport (CompanyID, Quarter, RepYear, HealthScore) VALUES (28, 'Q1', 2022, 88.51);
INSERT INTO FinancialReport (CompanyID, Quarter, RepYear, HealthScore) VALUES (28, 'Q2', 2022, 89.52);
INSERT INTO FinancialReport (CompanyID, Quarter, RepYear, HealthScore) VALUES (28, 'Q3', 2022, 87.40);
INSERT INTO FinancialReport (CompanyID, Quarter, RepYear, HealthScore) VALUES (28, 'Q4', 2022, 86.57);
INSERT INTO FinancialReport (CompanyID, Quarter, RepYear, HealthScore) VALUES (28, 'Q1', 2023, 92.74);
INSERT INTO FinancialReport (CompanyID, Quarter, RepYear, HealthScore) VALUES (28, 'Q2', 2023, 91.58);
INSERT INTO FinancialReport (CompanyID, Quarter, RepYear, HealthScore) VALUES (28, 'Q3', 2023, 92.79);
INSERT INTO FinancialReport (CompanyID, Quarter, RepYear, HealthScore) VALUES (28, 'Q4', 2023, 91.38);
INSERT INTO FinancialReport (CompanyID, Quarter, RepYear, HealthScore) VALUES (28, 'Q1', 2024, 93.12);
INSERT INTO FinancialReport (CompanyID, Quarter, RepYear, HealthScore) VALUES (28, 'Q2', 2024, 92.55);
INSERT INTO FinancialReport (CompanyID, Quarter, RepYear, HealthScore) VALUES (28, 'Q3', 2024, 93.08);
INSERT INTO FinancialReport (CompanyID, Quarter, RepYear, HealthScore) VALUES (28, 'Q4', 2024, 95.66);
INSERT INTO FinancialReport (CompanyID, Quarter, RepYear, HealthScore) VALUES (28, 'Q1', 2025, 97.99);
INSERT INTO FinancialReport (CompanyID, Quarter, RepYear, HealthScore) VALUES (28, 'Q2', 2025, 97.70);
INSERT INTO FinancialReport (CompanyID, Quarter, RepYear, HealthScore) VALUES (28, 'Q3', 2025, 97.58);
INSERT INTO FinancialReport (CompanyID, Quarter, RepYear, HealthScore) VALUES (28, 'Q4', 2025, 96.87);
INSERT INTO FinancialReport (CompanyID, Quarter, RepYear, HealthScore) VALUES (29, 'Q1', 2020, 62.05);
INSERT INTO FinancialReport (CompanyID, Quarter, RepYear, HealthScore) VALUES (29, 'Q2', 2020, 62.70);
INSERT INTO FinancialReport (CompanyID, Quarter, RepYear, HealthScore) VALUES (29, 'Q3', 2020, 62.59);
INSERT INTO FinancialReport (CompanyID, Quarter, RepYear, HealthScore) VALUES (29, 'Q4', 2020, 62.45);
INSERT INTO FinancialReport (CompanyID, Quarter, RepYear, HealthScore) VALUES (29, 'Q1', 2021, 63.07);
INSERT INTO FinancialReport (CompanyID, Quarter, RepYear, HealthScore) VALUES (29, 'Q2', 2021, 60.20);
INSERT INTO FinancialReport (CompanyID, Quarter, RepYear, HealthScore) VALUES (29, 'Q3', 2021, 61.51);
INSERT INTO FinancialReport (CompanyID, Quarter, RepYear, HealthScore) VALUES (29, 'Q4', 2021, 61.98);
INSERT INTO FinancialReport (CompanyID, Quarter, RepYear, HealthScore) VALUES (29, 'Q1', 2022, 60.64);
INSERT INTO FinancialReport (CompanyID, Quarter, RepYear, HealthScore) VALUES (29, 'Q2', 2022, 61.46);
INSERT INTO FinancialReport (CompanyID, Quarter, RepYear, HealthScore) VALUES (29, 'Q3', 2022, 62.43);
INSERT INTO FinancialReport (CompanyID, Quarter, RepYear, HealthScore) VALUES (29, 'Q4', 2022, 60.77);
INSERT INTO FinancialReport (CompanyID, Quarter, RepYear, HealthScore) VALUES (29, 'Q1', 2023, 62.30);
INSERT INTO FinancialReport (CompanyID, Quarter, RepYear, HealthScore) VALUES (29, 'Q2', 2023, 63.43);
INSERT INTO FinancialReport (CompanyID, Quarter, RepYear, HealthScore) VALUES (29, 'Q3', 2023, 61.88);
INSERT INTO FinancialReport (CompanyID, Quarter, RepYear, HealthScore) VALUES (29, 'Q4', 2023, 63.22);
INSERT INTO FinancialReport (CompanyID, Quarter, RepYear, HealthScore) VALUES (29, 'Q1', 2024, 61.42);
INSERT INTO FinancialReport (CompanyID, Quarter, RepYear, HealthScore) VALUES (29, 'Q2', 2024, 61.52);
INSERT INTO FinancialReport (CompanyID, Quarter, RepYear, HealthScore) VALUES (29, 'Q3', 2024, 61.40);
INSERT INTO FinancialReport (CompanyID, Quarter, RepYear, HealthScore) VALUES (29, 'Q4', 2024, 62.70);
INSERT INTO FinancialReport (CompanyID, Quarter, RepYear, HealthScore) VALUES (29, 'Q1', 2025, 60.16);
INSERT INTO FinancialReport (CompanyID, Quarter, RepYear, HealthScore) VALUES (29, 'Q2', 2025, 62.46);
INSERT INTO FinancialReport (CompanyID, Quarter, RepYear, HealthScore) VALUES (29, 'Q3', 2025, 62.69);
INSERT INTO FinancialReport (CompanyID, Quarter, RepYear, HealthScore) VALUES (29, 'Q4', 2025, 61.22);
INSERT INTO FinancialReport (CompanyID, Quarter, RepYear, HealthScore) VALUES (30, 'Q1', 2020, 66.42);
INSERT INTO FinancialReport (CompanyID, Quarter, RepYear, HealthScore) VALUES (30, 'Q2', 2020, 66.44);
INSERT INTO FinancialReport (CompanyID, Quarter, RepYear, HealthScore) VALUES (30, 'Q3', 2020, 64.70);
INSERT INTO FinancialReport (CompanyID, Quarter, RepYear, HealthScore) VALUES (30, 'Q4', 2020, 66.23);
INSERT INTO FinancialReport (CompanyID, Quarter, RepYear, HealthScore) VALUES (30, 'Q1', 2021, 68.06);
INSERT INTO FinancialReport (CompanyID, Quarter, RepYear, HealthScore) VALUES (30, 'Q2', 2021, 66.28);
INSERT INTO FinancialReport (CompanyID, Quarter, RepYear, HealthScore) VALUES (30, 'Q3', 2021, 67.67);
INSERT INTO FinancialReport (CompanyID, Quarter, RepYear, HealthScore) VALUES (30, 'Q4', 2021, 65.45);
INSERT INTO FinancialReport (CompanyID, Quarter, RepYear, HealthScore) VALUES (30, 'Q1', 2022, 66.25);
INSERT INTO FinancialReport (CompanyID, Quarter, RepYear, HealthScore) VALUES (30, 'Q2', 2022, 66.32);
INSERT INTO FinancialReport (CompanyID, Quarter, RepYear, HealthScore) VALUES (30, 'Q3', 2022, 68.01);
INSERT INTO FinancialReport (CompanyID, Quarter, RepYear, HealthScore) VALUES (30, 'Q4', 2022, 66.42);
INSERT INTO FinancialReport (CompanyID, Quarter, RepYear, HealthScore) VALUES (30, 'Q1', 2023, 68.93);
INSERT INTO FinancialReport (CompanyID, Quarter, RepYear, HealthScore) VALUES (30, 'Q2', 2023, 69.35);
INSERT INTO FinancialReport (CompanyID, Quarter, RepYear, HealthScore) VALUES (30, 'Q3', 2023, 68.26);
INSERT INTO FinancialReport (CompanyID, Quarter, RepYear, HealthScore) VALUES (30, 'Q4', 2023, 69.75);
INSERT INTO FinancialReport (CompanyID, Quarter, RepYear, HealthScore) VALUES (30, 'Q1', 2024, 68.10);
INSERT INTO FinancialReport (CompanyID, Quarter, RepYear, HealthScore) VALUES (30, 'Q2', 2024, 68.87);
INSERT INTO FinancialReport (CompanyID, Quarter, RepYear, HealthScore) VALUES (30, 'Q3', 2024, 71.54);
INSERT INTO FinancialReport (CompanyID, Quarter, RepYear, HealthScore) VALUES (30, 'Q4', 2024, 69.42);
INSERT INTO FinancialReport (CompanyID, Quarter, RepYear, HealthScore) VALUES (30, 'Q1', 2025, 69.81);
INSERT INTO FinancialReport (CompanyID, Quarter, RepYear, HealthScore) VALUES (30, 'Q2', 2025, 69.20);
INSERT INTO FinancialReport (CompanyID, Quarter, RepYear, HealthScore) VALUES (30, 'Q3', 2025, 72.58);
INSERT INTO FinancialReport (CompanyID, Quarter, RepYear, HealthScore) VALUES (30, 'Q4', 2025, 70.75);
INSERT INTO FinancialReport (CompanyID, Quarter, RepYear, HealthScore) VALUES (31, 'Q1', 2020, 69.35);
INSERT INTO FinancialReport (CompanyID, Quarter, RepYear, HealthScore) VALUES (31, 'Q2', 2020, 72.41);
INSERT INTO FinancialReport (CompanyID, Quarter, RepYear, HealthScore) VALUES (31, 'Q3', 2020, 69.90);
INSERT INTO FinancialReport (CompanyID, Quarter, RepYear, HealthScore) VALUES (31, 'Q4', 2020, 72.23);
INSERT INTO FinancialReport (CompanyID, Quarter, RepYear, HealthScore) VALUES (31, 'Q1', 2021, 69.39);
INSERT INTO FinancialReport (CompanyID, Quarter, RepYear, HealthScore) VALUES (31, 'Q2', 2021, 72.42);
INSERT INTO FinancialReport (CompanyID, Quarter, RepYear, HealthScore) VALUES (31, 'Q3', 2021, 72.88);
INSERT INTO FinancialReport (CompanyID, Quarter, RepYear, HealthScore) VALUES (31, 'Q4', 2021, 70.31);
INSERT INTO FinancialReport (CompanyID, Quarter, RepYear, HealthScore) VALUES (31, 'Q1', 2022, 69.01);
INSERT INTO FinancialReport (CompanyID, Quarter, RepYear, HealthScore) VALUES (31, 'Q2', 2022, 71.18);
INSERT INTO FinancialReport (CompanyID, Quarter, RepYear, HealthScore) VALUES (31, 'Q3', 2022, 72.87);
INSERT INTO FinancialReport (CompanyID, Quarter, RepYear, HealthScore) VALUES (31, 'Q4', 2022, 71.83);
INSERT INTO FinancialReport (CompanyID, Quarter, RepYear, HealthScore) VALUES (31, 'Q1', 2023, 70.50);
INSERT INTO FinancialReport (CompanyID, Quarter, RepYear, HealthScore) VALUES (31, 'Q2', 2023, 69.13);
INSERT INTO FinancialReport (CompanyID, Quarter, RepYear, HealthScore) VALUES (31, 'Q3', 2023, 71.61);
INSERT INTO FinancialReport (CompanyID, Quarter, RepYear, HealthScore) VALUES (31, 'Q4', 2023, 69.72);
INSERT INTO FinancialReport (CompanyID, Quarter, RepYear, HealthScore) VALUES (31, 'Q1', 2024, 72.96);
INSERT INTO FinancialReport (CompanyID, Quarter, RepYear, HealthScore) VALUES (31, 'Q2', 2024, 69.16);
INSERT INTO FinancialReport (CompanyID, Quarter, RepYear, HealthScore) VALUES (31, 'Q3', 2024, 69.46);
INSERT INTO FinancialReport (CompanyID, Quarter, RepYear, HealthScore) VALUES (31, 'Q4', 2024, 72.72);
INSERT INTO FinancialReport (CompanyID, Quarter, RepYear, HealthScore) VALUES (31, 'Q1', 2025, 69.48);
INSERT INTO FinancialReport (CompanyID, Quarter, RepYear, HealthScore) VALUES (31, 'Q2', 2025, 70.27);
INSERT INTO FinancialReport (CompanyID, Quarter, RepYear, HealthScore) VALUES (31, 'Q3', 2025, 70.37);
INSERT INTO FinancialReport (CompanyID, Quarter, RepYear, HealthScore) VALUES (31, 'Q4', 2025, 72.01);
INSERT INTO FinancialReport (CompanyID, Quarter, RepYear, HealthScore) VALUES (32, 'Q1', 2020, 54.17);
INSERT INTO FinancialReport (CompanyID, Quarter, RepYear, HealthScore) VALUES (32, 'Q2', 2020, 55.12);
INSERT INTO FinancialReport (CompanyID, Quarter, RepYear, HealthScore) VALUES (32, 'Q3', 2020, 56.03);
INSERT INTO FinancialReport (CompanyID, Quarter, RepYear, HealthScore) VALUES (32, 'Q4', 2020, 54.54);
INSERT INTO FinancialReport (CompanyID, Quarter, RepYear, HealthScore) VALUES (32, 'Q1', 2021, 55.18);
INSERT INTO FinancialReport (CompanyID, Quarter, RepYear, HealthScore) VALUES (32, 'Q2', 2021, 53.59);
INSERT INTO FinancialReport (CompanyID, Quarter, RepYear, HealthScore) VALUES (32, 'Q3', 2021, 53.62);
INSERT INTO FinancialReport (CompanyID, Quarter, RepYear, HealthScore) VALUES (32, 'Q4', 2021, 54.43);
INSERT INTO FinancialReport (CompanyID, Quarter, RepYear, HealthScore) VALUES (32, 'Q1', 2022, 53.75);
INSERT INTO FinancialReport (CompanyID, Quarter, RepYear, HealthScore) VALUES (32, 'Q2', 2022, 53.86);
INSERT INTO FinancialReport (CompanyID, Quarter, RepYear, HealthScore) VALUES (32, 'Q3', 2022, 51.16);
INSERT INTO FinancialReport (CompanyID, Quarter, RepYear, HealthScore) VALUES (32, 'Q4', 2022, 52.96);
INSERT INTO FinancialReport (CompanyID, Quarter, RepYear, HealthScore) VALUES (32, 'Q1', 2023, 50.94);
INSERT INTO FinancialReport (CompanyID, Quarter, RepYear, HealthScore) VALUES (32, 'Q2', 2023, 51.97);
INSERT INTO FinancialReport (CompanyID, Quarter, RepYear, HealthScore) VALUES (32, 'Q3', 2023, 53.13);
INSERT INTO FinancialReport (CompanyID, Quarter, RepYear, HealthScore) VALUES (32, 'Q4', 2023, 52.93);
INSERT INTO FinancialReport (CompanyID, Quarter, RepYear, HealthScore) VALUES (32, 'Q1', 2024, 52.80);
INSERT INTO FinancialReport (CompanyID, Quarter, RepYear, HealthScore) VALUES (32, 'Q2', 2024, 52.33);
INSERT INTO FinancialReport (CompanyID, Quarter, RepYear, HealthScore) VALUES (32, 'Q3', 2024, 49.91);
INSERT INTO FinancialReport (CompanyID, Quarter, RepYear, HealthScore) VALUES (32, 'Q4', 2024, 50.67);
INSERT INTO FinancialReport (CompanyID, Quarter, RepYear, HealthScore) VALUES (32, 'Q1', 2025, 48.52);
INSERT INTO FinancialReport (CompanyID, Quarter, RepYear, HealthScore) VALUES (32, 'Q2', 2025, 49.32);
INSERT INTO FinancialReport (CompanyID, Quarter, RepYear, HealthScore) VALUES (32, 'Q3', 2025, 50.98);
INSERT INTO FinancialReport (CompanyID, Quarter, RepYear, HealthScore) VALUES (32, 'Q4', 2025, 50.98);
INSERT INTO FinancialReport (CompanyID, Quarter, RepYear, HealthScore) VALUES (33, 'Q1', 2020, 55.68);
INSERT INTO FinancialReport (CompanyID, Quarter, RepYear, HealthScore) VALUES (33, 'Q2', 2020, 53.08);
INSERT INTO FinancialReport (CompanyID, Quarter, RepYear, HealthScore) VALUES (33, 'Q3', 2020, 55.60);
INSERT INTO FinancialReport (CompanyID, Quarter, RepYear, HealthScore) VALUES (33, 'Q4', 2020, 55.99);
INSERT INTO FinancialReport (CompanyID, Quarter, RepYear, HealthScore) VALUES (33, 'Q1', 2021, 54.70);
INSERT INTO FinancialReport (CompanyID, Quarter, RepYear, HealthScore) VALUES (33, 'Q2', 2021, 57.31);
INSERT INTO FinancialReport (CompanyID, Quarter, RepYear, HealthScore) VALUES (33, 'Q3', 2021, 57.96);
INSERT INTO FinancialReport (CompanyID, Quarter, RepYear, HealthScore) VALUES (33, 'Q4', 2021, 54.46);
INSERT INTO FinancialReport (CompanyID, Quarter, RepYear, HealthScore) VALUES (33, 'Q1', 2022, 57.61);
INSERT INTO FinancialReport (CompanyID, Quarter, RepYear, HealthScore) VALUES (33, 'Q2', 2022, 58.49);
INSERT INTO FinancialReport (CompanyID, Quarter, RepYear, HealthScore) VALUES (33, 'Q3', 2022, 58.80);
INSERT INTO FinancialReport (CompanyID, Quarter, RepYear, HealthScore) VALUES (33, 'Q4', 2022, 55.33);
INSERT INTO FinancialReport (CompanyID, Quarter, RepYear, HealthScore) VALUES (33, 'Q1', 2023, 56.46);
INSERT INTO FinancialReport (CompanyID, Quarter, RepYear, HealthScore) VALUES (33, 'Q2', 2023, 57.42);
INSERT INTO FinancialReport (CompanyID, Quarter, RepYear, HealthScore) VALUES (33, 'Q3', 2023, 56.28);
INSERT INTO FinancialReport (CompanyID, Quarter, RepYear, HealthScore) VALUES (33, 'Q4', 2023, 56.07);
INSERT INTO FinancialReport (CompanyID, Quarter, RepYear, HealthScore) VALUES (33, 'Q1', 2024, 60.68);
INSERT INTO FinancialReport (CompanyID, Quarter, RepYear, HealthScore) VALUES (33, 'Q2', 2024, 58.66);
INSERT INTO FinancialReport (CompanyID, Quarter, RepYear, HealthScore) VALUES (33, 'Q3', 2024, 60.64);
INSERT INTO FinancialReport (CompanyID, Quarter, RepYear, HealthScore) VALUES (33, 'Q4', 2024, 59.67);
INSERT INTO FinancialReport (CompanyID, Quarter, RepYear, HealthScore) VALUES (33, 'Q1', 2025, 58.88);
INSERT INTO FinancialReport (CompanyID, Quarter, RepYear, HealthScore) VALUES (33, 'Q2', 2025, 61.81);
INSERT INTO FinancialReport (CompanyID, Quarter, RepYear, HealthScore) VALUES (33, 'Q3', 2025, 59.17);
INSERT INTO FinancialReport (CompanyID, Quarter, RepYear, HealthScore) VALUES (33, 'Q4', 2025, 61.73);
INSERT INTO FinancialReport (CompanyID, Quarter, RepYear, HealthScore) VALUES (34, 'Q1', 2020, 76.72);
INSERT INTO FinancialReport (CompanyID, Quarter, RepYear, HealthScore) VALUES (34, 'Q2', 2020, 75.85);
INSERT INTO FinancialReport (CompanyID, Quarter, RepYear, HealthScore) VALUES (34, 'Q3', 2020, 77.34);
INSERT INTO FinancialReport (CompanyID, Quarter, RepYear, HealthScore) VALUES (34, 'Q4', 2020, 75.59);
INSERT INTO FinancialReport (CompanyID, Quarter, RepYear, HealthScore) VALUES (34, 'Q1', 2021, 76.32);
INSERT INTO FinancialReport (CompanyID, Quarter, RepYear, HealthScore) VALUES (34, 'Q2', 2021, 77.23);
INSERT INTO FinancialReport (CompanyID, Quarter, RepYear, HealthScore) VALUES (34, 'Q3', 2021, 76.16);
INSERT INTO FinancialReport (CompanyID, Quarter, RepYear, HealthScore) VALUES (34, 'Q4', 2021, 75.84);
INSERT INTO FinancialReport (CompanyID, Quarter, RepYear, HealthScore) VALUES (34, 'Q1', 2022, 77.38);
INSERT INTO FinancialReport (CompanyID, Quarter, RepYear, HealthScore) VALUES (34, 'Q2', 2022, 76.86);
INSERT INTO FinancialReport (CompanyID, Quarter, RepYear, HealthScore) VALUES (34, 'Q3', 2022, 76.30);
INSERT INTO FinancialReport (CompanyID, Quarter, RepYear, HealthScore) VALUES (34, 'Q4', 2022, 77.73);
INSERT INTO FinancialReport (CompanyID, Quarter, RepYear, HealthScore) VALUES (34, 'Q1', 2023, 78.40);
INSERT INTO FinancialReport (CompanyID, Quarter, RepYear, HealthScore) VALUES (34, 'Q2', 2023, 77.34);
INSERT INTO FinancialReport (CompanyID, Quarter, RepYear, HealthScore) VALUES (34, 'Q3', 2023, 77.37);
INSERT INTO FinancialReport (CompanyID, Quarter, RepYear, HealthScore) VALUES (34, 'Q4', 2023, 76.64);
INSERT INTO FinancialReport (CompanyID, Quarter, RepYear, HealthScore) VALUES (34, 'Q1', 2024, 76.52);
INSERT INTO FinancialReport (CompanyID, Quarter, RepYear, HealthScore) VALUES (34, 'Q2', 2024, 75.06);
INSERT INTO FinancialReport (CompanyID, Quarter, RepYear, HealthScore) VALUES (34, 'Q3', 2024, 76.29);
INSERT INTO FinancialReport (CompanyID, Quarter, RepYear, HealthScore) VALUES (34, 'Q4', 2024, 75.37);
INSERT INTO FinancialReport (CompanyID, Quarter, RepYear, HealthScore) VALUES (34, 'Q1', 2025, 75.31);
INSERT INTO FinancialReport (CompanyID, Quarter, RepYear, HealthScore) VALUES (34, 'Q2', 2025, 78.71);
INSERT INTO FinancialReport (CompanyID, Quarter, RepYear, HealthScore) VALUES (34, 'Q3', 2025, 77.07);
INSERT INTO FinancialReport (CompanyID, Quarter, RepYear, HealthScore) VALUES (34, 'Q4', 2025, 76.71);
INSERT INTO FinancialReport (CompanyID, Quarter, RepYear, HealthScore) VALUES (35, 'Q1', 2020, 54.96);
INSERT INTO FinancialReport (CompanyID, Quarter, RepYear, HealthScore) VALUES (35, 'Q2', 2020, 53.76);
INSERT INTO FinancialReport (CompanyID, Quarter, RepYear, HealthScore) VALUES (35, 'Q3', 2020, 52.57);
INSERT INTO FinancialReport (CompanyID, Quarter, RepYear, HealthScore) VALUES (35, 'Q4', 2020, 55.12);
INSERT INTO FinancialReport (CompanyID, Quarter, RepYear, HealthScore) VALUES (35, 'Q1', 2021, 52.18);
INSERT INTO FinancialReport (CompanyID, Quarter, RepYear, HealthScore) VALUES (35, 'Q2', 2021, 53.30);
INSERT INTO FinancialReport (CompanyID, Quarter, RepYear, HealthScore) VALUES (35, 'Q3', 2021, 51.39);
INSERT INTO FinancialReport (CompanyID, Quarter, RepYear, HealthScore) VALUES (35, 'Q4', 2021, 51.55);
INSERT INTO FinancialReport (CompanyID, Quarter, RepYear, HealthScore) VALUES (35, 'Q1', 2022, 50.53);
INSERT INTO FinancialReport (CompanyID, Quarter, RepYear, HealthScore) VALUES (35, 'Q2', 2022, 50.50);
INSERT INTO FinancialReport (CompanyID, Quarter, RepYear, HealthScore) VALUES (35, 'Q3', 2022, 51.15);
INSERT INTO FinancialReport (CompanyID, Quarter, RepYear, HealthScore) VALUES (35, 'Q4', 2022, 52.82);
INSERT INTO FinancialReport (CompanyID, Quarter, RepYear, HealthScore) VALUES (35, 'Q1', 2023, 50.00);
INSERT INTO FinancialReport (CompanyID, Quarter, RepYear, HealthScore) VALUES (35, 'Q2', 2023, 50.92);
INSERT INTO FinancialReport (CompanyID, Quarter, RepYear, HealthScore) VALUES (35, 'Q3', 2023, 51.83);
INSERT INTO FinancialReport (CompanyID, Quarter, RepYear, HealthScore) VALUES (35, 'Q4', 2023, 51.21);
INSERT INTO FinancialReport (CompanyID, Quarter, RepYear, HealthScore) VALUES (35, 'Q1', 2024, 50.90);
INSERT INTO FinancialReport (CompanyID, Quarter, RepYear, HealthScore) VALUES (35, 'Q2', 2024, 48.76);
INSERT INTO FinancialReport (CompanyID, Quarter, RepYear, HealthScore) VALUES (35, 'Q3', 2024, 48.26);
INSERT INTO FinancialReport (CompanyID, Quarter, RepYear, HealthScore) VALUES (35, 'Q4', 2024, 49.03);
INSERT INTO FinancialReport (CompanyID, Quarter, RepYear, HealthScore) VALUES (35, 'Q1', 2025, 48.54);
INSERT INTO FinancialReport (CompanyID, Quarter, RepYear, HealthScore) VALUES (35, 'Q2', 2025, 47.83);
INSERT INTO FinancialReport (CompanyID, Quarter, RepYear, HealthScore) VALUES (35, 'Q3', 2025, 47.99);
INSERT INTO FinancialReport (CompanyID, Quarter, RepYear, HealthScore) VALUES (35, 'Q4', 2025, 50.93);
INSERT INTO FinancialReport (CompanyID, Quarter, RepYear, HealthScore) VALUES (36, 'Q1', 2020, 67.63);
INSERT INTO FinancialReport (CompanyID, Quarter, RepYear, HealthScore) VALUES (36, 'Q2', 2020, 65.45);
INSERT INTO FinancialReport (CompanyID, Quarter, RepYear, HealthScore) VALUES (36, 'Q3', 2020, 67.00);
INSERT INTO FinancialReport (CompanyID, Quarter, RepYear, HealthScore) VALUES (36, 'Q4', 2020, 65.87);
INSERT INTO FinancialReport (CompanyID, Quarter, RepYear, HealthScore) VALUES (36, 'Q1', 2021, 71.53);
INSERT INTO FinancialReport (CompanyID, Quarter, RepYear, HealthScore) VALUES (36, 'Q2', 2021, 71.88);
INSERT INTO FinancialReport (CompanyID, Quarter, RepYear, HealthScore) VALUES (36, 'Q3', 2021, 69.54);
INSERT INTO FinancialReport (CompanyID, Quarter, RepYear, HealthScore) VALUES (36, 'Q4', 2021, 70.68);
INSERT INTO FinancialReport (CompanyID, Quarter, RepYear, HealthScore) VALUES (36, 'Q1', 2022, 73.93);
INSERT INTO FinancialReport (CompanyID, Quarter, RepYear, HealthScore) VALUES (36, 'Q2', 2022, 74.49);
INSERT INTO FinancialReport (CompanyID, Quarter, RepYear, HealthScore) VALUES (36, 'Q3', 2022, 72.85);
INSERT INTO FinancialReport (CompanyID, Quarter, RepYear, HealthScore) VALUES (36, 'Q4', 2022, 71.06);
INSERT INTO FinancialReport (CompanyID, Quarter, RepYear, HealthScore) VALUES (36, 'Q1', 2023, 75.23);
INSERT INTO FinancialReport (CompanyID, Quarter, RepYear, HealthScore) VALUES (36, 'Q2', 2023, 76.79);
INSERT INTO FinancialReport (CompanyID, Quarter, RepYear, HealthScore) VALUES (36, 'Q3', 2023, 77.38);
INSERT INTO FinancialReport (CompanyID, Quarter, RepYear, HealthScore) VALUES (36, 'Q4', 2023, 77.39);
INSERT INTO FinancialReport (CompanyID, Quarter, RepYear, HealthScore) VALUES (36, 'Q1', 2024, 78.54);
INSERT INTO FinancialReport (CompanyID, Quarter, RepYear, HealthScore) VALUES (36, 'Q2', 2024, 80.13);
INSERT INTO FinancialReport (CompanyID, Quarter, RepYear, HealthScore) VALUES (36, 'Q3', 2024, 78.25);
INSERT INTO FinancialReport (CompanyID, Quarter, RepYear, HealthScore) VALUES (36, 'Q4', 2024, 79.44);
INSERT INTO FinancialReport (CompanyID, Quarter, RepYear, HealthScore) VALUES (36, 'Q1', 2025, 81.05);
INSERT INTO FinancialReport (CompanyID, Quarter, RepYear, HealthScore) VALUES (36, 'Q2', 2025, 83.55);
INSERT INTO FinancialReport (CompanyID, Quarter, RepYear, HealthScore) VALUES (36, 'Q3', 2025, 83.24);
INSERT INTO FinancialReport (CompanyID, Quarter, RepYear, HealthScore) VALUES (36, 'Q4', 2025, 83.94);
INSERT INTO FinancialReport (CompanyID, Quarter, RepYear, HealthScore) VALUES (37, 'Q1', 2020, 77.58);
INSERT INTO FinancialReport (CompanyID, Quarter, RepYear, HealthScore) VALUES (37, 'Q2', 2020, 75.31);
INSERT INTO FinancialReport (CompanyID, Quarter, RepYear, HealthScore) VALUES (37, 'Q3', 2020, 77.86);
INSERT INTO FinancialReport (CompanyID, Quarter, RepYear, HealthScore) VALUES (37, 'Q4', 2020, 74.82);
INSERT INTO FinancialReport (CompanyID, Quarter, RepYear, HealthScore) VALUES (37, 'Q1', 2021, 73.58);
INSERT INTO FinancialReport (CompanyID, Quarter, RepYear, HealthScore) VALUES (37, 'Q2', 2021, 71.36);
INSERT INTO FinancialReport (CompanyID, Quarter, RepYear, HealthScore) VALUES (37, 'Q3', 2021, 74.80);
INSERT INTO FinancialReport (CompanyID, Quarter, RepYear, HealthScore) VALUES (37, 'Q4', 2021, 71.33);
INSERT INTO FinancialReport (CompanyID, Quarter, RepYear, HealthScore) VALUES (37, 'Q1', 2022, 69.11);
INSERT INTO FinancialReport (CompanyID, Quarter, RepYear, HealthScore) VALUES (37, 'Q2', 2022, 69.74);
INSERT INTO FinancialReport (CompanyID, Quarter, RepYear, HealthScore) VALUES (37, 'Q3', 2022, 70.47);
INSERT INTO FinancialReport (CompanyID, Quarter, RepYear, HealthScore) VALUES (37, 'Q4', 2022, 69.50);
INSERT INTO FinancialReport (CompanyID, Quarter, RepYear, HealthScore) VALUES (37, 'Q1', 2023, 67.50);
INSERT INTO FinancialReport (CompanyID, Quarter, RepYear, HealthScore) VALUES (37, 'Q2', 2023, 67.37);
INSERT INTO FinancialReport (CompanyID, Quarter, RepYear, HealthScore) VALUES (37, 'Q3', 2023, 66.30);
INSERT INTO FinancialReport (CompanyID, Quarter, RepYear, HealthScore) VALUES (37, 'Q4', 2023, 66.80);
INSERT INTO FinancialReport (CompanyID, Quarter, RepYear, HealthScore) VALUES (37, 'Q1', 2024, 64.93);
INSERT INTO FinancialReport (CompanyID, Quarter, RepYear, HealthScore) VALUES (37, 'Q2', 2024, 63.90);
INSERT INTO FinancialReport (CompanyID, Quarter, RepYear, HealthScore) VALUES (37, 'Q3', 2024, 62.86);
INSERT INTO FinancialReport (CompanyID, Quarter, RepYear, HealthScore) VALUES (37, 'Q4', 2024, 65.35);
INSERT INTO FinancialReport (CompanyID, Quarter, RepYear, HealthScore) VALUES (37, 'Q1', 2025, 60.30);
INSERT INTO FinancialReport (CompanyID, Quarter, RepYear, HealthScore) VALUES (37, 'Q2', 2025, 62.94);
INSERT INTO FinancialReport (CompanyID, Quarter, RepYear, HealthScore) VALUES (37, 'Q3', 2025, 62.85);
INSERT INTO FinancialReport (CompanyID, Quarter, RepYear, HealthScore) VALUES (37, 'Q4', 2025, 62.51);
INSERT INTO FinancialReport (CompanyID, Quarter, RepYear, HealthScore) VALUES (38, 'Q1', 2020, 82.81);
INSERT INTO FinancialReport (CompanyID, Quarter, RepYear, HealthScore) VALUES (38, 'Q2', 2020, 80.48);
INSERT INTO FinancialReport (CompanyID, Quarter, RepYear, HealthScore) VALUES (38, 'Q3', 2020, 80.43);
INSERT INTO FinancialReport (CompanyID, Quarter, RepYear, HealthScore) VALUES (38, 'Q4', 2020, 80.98);
INSERT INTO FinancialReport (CompanyID, Quarter, RepYear, HealthScore) VALUES (38, 'Q1', 2021, 80.22);
INSERT INTO FinancialReport (CompanyID, Quarter, RepYear, HealthScore) VALUES (38, 'Q2', 2021, 79.90);
INSERT INTO FinancialReport (CompanyID, Quarter, RepYear, HealthScore) VALUES (38, 'Q3', 2021, 77.20);
INSERT INTO FinancialReport (CompanyID, Quarter, RepYear, HealthScore) VALUES (38, 'Q4', 2021, 78.51);
INSERT INTO FinancialReport (CompanyID, Quarter, RepYear, HealthScore) VALUES (38, 'Q1', 2022, 74.37);
INSERT INTO FinancialReport (CompanyID, Quarter, RepYear, HealthScore) VALUES (38, 'Q2', 2022, 77.42);
INSERT INTO FinancialReport (CompanyID, Quarter, RepYear, HealthScore) VALUES (38, 'Q3', 2022, 76.84);
INSERT INTO FinancialReport (CompanyID, Quarter, RepYear, HealthScore) VALUES (38, 'Q4', 2022, 75.18);
INSERT INTO FinancialReport (CompanyID, Quarter, RepYear, HealthScore) VALUES (38, 'Q1', 2023, 74.25);
INSERT INTO FinancialReport (CompanyID, Quarter, RepYear, HealthScore) VALUES (38, 'Q2', 2023, 74.16);
INSERT INTO FinancialReport (CompanyID, Quarter, RepYear, HealthScore) VALUES (38, 'Q3', 2023, 74.99);
INSERT INTO FinancialReport (CompanyID, Quarter, RepYear, HealthScore) VALUES (38, 'Q4', 2023, 72.28);
INSERT INTO FinancialReport (CompanyID, Quarter, RepYear, HealthScore) VALUES (38, 'Q1', 2024, 70.32);
INSERT INTO FinancialReport (CompanyID, Quarter, RepYear, HealthScore) VALUES (38, 'Q2', 2024, 68.59);
INSERT INTO FinancialReport (CompanyID, Quarter, RepYear, HealthScore) VALUES (38, 'Q3', 2024, 69.96);
INSERT INTO FinancialReport (CompanyID, Quarter, RepYear, HealthScore) VALUES (38, 'Q4', 2024, 71.45);
INSERT INTO FinancialReport (CompanyID, Quarter, RepYear, HealthScore) VALUES (38, 'Q1', 2025, 65.70);
INSERT INTO FinancialReport (CompanyID, Quarter, RepYear, HealthScore) VALUES (38, 'Q2', 2025, 66.83);
INSERT INTO FinancialReport (CompanyID, Quarter, RepYear, HealthScore) VALUES (38, 'Q3', 2025, 67.64);
INSERT INTO FinancialReport (CompanyID, Quarter, RepYear, HealthScore) VALUES (38, 'Q4', 2025, 65.35);
INSERT INTO FinancialReport (CompanyID, Quarter, RepYear, HealthScore) VALUES (39, 'Q1', 2020, 82.44);
INSERT INTO FinancialReport (CompanyID, Quarter, RepYear, HealthScore) VALUES (39, 'Q2', 2020, 83.56);
INSERT INTO FinancialReport (CompanyID, Quarter, RepYear, HealthScore) VALUES (39, 'Q3', 2020, 82.57);
INSERT INTO FinancialReport (CompanyID, Quarter, RepYear, HealthScore) VALUES (39, 'Q4', 2020, 82.91);
INSERT INTO FinancialReport (CompanyID, Quarter, RepYear, HealthScore) VALUES (39, 'Q1', 2021, 84.46);
INSERT INTO FinancialReport (CompanyID, Quarter, RepYear, HealthScore) VALUES (39, 'Q2', 2021, 83.34);
INSERT INTO FinancialReport (CompanyID, Quarter, RepYear, HealthScore) VALUES (39, 'Q3', 2021, 83.45);
INSERT INTO FinancialReport (CompanyID, Quarter, RepYear, HealthScore) VALUES (39, 'Q4', 2021, 84.29);
INSERT INTO FinancialReport (CompanyID, Quarter, RepYear, HealthScore) VALUES (39, 'Q1', 2022, 89.86);
INSERT INTO FinancialReport (CompanyID, Quarter, RepYear, HealthScore) VALUES (39, 'Q2', 2022, 87.15);
INSERT INTO FinancialReport (CompanyID, Quarter, RepYear, HealthScore) VALUES (39, 'Q3', 2022, 86.09);
INSERT INTO FinancialReport (CompanyID, Quarter, RepYear, HealthScore) VALUES (39, 'Q4', 2022, 86.16);
INSERT INTO FinancialReport (CompanyID, Quarter, RepYear, HealthScore) VALUES (39, 'Q1', 2023, 89.51);
INSERT INTO FinancialReport (CompanyID, Quarter, RepYear, HealthScore) VALUES (39, 'Q2', 2023, 90.10);
INSERT INTO FinancialReport (CompanyID, Quarter, RepYear, HealthScore) VALUES (39, 'Q3', 2023, 90.60);
INSERT INTO FinancialReport (CompanyID, Quarter, RepYear, HealthScore) VALUES (39, 'Q4', 2023, 89.32);
INSERT INTO FinancialReport (CompanyID, Quarter, RepYear, HealthScore) VALUES (39, 'Q1', 2024, 94.41);
INSERT INTO FinancialReport (CompanyID, Quarter, RepYear, HealthScore) VALUES (39, 'Q2', 2024, 92.36);
INSERT INTO FinancialReport (CompanyID, Quarter, RepYear, HealthScore) VALUES (39, 'Q3', 2024, 95.10);
INSERT INTO FinancialReport (CompanyID, Quarter, RepYear, HealthScore) VALUES (39, 'Q4', 2024, 93.44);
INSERT INTO FinancialReport (CompanyID, Quarter, RepYear, HealthScore) VALUES (39, 'Q1', 2025, 97.58);
INSERT INTO FinancialReport (CompanyID, Quarter, RepYear, HealthScore) VALUES (39, 'Q2', 2025, 98.07);
INSERT INTO FinancialReport (CompanyID, Quarter, RepYear, HealthScore) VALUES (39, 'Q3', 2025, 97.83);
INSERT INTO FinancialReport (CompanyID, Quarter, RepYear, HealthScore) VALUES (39, 'Q4', 2025, 97.92);
INSERT INTO FinancialReport (CompanyID, Quarter, RepYear, HealthScore) VALUES (40, 'Q1', 2020, 59.85);
INSERT INTO FinancialReport (CompanyID, Quarter, RepYear, HealthScore) VALUES (40, 'Q2', 2020, 60.55);
INSERT INTO FinancialReport (CompanyID, Quarter, RepYear, HealthScore) VALUES (40, 'Q3', 2020, 61.85);
INSERT INTO FinancialReport (CompanyID, Quarter, RepYear, HealthScore) VALUES (40, 'Q4', 2020, 58.17);
INSERT INTO FinancialReport (CompanyID, Quarter, RepYear, HealthScore) VALUES (40, 'Q1', 2021, 58.30);
INSERT INTO FinancialReport (CompanyID, Quarter, RepYear, HealthScore) VALUES (40, 'Q2', 2021, 61.91);
INSERT INTO FinancialReport (CompanyID, Quarter, RepYear, HealthScore) VALUES (40, 'Q3', 2021, 60.44);
INSERT INTO FinancialReport (CompanyID, Quarter, RepYear, HealthScore) VALUES (40, 'Q4', 2021, 61.82);
INSERT INTO FinancialReport (CompanyID, Quarter, RepYear, HealthScore) VALUES (40, 'Q1', 2022, 58.12);
INSERT INTO FinancialReport (CompanyID, Quarter, RepYear, HealthScore) VALUES (40, 'Q2', 2022, 59.02);
INSERT INTO FinancialReport (CompanyID, Quarter, RepYear, HealthScore) VALUES (40, 'Q3', 2022, 61.78);
INSERT INTO FinancialReport (CompanyID, Quarter, RepYear, HealthScore) VALUES (40, 'Q4', 2022, 60.72);
INSERT INTO FinancialReport (CompanyID, Quarter, RepYear, HealthScore) VALUES (40, 'Q1', 2023, 58.34);
INSERT INTO FinancialReport (CompanyID, Quarter, RepYear, HealthScore) VALUES (40, 'Q2', 2023, 58.68);
INSERT INTO FinancialReport (CompanyID, Quarter, RepYear, HealthScore) VALUES (40, 'Q3', 2023, 60.24);
INSERT INTO FinancialReport (CompanyID, Quarter, RepYear, HealthScore) VALUES (40, 'Q4', 2023, 61.42);
INSERT INTO FinancialReport (CompanyID, Quarter, RepYear, HealthScore) VALUES (40, 'Q1', 2024, 59.32);
INSERT INTO FinancialReport (CompanyID, Quarter, RepYear, HealthScore) VALUES (40, 'Q2', 2024, 61.17);
INSERT INTO FinancialReport (CompanyID, Quarter, RepYear, HealthScore) VALUES (40, 'Q3', 2024, 60.37);
INSERT INTO FinancialReport (CompanyID, Quarter, RepYear, HealthScore) VALUES (40, 'Q4', 2024, 60.51);
INSERT INTO FinancialReport (CompanyID, Quarter, RepYear, HealthScore) VALUES (40, 'Q1', 2025, 61.95);
INSERT INTO FinancialReport (CompanyID, Quarter, RepYear, HealthScore) VALUES (40, 'Q2', 2025, 61.93);
INSERT INTO FinancialReport (CompanyID, Quarter, RepYear, HealthScore) VALUES (40, 'Q3', 2025, 58.89);
INSERT INTO FinancialReport (CompanyID, Quarter, RepYear, HealthScore) VALUES (40, 'Q4', 2025, 59.48);
INSERT INTO FinancialReport (CompanyID, Quarter, RepYear, HealthScore) VALUES (41, 'Q1', 2020, 78.70);
INSERT INTO FinancialReport (CompanyID, Quarter, RepYear, HealthScore) VALUES (41, 'Q2', 2020, 78.77);
INSERT INTO FinancialReport (CompanyID, Quarter, RepYear, HealthScore) VALUES (41, 'Q3', 2020, 81.13);
INSERT INTO FinancialReport (CompanyID, Quarter, RepYear, HealthScore) VALUES (41, 'Q4', 2020, 78.29);
INSERT INTO FinancialReport (CompanyID, Quarter, RepYear, HealthScore) VALUES (41, 'Q1', 2021, 77.15);
INSERT INTO FinancialReport (CompanyID, Quarter, RepYear, HealthScore) VALUES (41, 'Q2', 2021, 77.43);
INSERT INTO FinancialReport (CompanyID, Quarter, RepYear, HealthScore) VALUES (41, 'Q3', 2021, 75.41);
INSERT INTO FinancialReport (CompanyID, Quarter, RepYear, HealthScore) VALUES (41, 'Q4', 2021, 76.98);
INSERT INTO FinancialReport (CompanyID, Quarter, RepYear, HealthScore) VALUES (41, 'Q1', 2022, 75.11);
INSERT INTO FinancialReport (CompanyID, Quarter, RepYear, HealthScore) VALUES (41, 'Q2', 2022, 73.24);
INSERT INTO FinancialReport (CompanyID, Quarter, RepYear, HealthScore) VALUES (41, 'Q3', 2022, 76.00);
INSERT INTO FinancialReport (CompanyID, Quarter, RepYear, HealthScore) VALUES (41, 'Q4', 2022, 72.87);
INSERT INTO FinancialReport (CompanyID, Quarter, RepYear, HealthScore) VALUES (41, 'Q1', 2023, 69.85);
INSERT INTO FinancialReport (CompanyID, Quarter, RepYear, HealthScore) VALUES (41, 'Q2', 2023, 71.08);
INSERT INTO FinancialReport (CompanyID, Quarter, RepYear, HealthScore) VALUES (41, 'Q3', 2023, 69.56);
INSERT INTO FinancialReport (CompanyID, Quarter, RepYear, HealthScore) VALUES (41, 'Q4', 2023, 71.06);
INSERT INTO FinancialReport (CompanyID, Quarter, RepYear, HealthScore) VALUES (41, 'Q1', 2024, 68.57);
INSERT INTO FinancialReport (CompanyID, Quarter, RepYear, HealthScore) VALUES (41, 'Q2', 2024, 69.00);
INSERT INTO FinancialReport (CompanyID, Quarter, RepYear, HealthScore) VALUES (41, 'Q3', 2024, 68.25);
INSERT INTO FinancialReport (CompanyID, Quarter, RepYear, HealthScore) VALUES (41, 'Q4', 2024, 68.41);
INSERT INTO FinancialReport (CompanyID, Quarter, RepYear, HealthScore) VALUES (41, 'Q1', 2025, 66.69);
INSERT INTO FinancialReport (CompanyID, Quarter, RepYear, HealthScore) VALUES (41, 'Q2', 2025, 64.98);
INSERT INTO FinancialReport (CompanyID, Quarter, RepYear, HealthScore) VALUES (41, 'Q3', 2025, 63.11);
INSERT INTO FinancialReport (CompanyID, Quarter, RepYear, HealthScore) VALUES (41, 'Q4', 2025, 64.51);
INSERT INTO FinancialReport (CompanyID, Quarter, RepYear, HealthScore) VALUES (42, 'Q1', 2020, 53.28);
INSERT INTO FinancialReport (CompanyID, Quarter, RepYear, HealthScore) VALUES (42, 'Q2', 2020, 53.52);
INSERT INTO FinancialReport (CompanyID, Quarter, RepYear, HealthScore) VALUES (42, 'Q3', 2020, 55.47);
INSERT INTO FinancialReport (CompanyID, Quarter, RepYear, HealthScore) VALUES (42, 'Q4', 2020, 56.37);
INSERT INTO FinancialReport (CompanyID, Quarter, RepYear, HealthScore) VALUES (42, 'Q1', 2021, 52.80);
INSERT INTO FinancialReport (CompanyID, Quarter, RepYear, HealthScore) VALUES (42, 'Q2', 2021, 53.39);
INSERT INTO FinancialReport (CompanyID, Quarter, RepYear, HealthScore) VALUES (42, 'Q3', 2021, 54.41);
INSERT INTO FinancialReport (CompanyID, Quarter, RepYear, HealthScore) VALUES (42, 'Q4', 2021, 52.06);
INSERT INTO FinancialReport (CompanyID, Quarter, RepYear, HealthScore) VALUES (42, 'Q1', 2022, 53.37);
INSERT INTO FinancialReport (CompanyID, Quarter, RepYear, HealthScore) VALUES (42, 'Q2', 2022, 54.23);
INSERT INTO FinancialReport (CompanyID, Quarter, RepYear, HealthScore) VALUES (42, 'Q3', 2022, 54.78);
INSERT INTO FinancialReport (CompanyID, Quarter, RepYear, HealthScore) VALUES (42, 'Q4', 2022, 54.76);
INSERT INTO FinancialReport (CompanyID, Quarter, RepYear, HealthScore) VALUES (42, 'Q1', 2023, 53.78);
INSERT INTO FinancialReport (CompanyID, Quarter, RepYear, HealthScore) VALUES (42, 'Q2', 2023, 50.18);
INSERT INTO FinancialReport (CompanyID, Quarter, RepYear, HealthScore) VALUES (42, 'Q3', 2023, 50.46);
INSERT INTO FinancialReport (CompanyID, Quarter, RepYear, HealthScore) VALUES (42, 'Q4', 2023, 53.71);
INSERT INTO FinancialReport (CompanyID, Quarter, RepYear, HealthScore) VALUES (42, 'Q1', 2024, 50.57);
INSERT INTO FinancialReport (CompanyID, Quarter, RepYear, HealthScore) VALUES (42, 'Q2', 2024, 52.88);
INSERT INTO FinancialReport (CompanyID, Quarter, RepYear, HealthScore) VALUES (42, 'Q3', 2024, 51.36);
INSERT INTO FinancialReport (CompanyID, Quarter, RepYear, HealthScore) VALUES (42, 'Q4', 2024, 50.99);
INSERT INTO FinancialReport (CompanyID, Quarter, RepYear, HealthScore) VALUES (42, 'Q1', 2025, 48.93);
INSERT INTO FinancialReport (CompanyID, Quarter, RepYear, HealthScore) VALUES (42, 'Q2', 2025, 50.88);
INSERT INTO FinancialReport (CompanyID, Quarter, RepYear, HealthScore) VALUES (42, 'Q3', 2025, 48.28);
INSERT INTO FinancialReport (CompanyID, Quarter, RepYear, HealthScore) VALUES (42, 'Q4', 2025, 48.24);
INSERT INTO FinancialReport (CompanyID, Quarter, RepYear, HealthScore) VALUES (43, 'Q1', 2020, 57.26);
INSERT INTO FinancialReport (CompanyID, Quarter, RepYear, HealthScore) VALUES (43, 'Q2', 2020, 59.90);
INSERT INTO FinancialReport (CompanyID, Quarter, RepYear, HealthScore) VALUES (43, 'Q3', 2020, 58.04);
INSERT INTO FinancialReport (CompanyID, Quarter, RepYear, HealthScore) VALUES (43, 'Q4', 2020, 57.69);
INSERT INTO FinancialReport (CompanyID, Quarter, RepYear, HealthScore) VALUES (43, 'Q1', 2021, 57.27);
INSERT INTO FinancialReport (CompanyID, Quarter, RepYear, HealthScore) VALUES (43, 'Q2', 2021, 54.25);
INSERT INTO FinancialReport (CompanyID, Quarter, RepYear, HealthScore) VALUES (43, 'Q3', 2021, 57.94);
INSERT INTO FinancialReport (CompanyID, Quarter, RepYear, HealthScore) VALUES (43, 'Q4', 2021, 56.82);
INSERT INTO FinancialReport (CompanyID, Quarter, RepYear, HealthScore) VALUES (43, 'Q1', 2022, 54.52);
INSERT INTO FinancialReport (CompanyID, Quarter, RepYear, HealthScore) VALUES (43, 'Q2', 2022, 52.42);
INSERT INTO FinancialReport (CompanyID, Quarter, RepYear, HealthScore) VALUES (43, 'Q3', 2022, 54.40);
INSERT INTO FinancialReport (CompanyID, Quarter, RepYear, HealthScore) VALUES (43, 'Q4', 2022, 53.97);
INSERT INTO FinancialReport (CompanyID, Quarter, RepYear, HealthScore) VALUES (43, 'Q1', 2023, 48.20);
INSERT INTO FinancialReport (CompanyID, Quarter, RepYear, HealthScore) VALUES (43, 'Q2', 2023, 48.02);
INSERT INTO FinancialReport (CompanyID, Quarter, RepYear, HealthScore) VALUES (43, 'Q3', 2023, 51.82);
INSERT INTO FinancialReport (CompanyID, Quarter, RepYear, HealthScore) VALUES (43, 'Q4', 2023, 51.92);
INSERT INTO FinancialReport (CompanyID, Quarter, RepYear, HealthScore) VALUES (43, 'Q1', 2024, 46.54);
INSERT INTO FinancialReport (CompanyID, Quarter, RepYear, HealthScore) VALUES (43, 'Q2', 2024, 47.86);
INSERT INTO FinancialReport (CompanyID, Quarter, RepYear, HealthScore) VALUES (43, 'Q3', 2024, 47.21);
INSERT INTO FinancialReport (CompanyID, Quarter, RepYear, HealthScore) VALUES (43, 'Q4', 2024, 45.08);
INSERT INTO FinancialReport (CompanyID, Quarter, RepYear, HealthScore) VALUES (43, 'Q1', 2025, 44.62);
INSERT INTO FinancialReport (CompanyID, Quarter, RepYear, HealthScore) VALUES (43, 'Q2', 2025, 43.35);
INSERT INTO FinancialReport (CompanyID, Quarter, RepYear, HealthScore) VALUES (43, 'Q3', 2025, 43.02);
INSERT INTO FinancialReport (CompanyID, Quarter, RepYear, HealthScore) VALUES (43, 'Q4', 2025, 42.05);
INSERT INTO FinancialReport (CompanyID, Quarter, RepYear, HealthScore) VALUES (44, 'Q1', 2020, 55.84);
INSERT INTO FinancialReport (CompanyID, Quarter, RepYear, HealthScore) VALUES (44, 'Q2', 2020, 52.98);
INSERT INTO FinancialReport (CompanyID, Quarter, RepYear, HealthScore) VALUES (44, 'Q3', 2020, 54.73);
INSERT INTO FinancialReport (CompanyID, Quarter, RepYear, HealthScore) VALUES (44, 'Q4', 2020, 54.94);
INSERT INTO FinancialReport (CompanyID, Quarter, RepYear, HealthScore) VALUES (44, 'Q1', 2021, 51.99);
INSERT INTO FinancialReport (CompanyID, Quarter, RepYear, HealthScore) VALUES (44, 'Q2', 2021, 52.49);
INSERT INTO FinancialReport (CompanyID, Quarter, RepYear, HealthScore) VALUES (44, 'Q3', 2021, 54.52);
INSERT INTO FinancialReport (CompanyID, Quarter, RepYear, HealthScore) VALUES (44, 'Q4', 2021, 51.44);
INSERT INTO FinancialReport (CompanyID, Quarter, RepYear, HealthScore) VALUES (44, 'Q1', 2022, 52.84);
INSERT INTO FinancialReport (CompanyID, Quarter, RepYear, HealthScore) VALUES (44, 'Q2', 2022, 50.69);
INSERT INTO FinancialReport (CompanyID, Quarter, RepYear, HealthScore) VALUES (44, 'Q3', 2022, 51.47);
INSERT INTO FinancialReport (CompanyID, Quarter, RepYear, HealthScore) VALUES (44, 'Q4', 2022, 50.64);
INSERT INTO FinancialReport (CompanyID, Quarter, RepYear, HealthScore) VALUES (44, 'Q1', 2023, 51.18);
INSERT INTO FinancialReport (CompanyID, Quarter, RepYear, HealthScore) VALUES (44, 'Q2', 2023, 51.91);
INSERT INTO FinancialReport (CompanyID, Quarter, RepYear, HealthScore) VALUES (44, 'Q3', 2023, 52.56);
INSERT INTO FinancialReport (CompanyID, Quarter, RepYear, HealthScore) VALUES (44, 'Q4', 2023, 52.07);
INSERT INTO FinancialReport (CompanyID, Quarter, RepYear, HealthScore) VALUES (44, 'Q1', 2024, 51.77);
INSERT INTO FinancialReport (CompanyID, Quarter, RepYear, HealthScore) VALUES (44, 'Q2', 2024, 49.90);
INSERT INTO FinancialReport (CompanyID, Quarter, RepYear, HealthScore) VALUES (44, 'Q3', 2024, 48.74);
INSERT INTO FinancialReport (CompanyID, Quarter, RepYear, HealthScore) VALUES (44, 'Q4', 2024, 51.76);
INSERT INTO FinancialReport (CompanyID, Quarter, RepYear, HealthScore) VALUES (44, 'Q1', 2025, 50.11);
INSERT INTO FinancialReport (CompanyID, Quarter, RepYear, HealthScore) VALUES (44, 'Q2', 2025, 50.55);
INSERT INTO FinancialReport (CompanyID, Quarter, RepYear, HealthScore) VALUES (44, 'Q3', 2025, 49.69);
INSERT INTO FinancialReport (CompanyID, Quarter, RepYear, HealthScore) VALUES (44, 'Q4', 2025, 50.77);
INSERT INTO FinancialReport (CompanyID, Quarter, RepYear, HealthScore) VALUES (45, 'Q1', 2020, 69.16);
INSERT INTO FinancialReport (CompanyID, Quarter, RepYear, HealthScore) VALUES (45, 'Q2', 2020, 70.33);
INSERT INTO FinancialReport (CompanyID, Quarter, RepYear, HealthScore) VALUES (45, 'Q3', 2020, 69.50);
INSERT INTO FinancialReport (CompanyID, Quarter, RepYear, HealthScore) VALUES (45, 'Q4', 2020, 71.85);
INSERT INTO FinancialReport (CompanyID, Quarter, RepYear, HealthScore) VALUES (45, 'Q1', 2021, 66.12);
INSERT INTO FinancialReport (CompanyID, Quarter, RepYear, HealthScore) VALUES (45, 'Q2', 2021, 65.39);
INSERT INTO FinancialReport (CompanyID, Quarter, RepYear, HealthScore) VALUES (45, 'Q3', 2021, 67.43);
INSERT INTO FinancialReport (CompanyID, Quarter, RepYear, HealthScore) VALUES (45, 'Q4', 2021, 65.04);
INSERT INTO FinancialReport (CompanyID, Quarter, RepYear, HealthScore) VALUES (45, 'Q1', 2022, 64.46);
INSERT INTO FinancialReport (CompanyID, Quarter, RepYear, HealthScore) VALUES (45, 'Q2', 2022, 62.39);
INSERT INTO FinancialReport (CompanyID, Quarter, RepYear, HealthScore) VALUES (45, 'Q3', 2022, 64.34);
INSERT INTO FinancialReport (CompanyID, Quarter, RepYear, HealthScore) VALUES (45, 'Q4', 2022, 62.11);
INSERT INTO FinancialReport (CompanyID, Quarter, RepYear, HealthScore) VALUES (45, 'Q1', 2023, 61.44);
INSERT INTO FinancialReport (CompanyID, Quarter, RepYear, HealthScore) VALUES (45, 'Q2', 2023, 60.95);
INSERT INTO FinancialReport (CompanyID, Quarter, RepYear, HealthScore) VALUES (45, 'Q3', 2023, 61.03);
INSERT INTO FinancialReport (CompanyID, Quarter, RepYear, HealthScore) VALUES (45, 'Q4', 2023, 60.73);
INSERT INTO FinancialReport (CompanyID, Quarter, RepYear, HealthScore) VALUES (45, 'Q1', 2024, 58.31);
INSERT INTO FinancialReport (CompanyID, Quarter, RepYear, HealthScore) VALUES (45, 'Q2', 2024, 56.65);
INSERT INTO FinancialReport (CompanyID, Quarter, RepYear, HealthScore) VALUES (45, 'Q3', 2024, 59.92);
INSERT INTO FinancialReport (CompanyID, Quarter, RepYear, HealthScore) VALUES (45, 'Q4', 2024, 56.50);
INSERT INTO FinancialReport (CompanyID, Quarter, RepYear, HealthScore) VALUES (45, 'Q1', 2025, 55.66);
INSERT INTO FinancialReport (CompanyID, Quarter, RepYear, HealthScore) VALUES (45, 'Q2', 2025, 53.29);
INSERT INTO FinancialReport (CompanyID, Quarter, RepYear, HealthScore) VALUES (45, 'Q3', 2025, 55.21);
INSERT INTO FinancialReport (CompanyID, Quarter, RepYear, HealthScore) VALUES (45, 'Q4', 2025, 54.93);
INSERT INTO FinancialReport (CompanyID, Quarter, RepYear, HealthScore) VALUES (46, 'Q1', 2020, 71.53);
INSERT INTO FinancialReport (CompanyID, Quarter, RepYear, HealthScore) VALUES (46, 'Q2', 2020, 70.72);
INSERT INTO FinancialReport (CompanyID, Quarter, RepYear, HealthScore) VALUES (46, 'Q3', 2020, 70.29);
INSERT INTO FinancialReport (CompanyID, Quarter, RepYear, HealthScore) VALUES (46, 'Q4', 2020, 73.64);
INSERT INTO FinancialReport (CompanyID, Quarter, RepYear, HealthScore) VALUES (46, 'Q1', 2021, 68.52);
INSERT INTO FinancialReport (CompanyID, Quarter, RepYear, HealthScore) VALUES (46, 'Q2', 2021, 68.86);
INSERT INTO FinancialReport (CompanyID, Quarter, RepYear, HealthScore) VALUES (46, 'Q3', 2021, 69.98);
INSERT INTO FinancialReport (CompanyID, Quarter, RepYear, HealthScore) VALUES (46, 'Q4', 2021, 69.08);
INSERT INTO FinancialReport (CompanyID, Quarter, RepYear, HealthScore) VALUES (46, 'Q1', 2022, 66.03);
INSERT INTO FinancialReport (CompanyID, Quarter, RepYear, HealthScore) VALUES (46, 'Q2', 2022, 65.64);
INSERT INTO FinancialReport (CompanyID, Quarter, RepYear, HealthScore) VALUES (46, 'Q3', 2022, 67.43);
INSERT INTO FinancialReport (CompanyID, Quarter, RepYear, HealthScore) VALUES (46, 'Q4', 2022, 65.84);
INSERT INTO FinancialReport (CompanyID, Quarter, RepYear, HealthScore) VALUES (46, 'Q1', 2023, 61.43);
INSERT INTO FinancialReport (CompanyID, Quarter, RepYear, HealthScore) VALUES (46, 'Q2', 2023, 62.89);
INSERT INTO FinancialReport (CompanyID, Quarter, RepYear, HealthScore) VALUES (46, 'Q3', 2023, 61.42);
INSERT INTO FinancialReport (CompanyID, Quarter, RepYear, HealthScore) VALUES (46, 'Q4', 2023, 63.11);
INSERT INTO FinancialReport (CompanyID, Quarter, RepYear, HealthScore) VALUES (46, 'Q1', 2024, 60.17);
INSERT INTO FinancialReport (CompanyID, Quarter, RepYear, HealthScore) VALUES (46, 'Q2', 2024, 60.13);
INSERT INTO FinancialReport (CompanyID, Quarter, RepYear, HealthScore) VALUES (46, 'Q3', 2024, 58.95);
INSERT INTO FinancialReport (CompanyID, Quarter, RepYear, HealthScore) VALUES (46, 'Q4', 2024, 60.00);
INSERT INTO FinancialReport (CompanyID, Quarter, RepYear, HealthScore) VALUES (46, 'Q1', 2025, 55.24);
INSERT INTO FinancialReport (CompanyID, Quarter, RepYear, HealthScore) VALUES (46, 'Q2', 2025, 56.32);
INSERT INTO FinancialReport (CompanyID, Quarter, RepYear, HealthScore) VALUES (46, 'Q3', 2025, 55.36);
INSERT INTO FinancialReport (CompanyID, Quarter, RepYear, HealthScore) VALUES (46, 'Q4', 2025, 55.91);
INSERT INTO FinancialReport (CompanyID, Quarter, RepYear, HealthScore) VALUES (47, 'Q1', 2020, 59.04);
INSERT INTO FinancialReport (CompanyID, Quarter, RepYear, HealthScore) VALUES (47, 'Q2', 2020, 57.66);
INSERT INTO FinancialReport (CompanyID, Quarter, RepYear, HealthScore) VALUES (47, 'Q3', 2020, 59.34);
INSERT INTO FinancialReport (CompanyID, Quarter, RepYear, HealthScore) VALUES (47, 'Q4', 2020, 59.61);
INSERT INTO FinancialReport (CompanyID, Quarter, RepYear, HealthScore) VALUES (47, 'Q1', 2021, 61.60);
INSERT INTO FinancialReport (CompanyID, Quarter, RepYear, HealthScore) VALUES (47, 'Q2', 2021, 60.08);
INSERT INTO FinancialReport (CompanyID, Quarter, RepYear, HealthScore) VALUES (47, 'Q3', 2021, 60.71);
INSERT INTO FinancialReport (CompanyID, Quarter, RepYear, HealthScore) VALUES (47, 'Q4', 2021, 61.79);
INSERT INTO FinancialReport (CompanyID, Quarter, RepYear, HealthScore) VALUES (47, 'Q1', 2022, 62.47);
INSERT INTO FinancialReport (CompanyID, Quarter, RepYear, HealthScore) VALUES (47, 'Q2', 2022, 60.61);
INSERT INTO FinancialReport (CompanyID, Quarter, RepYear, HealthScore) VALUES (47, 'Q3', 2022, 60.19);
INSERT INTO FinancialReport (CompanyID, Quarter, RepYear, HealthScore) VALUES (47, 'Q4', 2022, 61.99);
INSERT INTO FinancialReport (CompanyID, Quarter, RepYear, HealthScore) VALUES (47, 'Q1', 2023, 62.49);
INSERT INTO FinancialReport (CompanyID, Quarter, RepYear, HealthScore) VALUES (47, 'Q2', 2023, 61.83);
INSERT INTO FinancialReport (CompanyID, Quarter, RepYear, HealthScore) VALUES (47, 'Q3', 2023, 61.40);
INSERT INTO FinancialReport (CompanyID, Quarter, RepYear, HealthScore) VALUES (47, 'Q4', 2023, 62.80);
INSERT INTO FinancialReport (CompanyID, Quarter, RepYear, HealthScore) VALUES (47, 'Q1', 2024, 63.93);
INSERT INTO FinancialReport (CompanyID, Quarter, RepYear, HealthScore) VALUES (47, 'Q2', 2024, 61.82);
INSERT INTO FinancialReport (CompanyID, Quarter, RepYear, HealthScore) VALUES (47, 'Q3', 2024, 62.52);
INSERT INTO FinancialReport (CompanyID, Quarter, RepYear, HealthScore) VALUES (47, 'Q4', 2024, 62.50);
INSERT INTO FinancialReport (CompanyID, Quarter, RepYear, HealthScore) VALUES (47, 'Q1', 2025, 64.04);
INSERT INTO FinancialReport (CompanyID, Quarter, RepYear, HealthScore) VALUES (47, 'Q2', 2025, 62.40);
INSERT INTO FinancialReport (CompanyID, Quarter, RepYear, HealthScore) VALUES (47, 'Q3', 2025, 63.49);
INSERT INTO FinancialReport (CompanyID, Quarter, RepYear, HealthScore) VALUES (47, 'Q4', 2025, 65.92);
INSERT INTO FinancialReport (CompanyID, Quarter, RepYear, HealthScore) VALUES (48, 'Q1', 2020, 71.45);
INSERT INTO FinancialReport (CompanyID, Quarter, RepYear, HealthScore) VALUES (48, 'Q2', 2020, 69.03);
INSERT INTO FinancialReport (CompanyID, Quarter, RepYear, HealthScore) VALUES (48, 'Q3', 2020, 72.63);
INSERT INTO FinancialReport (CompanyID, Quarter, RepYear, HealthScore) VALUES (48, 'Q4', 2020, 72.08);
INSERT INTO FinancialReport (CompanyID, Quarter, RepYear, HealthScore) VALUES (48, 'Q1', 2021, 72.49);
INSERT INTO FinancialReport (CompanyID, Quarter, RepYear, HealthScore) VALUES (48, 'Q2', 2021, 70.85);
INSERT INTO FinancialReport (CompanyID, Quarter, RepYear, HealthScore) VALUES (48, 'Q3', 2021, 70.48);
INSERT INTO FinancialReport (CompanyID, Quarter, RepYear, HealthScore) VALUES (48, 'Q4', 2021, 72.09);
INSERT INTO FinancialReport (CompanyID, Quarter, RepYear, HealthScore) VALUES (48, 'Q1', 2022, 72.80);
INSERT INTO FinancialReport (CompanyID, Quarter, RepYear, HealthScore) VALUES (48, 'Q2', 2022, 73.33);
INSERT INTO FinancialReport (CompanyID, Quarter, RepYear, HealthScore) VALUES (48, 'Q3', 2022, 74.95);
INSERT INTO FinancialReport (CompanyID, Quarter, RepYear, HealthScore) VALUES (48, 'Q4', 2022, 74.81);
INSERT INTO FinancialReport (CompanyID, Quarter, RepYear, HealthScore) VALUES (48, 'Q1', 2023, 73.55);
INSERT INTO FinancialReport (CompanyID, Quarter, RepYear, HealthScore) VALUES (48, 'Q2', 2023, 74.74);
INSERT INTO FinancialReport (CompanyID, Quarter, RepYear, HealthScore) VALUES (48, 'Q3', 2023, 73.34);
INSERT INTO FinancialReport (CompanyID, Quarter, RepYear, HealthScore) VALUES (48, 'Q4', 2023, 74.33);
INSERT INTO FinancialReport (CompanyID, Quarter, RepYear, HealthScore) VALUES (48, 'Q1', 2024, 73.41);
INSERT INTO FinancialReport (CompanyID, Quarter, RepYear, HealthScore) VALUES (48, 'Q2', 2024, 76.71);
INSERT INTO FinancialReport (CompanyID, Quarter, RepYear, HealthScore) VALUES (48, 'Q3', 2024, 75.28);
INSERT INTO FinancialReport (CompanyID, Quarter, RepYear, HealthScore) VALUES (48, 'Q4', 2024, 76.30);
INSERT INTO FinancialReport (CompanyID, Quarter, RepYear, HealthScore) VALUES (48, 'Q1', 2025, 75.38);
INSERT INTO FinancialReport (CompanyID, Quarter, RepYear, HealthScore) VALUES (48, 'Q2', 2025, 74.34);
INSERT INTO FinancialReport (CompanyID, Quarter, RepYear, HealthScore) VALUES (48, 'Q3', 2025, 76.75);
INSERT INTO FinancialReport (CompanyID, Quarter, RepYear, HealthScore) VALUES (48, 'Q4', 2025, 77.14);
INSERT INTO FinancialReport (CompanyID, Quarter, RepYear, HealthScore) VALUES (49, 'Q1', 2020, 68.89);
INSERT INTO FinancialReport (CompanyID, Quarter, RepYear, HealthScore) VALUES (49, 'Q2', 2020, 68.52);
INSERT INTO FinancialReport (CompanyID, Quarter, RepYear, HealthScore) VALUES (49, 'Q3', 2020, 65.57);
INSERT INTO FinancialReport (CompanyID, Quarter, RepYear, HealthScore) VALUES (49, 'Q4', 2020, 66.06);
INSERT INTO FinancialReport (CompanyID, Quarter, RepYear, HealthScore) VALUES (49, 'Q1', 2021, 69.94);
INSERT INTO FinancialReport (CompanyID, Quarter, RepYear, HealthScore) VALUES (49, 'Q2', 2021, 67.65);
INSERT INTO FinancialReport (CompanyID, Quarter, RepYear, HealthScore) VALUES (49, 'Q3', 2021, 69.57);
INSERT INTO FinancialReport (CompanyID, Quarter, RepYear, HealthScore) VALUES (49, 'Q4', 2021, 66.55);
INSERT INTO FinancialReport (CompanyID, Quarter, RepYear, HealthScore) VALUES (49, 'Q1', 2022, 68.33);
INSERT INTO FinancialReport (CompanyID, Quarter, RepYear, HealthScore) VALUES (49, 'Q2', 2022, 68.63);
INSERT INTO FinancialReport (CompanyID, Quarter, RepYear, HealthScore) VALUES (49, 'Q3', 2022, 70.84);
INSERT INTO FinancialReport (CompanyID, Quarter, RepYear, HealthScore) VALUES (49, 'Q4', 2022, 68.26);
INSERT INTO FinancialReport (CompanyID, Quarter, RepYear, HealthScore) VALUES (49, 'Q1', 2023, 71.72);
INSERT INTO FinancialReport (CompanyID, Quarter, RepYear, HealthScore) VALUES (49, 'Q2', 2023, 71.40);
INSERT INTO FinancialReport (CompanyID, Quarter, RepYear, HealthScore) VALUES (49, 'Q3', 2023, 68.61);
INSERT INTO FinancialReport (CompanyID, Quarter, RepYear, HealthScore) VALUES (49, 'Q4', 2023, 71.23);
INSERT INTO FinancialReport (CompanyID, Quarter, RepYear, HealthScore) VALUES (49, 'Q1', 2024, 70.24);
INSERT INTO FinancialReport (CompanyID, Quarter, RepYear, HealthScore) VALUES (49, 'Q2', 2024, 69.29);
INSERT INTO FinancialReport (CompanyID, Quarter, RepYear, HealthScore) VALUES (49, 'Q3', 2024, 69.54);
INSERT INTO FinancialReport (CompanyID, Quarter, RepYear, HealthScore) VALUES (49, 'Q4', 2024, 70.46);
INSERT INTO FinancialReport (CompanyID, Quarter, RepYear, HealthScore) VALUES (49, 'Q1', 2025, 70.12);
INSERT INTO FinancialReport (CompanyID, Quarter, RepYear, HealthScore) VALUES (49, 'Q2', 2025, 72.47);
INSERT INTO FinancialReport (CompanyID, Quarter, RepYear, HealthScore) VALUES (49, 'Q3', 2025, 71.69);
INSERT INTO FinancialReport (CompanyID, Quarter, RepYear, HealthScore) VALUES (49, 'Q4', 2025, 71.73);
INSERT INTO FinancialReport (CompanyID, Quarter, RepYear, HealthScore) VALUES (50, 'Q1', 2020, 55.87);
INSERT INTO FinancialReport (CompanyID, Quarter, RepYear, HealthScore) VALUES (50, 'Q2', 2020, 56.10);
INSERT INTO FinancialReport (CompanyID, Quarter, RepYear, HealthScore) VALUES (50, 'Q3', 2020, 56.83);
INSERT INTO FinancialReport (CompanyID, Quarter, RepYear, HealthScore) VALUES (50, 'Q4', 2020, 53.79);
INSERT INTO FinancialReport (CompanyID, Quarter, RepYear, HealthScore) VALUES (50, 'Q1', 2021, 58.95);
INSERT INTO FinancialReport (CompanyID, Quarter, RepYear, HealthScore) VALUES (50, 'Q2', 2021, 56.68);
INSERT INTO FinancialReport (CompanyID, Quarter, RepYear, HealthScore) VALUES (50, 'Q3', 2021, 60.00);
INSERT INTO FinancialReport (CompanyID, Quarter, RepYear, HealthScore) VALUES (50, 'Q4', 2021, 59.68);
INSERT INTO FinancialReport (CompanyID, Quarter, RepYear, HealthScore) VALUES (50, 'Q1', 2022, 59.12);
INSERT INTO FinancialReport (CompanyID, Quarter, RepYear, HealthScore) VALUES (50, 'Q2', 2022, 61.03);
INSERT INTO FinancialReport (CompanyID, Quarter, RepYear, HealthScore) VALUES (50, 'Q3', 2022, 60.24);
INSERT INTO FinancialReport (CompanyID, Quarter, RepYear, HealthScore) VALUES (50, 'Q4', 2022, 62.63);
INSERT INTO FinancialReport (CompanyID, Quarter, RepYear, HealthScore) VALUES (50, 'Q1', 2023, 64.64);
INSERT INTO FinancialReport (CompanyID, Quarter, RepYear, HealthScore) VALUES (50, 'Q2', 2023, 62.98);
INSERT INTO FinancialReport (CompanyID, Quarter, RepYear, HealthScore) VALUES (50, 'Q3', 2023, 63.07);
INSERT INTO FinancialReport (CompanyID, Quarter, RepYear, HealthScore) VALUES (50, 'Q4', 2023, 62.99);
INSERT INTO FinancialReport (CompanyID, Quarter, RepYear, HealthScore) VALUES (50, 'Q1', 2024, 66.89);
INSERT INTO FinancialReport (CompanyID, Quarter, RepYear, HealthScore) VALUES (50, 'Q2', 2024, 68.17);
INSERT INTO FinancialReport (CompanyID, Quarter, RepYear, HealthScore) VALUES (50, 'Q3', 2024, 65.92);
INSERT INTO FinancialReport (CompanyID, Quarter, RepYear, HealthScore) VALUES (50, 'Q4', 2024, 66.12);
INSERT INTO FinancialReport (CompanyID, Quarter, RepYear, HealthScore) VALUES (50, 'Q1', 2025, 70.72);
INSERT INTO FinancialReport (CompanyID, Quarter, RepYear, HealthScore) VALUES (50, 'Q2', 2025, 71.67);
INSERT INTO FinancialReport (CompanyID, Quarter, RepYear, HealthScore) VALUES (50, 'Q3', 2025, 71.99);
INSERT INTO FinancialReport (CompanyID, Quarter, RepYear, HealthScore) VALUES (50, 'Q4', 2025, 70.11);
INSERT INTO FinancialReport (CompanyID, Quarter, RepYear, HealthScore) VALUES (51, 'Q1', 2020, 83.98);
INSERT INTO FinancialReport (CompanyID, Quarter, RepYear, HealthScore) VALUES (51, 'Q2', 2020, 81.36);
INSERT INTO FinancialReport (CompanyID, Quarter, RepYear, HealthScore) VALUES (51, 'Q3', 2020, 81.56);
INSERT INTO FinancialReport (CompanyID, Quarter, RepYear, HealthScore) VALUES (51, 'Q4', 2020, 83.68);
INSERT INTO FinancialReport (CompanyID, Quarter, RepYear, HealthScore) VALUES (51, 'Q1', 2021, 85.14);
INSERT INTO FinancialReport (CompanyID, Quarter, RepYear, HealthScore) VALUES (51, 'Q2', 2021, 84.74);
INSERT INTO FinancialReport (CompanyID, Quarter, RepYear, HealthScore) VALUES (51, 'Q3', 2021, 83.57);
INSERT INTO FinancialReport (CompanyID, Quarter, RepYear, HealthScore) VALUES (51, 'Q4', 2021, 85.87);
INSERT INTO FinancialReport (CompanyID, Quarter, RepYear, HealthScore) VALUES (51, 'Q1', 2022, 84.63);
INSERT INTO FinancialReport (CompanyID, Quarter, RepYear, HealthScore) VALUES (51, 'Q2', 2022, 83.39);
INSERT INTO FinancialReport (CompanyID, Quarter, RepYear, HealthScore) VALUES (51, 'Q3', 2022, 86.39);
INSERT INTO FinancialReport (CompanyID, Quarter, RepYear, HealthScore) VALUES (51, 'Q4', 2022, 83.98);
INSERT INTO FinancialReport (CompanyID, Quarter, RepYear, HealthScore) VALUES (51, 'Q1', 2023, 87.65);
INSERT INTO FinancialReport (CompanyID, Quarter, RepYear, HealthScore) VALUES (51, 'Q2', 2023, 84.25);
INSERT INTO FinancialReport (CompanyID, Quarter, RepYear, HealthScore) VALUES (51, 'Q3', 2023, 86.56);
INSERT INTO FinancialReport (CompanyID, Quarter, RepYear, HealthScore) VALUES (51, 'Q4', 2023, 84.50);
INSERT INTO FinancialReport (CompanyID, Quarter, RepYear, HealthScore) VALUES (51, 'Q1', 2024, 85.53);
INSERT INTO FinancialReport (CompanyID, Quarter, RepYear, HealthScore) VALUES (51, 'Q2', 2024, 85.44);
INSERT INTO FinancialReport (CompanyID, Quarter, RepYear, HealthScore) VALUES (51, 'Q3', 2024, 85.40);
INSERT INTO FinancialReport (CompanyID, Quarter, RepYear, HealthScore) VALUES (51, 'Q4', 2024, 86.36);
INSERT INTO FinancialReport (CompanyID, Quarter, RepYear, HealthScore) VALUES (51, 'Q1', 2025, 88.32);
INSERT INTO FinancialReport (CompanyID, Quarter, RepYear, HealthScore) VALUES (51, 'Q2', 2025, 89.98);
INSERT INTO FinancialReport (CompanyID, Quarter, RepYear, HealthScore) VALUES (51, 'Q3', 2025, 88.60);
INSERT INTO FinancialReport (CompanyID, Quarter, RepYear, HealthScore) VALUES (51, 'Q4', 2025, 86.85);
INSERT INTO FinancialReport (CompanyID, Quarter, RepYear, HealthScore) VALUES (52, 'Q1', 2020, 70.80);
INSERT INTO FinancialReport (CompanyID, Quarter, RepYear, HealthScore) VALUES (52, 'Q2', 2020, 71.67);
INSERT INTO FinancialReport (CompanyID, Quarter, RepYear, HealthScore) VALUES (52, 'Q3', 2020, 70.46);
INSERT INTO FinancialReport (CompanyID, Quarter, RepYear, HealthScore) VALUES (52, 'Q4', 2020, 71.02);
INSERT INTO FinancialReport (CompanyID, Quarter, RepYear, HealthScore) VALUES (52, 'Q1', 2021, 71.17);
INSERT INTO FinancialReport (CompanyID, Quarter, RepYear, HealthScore) VALUES (52, 'Q2', 2021, 70.74);
INSERT INTO FinancialReport (CompanyID, Quarter, RepYear, HealthScore) VALUES (52, 'Q3', 2021, 72.16);
INSERT INTO FinancialReport (CompanyID, Quarter, RepYear, HealthScore) VALUES (52, 'Q4', 2021, 72.25);
INSERT INTO FinancialReport (CompanyID, Quarter, RepYear, HealthScore) VALUES (52, 'Q1', 2022, 70.25);
INSERT INTO FinancialReport (CompanyID, Quarter, RepYear, HealthScore) VALUES (52, 'Q2', 2022, 73.36);
INSERT INTO FinancialReport (CompanyID, Quarter, RepYear, HealthScore) VALUES (52, 'Q3', 2022, 73.89);
INSERT INTO FinancialReport (CompanyID, Quarter, RepYear, HealthScore) VALUES (52, 'Q4', 2022, 70.07);
INSERT INTO FinancialReport (CompanyID, Quarter, RepYear, HealthScore) VALUES (52, 'Q1', 2023, 71.83);
INSERT INTO FinancialReport (CompanyID, Quarter, RepYear, HealthScore) VALUES (52, 'Q2', 2023, 70.76);
INSERT INTO FinancialReport (CompanyID, Quarter, RepYear, HealthScore) VALUES (52, 'Q3', 2023, 70.76);
INSERT INTO FinancialReport (CompanyID, Quarter, RepYear, HealthScore) VALUES (52, 'Q4', 2023, 70.01);
INSERT INTO FinancialReport (CompanyID, Quarter, RepYear, HealthScore) VALUES (52, 'Q1', 2024, 73.28);
INSERT INTO FinancialReport (CompanyID, Quarter, RepYear, HealthScore) VALUES (52, 'Q2', 2024, 71.99);
INSERT INTO FinancialReport (CompanyID, Quarter, RepYear, HealthScore) VALUES (52, 'Q3', 2024, 73.62);
INSERT INTO FinancialReport (CompanyID, Quarter, RepYear, HealthScore) VALUES (52, 'Q4', 2024, 72.53);
INSERT INTO FinancialReport (CompanyID, Quarter, RepYear, HealthScore) VALUES (52, 'Q1', 2025, 70.99);
INSERT INTO FinancialReport (CompanyID, Quarter, RepYear, HealthScore) VALUES (52, 'Q2', 2025, 73.77);
INSERT INTO FinancialReport (CompanyID, Quarter, RepYear, HealthScore) VALUES (52, 'Q3', 2025, 72.91);
INSERT INTO FinancialReport (CompanyID, Quarter, RepYear, HealthScore) VALUES (52, 'Q4', 2025, 70.54);
INSERT INTO FinancialReport (CompanyID, Quarter, RepYear, HealthScore) VALUES (53, 'Q1', 2020, 87.45);
INSERT INTO FinancialReport (CompanyID, Quarter, RepYear, HealthScore) VALUES (53, 'Q2', 2020, 87.51);
INSERT INTO FinancialReport (CompanyID, Quarter, RepYear, HealthScore) VALUES (53, 'Q3', 2020, 85.19);
INSERT INTO FinancialReport (CompanyID, Quarter, RepYear, HealthScore) VALUES (53, 'Q4', 2020, 85.62);
INSERT INTO FinancialReport (CompanyID, Quarter, RepYear, HealthScore) VALUES (53, 'Q1', 2021, 88.73);
INSERT INTO FinancialReport (CompanyID, Quarter, RepYear, HealthScore) VALUES (53, 'Q2', 2021, 88.29);
INSERT INTO FinancialReport (CompanyID, Quarter, RepYear, HealthScore) VALUES (53, 'Q3', 2021, 85.04);
INSERT INTO FinancialReport (CompanyID, Quarter, RepYear, HealthScore) VALUES (53, 'Q4', 2021, 88.07);
INSERT INTO FinancialReport (CompanyID, Quarter, RepYear, HealthScore) VALUES (53, 'Q1', 2022, 86.33);
INSERT INTO FinancialReport (CompanyID, Quarter, RepYear, HealthScore) VALUES (53, 'Q2', 2022, 89.58);
INSERT INTO FinancialReport (CompanyID, Quarter, RepYear, HealthScore) VALUES (53, 'Q3', 2022, 86.22);
INSERT INTO FinancialReport (CompanyID, Quarter, RepYear, HealthScore) VALUES (53, 'Q4', 2022, 88.83);
INSERT INTO FinancialReport (CompanyID, Quarter, RepYear, HealthScore) VALUES (53, 'Q1', 2023, 87.24);
INSERT INTO FinancialReport (CompanyID, Quarter, RepYear, HealthScore) VALUES (53, 'Q2', 2023, 89.43);
INSERT INTO FinancialReport (CompanyID, Quarter, RepYear, HealthScore) VALUES (53, 'Q3', 2023, 87.49);
INSERT INTO FinancialReport (CompanyID, Quarter, RepYear, HealthScore) VALUES (53, 'Q4', 2023, 89.62);
INSERT INTO FinancialReport (CompanyID, Quarter, RepYear, HealthScore) VALUES (53, 'Q1', 2024, 89.50);
INSERT INTO FinancialReport (CompanyID, Quarter, RepYear, HealthScore) VALUES (53, 'Q2', 2024, 89.97);
INSERT INTO FinancialReport (CompanyID, Quarter, RepYear, HealthScore) VALUES (53, 'Q3', 2024, 90.83);
INSERT INTO FinancialReport (CompanyID, Quarter, RepYear, HealthScore) VALUES (53, 'Q4', 2024, 90.54);
INSERT INTO FinancialReport (CompanyID, Quarter, RepYear, HealthScore) VALUES (53, 'Q1', 2025, 91.35);
INSERT INTO FinancialReport (CompanyID, Quarter, RepYear, HealthScore) VALUES (53, 'Q2', 2025, 91.66);
INSERT INTO FinancialReport (CompanyID, Quarter, RepYear, HealthScore) VALUES (53, 'Q3', 2025, 90.78);
INSERT INTO FinancialReport (CompanyID, Quarter, RepYear, HealthScore) VALUES (53, 'Q4', 2025, 89.90);
INSERT INTO FinancialReport (CompanyID, Quarter, RepYear, HealthScore) VALUES (54, 'Q1', 2020, 87.34);
INSERT INTO FinancialReport (CompanyID, Quarter, RepYear, HealthScore) VALUES (54, 'Q2', 2020, 89.21);
INSERT INTO FinancialReport (CompanyID, Quarter, RepYear, HealthScore) VALUES (54, 'Q3', 2020, 87.47);
INSERT INTO FinancialReport (CompanyID, Quarter, RepYear, HealthScore) VALUES (54, 'Q4', 2020, 86.54);
INSERT INTO FinancialReport (CompanyID, Quarter, RepYear, HealthScore) VALUES (54, 'Q1', 2021, 86.54);
INSERT INTO FinancialReport (CompanyID, Quarter, RepYear, HealthScore) VALUES (54, 'Q2', 2021, 88.13);
INSERT INTO FinancialReport (CompanyID, Quarter, RepYear, HealthScore) VALUES (54, 'Q3', 2021, 88.05);
INSERT INTO FinancialReport (CompanyID, Quarter, RepYear, HealthScore) VALUES (54, 'Q4', 2021, 88.77);
INSERT INTO FinancialReport (CompanyID, Quarter, RepYear, HealthScore) VALUES (54, 'Q1', 2022, 84.71);
INSERT INTO FinancialReport (CompanyID, Quarter, RepYear, HealthScore) VALUES (54, 'Q2', 2022, 87.66);
INSERT INTO FinancialReport (CompanyID, Quarter, RepYear, HealthScore) VALUES (54, 'Q3', 2022, 85.30);
INSERT INTO FinancialReport (CompanyID, Quarter, RepYear, HealthScore) VALUES (54, 'Q4', 2022, 87.66);
INSERT INTO FinancialReport (CompanyID, Quarter, RepYear, HealthScore) VALUES (54, 'Q1', 2023, 85.38);
INSERT INTO FinancialReport (CompanyID, Quarter, RepYear, HealthScore) VALUES (54, 'Q2', 2023, 83.98);
INSERT INTO FinancialReport (CompanyID, Quarter, RepYear, HealthScore) VALUES (54, 'Q3', 2023, 83.38);
INSERT INTO FinancialReport (CompanyID, Quarter, RepYear, HealthScore) VALUES (54, 'Q4', 2023, 85.63);
INSERT INTO FinancialReport (CompanyID, Quarter, RepYear, HealthScore) VALUES (54, 'Q1', 2024, 85.07);
INSERT INTO FinancialReport (CompanyID, Quarter, RepYear, HealthScore) VALUES (54, 'Q2', 2024, 82.53);
INSERT INTO FinancialReport (CompanyID, Quarter, RepYear, HealthScore) VALUES (54, 'Q3', 2024, 85.99);
INSERT INTO FinancialReport (CompanyID, Quarter, RepYear, HealthScore) VALUES (54, 'Q4', 2024, 82.20);
INSERT INTO FinancialReport (CompanyID, Quarter, RepYear, HealthScore) VALUES (54, 'Q1', 2025, 84.58);
INSERT INTO FinancialReport (CompanyID, Quarter, RepYear, HealthScore) VALUES (54, 'Q2', 2025, 84.67);
INSERT INTO FinancialReport (CompanyID, Quarter, RepYear, HealthScore) VALUES (54, 'Q3', 2025, 83.52);
INSERT INTO FinancialReport (CompanyID, Quarter, RepYear, HealthScore) VALUES (54, 'Q4', 2025, 84.13);
INSERT INTO FinancialReport (CompanyID, Quarter, RepYear, HealthScore) VALUES (55, 'Q1', 2020, 73.79);
INSERT INTO FinancialReport (CompanyID, Quarter, RepYear, HealthScore) VALUES (55, 'Q2', 2020, 76.83);
INSERT INTO FinancialReport (CompanyID, Quarter, RepYear, HealthScore) VALUES (55, 'Q3', 2020, 74.61);
INSERT INTO FinancialReport (CompanyID, Quarter, RepYear, HealthScore) VALUES (55, 'Q4', 2020, 74.64);
INSERT INTO FinancialReport (CompanyID, Quarter, RepYear, HealthScore) VALUES (55, 'Q1', 2021, 77.87);
INSERT INTO FinancialReport (CompanyID, Quarter, RepYear, HealthScore) VALUES (55, 'Q2', 2021, 76.10);
INSERT INTO FinancialReport (CompanyID, Quarter, RepYear, HealthScore) VALUES (55, 'Q3', 2021, 77.24);
INSERT INTO FinancialReport (CompanyID, Quarter, RepYear, HealthScore) VALUES (55, 'Q4', 2021, 75.93);
INSERT INTO FinancialReport (CompanyID, Quarter, RepYear, HealthScore) VALUES (55, 'Q1', 2022, 77.75);
INSERT INTO FinancialReport (CompanyID, Quarter, RepYear, HealthScore) VALUES (55, 'Q2', 2022, 78.03);
INSERT INTO FinancialReport (CompanyID, Quarter, RepYear, HealthScore) VALUES (55, 'Q3', 2022, 75.91);
INSERT INTO FinancialReport (CompanyID, Quarter, RepYear, HealthScore) VALUES (55, 'Q4', 2022, 75.43);
INSERT INTO FinancialReport (CompanyID, Quarter, RepYear, HealthScore) VALUES (55, 'Q1', 2023, 77.12);
INSERT INTO FinancialReport (CompanyID, Quarter, RepYear, HealthScore) VALUES (55, 'Q2', 2023, 76.64);
INSERT INTO FinancialReport (CompanyID, Quarter, RepYear, HealthScore) VALUES (55, 'Q3', 2023, 79.27);
INSERT INTO FinancialReport (CompanyID, Quarter, RepYear, HealthScore) VALUES (55, 'Q4', 2023, 78.36);
INSERT INTO FinancialReport (CompanyID, Quarter, RepYear, HealthScore) VALUES (55, 'Q1', 2024, 78.39);
INSERT INTO FinancialReport (CompanyID, Quarter, RepYear, HealthScore) VALUES (55, 'Q2', 2024, 78.79);
INSERT INTO FinancialReport (CompanyID, Quarter, RepYear, HealthScore) VALUES (55, 'Q3', 2024, 77.93);
INSERT INTO FinancialReport (CompanyID, Quarter, RepYear, HealthScore) VALUES (55, 'Q4', 2024, 78.45);
INSERT INTO FinancialReport (CompanyID, Quarter, RepYear, HealthScore) VALUES (55, 'Q1', 2025, 79.29);
INSERT INTO FinancialReport (CompanyID, Quarter, RepYear, HealthScore) VALUES (55, 'Q2', 2025, 78.89);
INSERT INTO FinancialReport (CompanyID, Quarter, RepYear, HealthScore) VALUES (55, 'Q3', 2025, 80.07);
INSERT INTO FinancialReport (CompanyID, Quarter, RepYear, HealthScore) VALUES (55, 'Q4', 2025, 79.43);
INSERT INTO FinancialReport (CompanyID, Quarter, RepYear, HealthScore) VALUES (56, 'Q1', 2020, 80.76);
INSERT INTO FinancialReport (CompanyID, Quarter, RepYear, HealthScore) VALUES (56, 'Q2', 2020, 81.25);
INSERT INTO FinancialReport (CompanyID, Quarter, RepYear, HealthScore) VALUES (56, 'Q3', 2020, 81.62);
INSERT INTO FinancialReport (CompanyID, Quarter, RepYear, HealthScore) VALUES (56, 'Q4', 2020, 79.85);
INSERT INTO FinancialReport (CompanyID, Quarter, RepYear, HealthScore) VALUES (56, 'Q1', 2021, 76.65);
INSERT INTO FinancialReport (CompanyID, Quarter, RepYear, HealthScore) VALUES (56, 'Q2', 2021, 77.99);
INSERT INTO FinancialReport (CompanyID, Quarter, RepYear, HealthScore) VALUES (56, 'Q3', 2021, 79.40);
INSERT INTO FinancialReport (CompanyID, Quarter, RepYear, HealthScore) VALUES (56, 'Q4', 2021, 77.38);
INSERT INTO FinancialReport (CompanyID, Quarter, RepYear, HealthScore) VALUES (56, 'Q1', 2022, 73.69);
INSERT INTO FinancialReport (CompanyID, Quarter, RepYear, HealthScore) VALUES (56, 'Q2', 2022, 75.08);
INSERT INTO FinancialReport (CompanyID, Quarter, RepYear, HealthScore) VALUES (56, 'Q3', 2022, 74.06);
INSERT INTO FinancialReport (CompanyID, Quarter, RepYear, HealthScore) VALUES (56, 'Q4', 2022, 75.25);
INSERT INTO FinancialReport (CompanyID, Quarter, RepYear, HealthScore) VALUES (56, 'Q1', 2023, 70.01);
INSERT INTO FinancialReport (CompanyID, Quarter, RepYear, HealthScore) VALUES (56, 'Q2', 2023, 70.42);
INSERT INTO FinancialReport (CompanyID, Quarter, RepYear, HealthScore) VALUES (56, 'Q3', 2023, 72.88);
INSERT INTO FinancialReport (CompanyID, Quarter, RepYear, HealthScore) VALUES (56, 'Q4', 2023, 70.81);
INSERT INTO FinancialReport (CompanyID, Quarter, RepYear, HealthScore) VALUES (56, 'Q1', 2024, 67.83);
INSERT INTO FinancialReport (CompanyID, Quarter, RepYear, HealthScore) VALUES (56, 'Q2', 2024, 67.04);
INSERT INTO FinancialReport (CompanyID, Quarter, RepYear, HealthScore) VALUES (56, 'Q3', 2024, 67.84);
INSERT INTO FinancialReport (CompanyID, Quarter, RepYear, HealthScore) VALUES (56, 'Q4', 2024, 68.10);
INSERT INTO FinancialReport (CompanyID, Quarter, RepYear, HealthScore) VALUES (56, 'Q1', 2025, 67.45);
INSERT INTO FinancialReport (CompanyID, Quarter, RepYear, HealthScore) VALUES (56, 'Q2', 2025, 67.22);
INSERT INTO FinancialReport (CompanyID, Quarter, RepYear, HealthScore) VALUES (56, 'Q3', 2025, 67.00);
INSERT INTO FinancialReport (CompanyID, Quarter, RepYear, HealthScore) VALUES (56, 'Q4', 2025, 64.33);
INSERT INTO FinancialReport (CompanyID, Quarter, RepYear, HealthScore) VALUES (57, 'Q1', 2020, 76.14);
INSERT INTO FinancialReport (CompanyID, Quarter, RepYear, HealthScore) VALUES (57, 'Q2', 2020, 76.93);
INSERT INTO FinancialReport (CompanyID, Quarter, RepYear, HealthScore) VALUES (57, 'Q3', 2020, 76.69);
INSERT INTO FinancialReport (CompanyID, Quarter, RepYear, HealthScore) VALUES (57, 'Q4', 2020, 77.67);
INSERT INTO FinancialReport (CompanyID, Quarter, RepYear, HealthScore) VALUES (57, 'Q1', 2021, 78.06);
INSERT INTO FinancialReport (CompanyID, Quarter, RepYear, HealthScore) VALUES (57, 'Q2', 2021, 78.91);
INSERT INTO FinancialReport (CompanyID, Quarter, RepYear, HealthScore) VALUES (57, 'Q3', 2021, 79.80);
INSERT INTO FinancialReport (CompanyID, Quarter, RepYear, HealthScore) VALUES (57, 'Q4', 2021, 76.37);
INSERT INTO FinancialReport (CompanyID, Quarter, RepYear, HealthScore) VALUES (57, 'Q1', 2022, 77.69);
INSERT INTO FinancialReport (CompanyID, Quarter, RepYear, HealthScore) VALUES (57, 'Q2', 2022, 76.33);
INSERT INTO FinancialReport (CompanyID, Quarter, RepYear, HealthScore) VALUES (57, 'Q3', 2022, 79.08);
INSERT INTO FinancialReport (CompanyID, Quarter, RepYear, HealthScore) VALUES (57, 'Q4', 2022, 79.22);
INSERT INTO FinancialReport (CompanyID, Quarter, RepYear, HealthScore) VALUES (57, 'Q1', 2023, 76.94);
INSERT INTO FinancialReport (CompanyID, Quarter, RepYear, HealthScore) VALUES (57, 'Q2', 2023, 77.32);
INSERT INTO FinancialReport (CompanyID, Quarter, RepYear, HealthScore) VALUES (57, 'Q3', 2023, 79.05);
INSERT INTO FinancialReport (CompanyID, Quarter, RepYear, HealthScore) VALUES (57, 'Q4', 2023, 79.74);
INSERT INTO FinancialReport (CompanyID, Quarter, RepYear, HealthScore) VALUES (57, 'Q1', 2024, 78.68);
INSERT INTO FinancialReport (CompanyID, Quarter, RepYear, HealthScore) VALUES (57, 'Q2', 2024, 76.52);
INSERT INTO FinancialReport (CompanyID, Quarter, RepYear, HealthScore) VALUES (57, 'Q3', 2024, 76.53);
INSERT INTO FinancialReport (CompanyID, Quarter, RepYear, HealthScore) VALUES (57, 'Q4', 2024, 78.26);
INSERT INTO FinancialReport (CompanyID, Quarter, RepYear, HealthScore) VALUES (57, 'Q1', 2025, 76.91);
INSERT INTO FinancialReport (CompanyID, Quarter, RepYear, HealthScore) VALUES (57, 'Q2', 2025, 78.21);
INSERT INTO FinancialReport (CompanyID, Quarter, RepYear, HealthScore) VALUES (57, 'Q3', 2025, 77.55);
INSERT INTO FinancialReport (CompanyID, Quarter, RepYear, HealthScore) VALUES (57, 'Q4', 2025, 79.59);
INSERT INTO FinancialReport (CompanyID, Quarter, RepYear, HealthScore) VALUES (58, 'Q1', 2020, 86.27);
INSERT INTO FinancialReport (CompanyID, Quarter, RepYear, HealthScore) VALUES (58, 'Q2', 2020, 89.40);
INSERT INTO FinancialReport (CompanyID, Quarter, RepYear, HealthScore) VALUES (58, 'Q3', 2020, 87.21);
INSERT INTO FinancialReport (CompanyID, Quarter, RepYear, HealthScore) VALUES (58, 'Q4', 2020, 88.95);
INSERT INTO FinancialReport (CompanyID, Quarter, RepYear, HealthScore) VALUES (58, 'Q1', 2021, 89.71);
INSERT INTO FinancialReport (CompanyID, Quarter, RepYear, HealthScore) VALUES (58, 'Q2', 2021, 87.13);
INSERT INTO FinancialReport (CompanyID, Quarter, RepYear, HealthScore) VALUES (58, 'Q3', 2021, 86.95);
INSERT INTO FinancialReport (CompanyID, Quarter, RepYear, HealthScore) VALUES (58, 'Q4', 2021, 86.84);
INSERT INTO FinancialReport (CompanyID, Quarter, RepYear, HealthScore) VALUES (58, 'Q1', 2022, 86.52);
INSERT INTO FinancialReport (CompanyID, Quarter, RepYear, HealthScore) VALUES (58, 'Q2', 2022, 87.09);
INSERT INTO FinancialReport (CompanyID, Quarter, RepYear, HealthScore) VALUES (58, 'Q3', 2022, 89.15);
INSERT INTO FinancialReport (CompanyID, Quarter, RepYear, HealthScore) VALUES (58, 'Q4', 2022, 86.09);
INSERT INTO FinancialReport (CompanyID, Quarter, RepYear, HealthScore) VALUES (58, 'Q1', 2023, 87.70);
INSERT INTO FinancialReport (CompanyID, Quarter, RepYear, HealthScore) VALUES (58, 'Q2', 2023, 86.42);
INSERT INTO FinancialReport (CompanyID, Quarter, RepYear, HealthScore) VALUES (58, 'Q3', 2023, 87.26);
INSERT INTO FinancialReport (CompanyID, Quarter, RepYear, HealthScore) VALUES (58, 'Q4', 2023, 87.06);
INSERT INTO FinancialReport (CompanyID, Quarter, RepYear, HealthScore) VALUES (58, 'Q1', 2024, 86.22);
INSERT INTO FinancialReport (CompanyID, Quarter, RepYear, HealthScore) VALUES (58, 'Q2', 2024, 86.05);
INSERT INTO FinancialReport (CompanyID, Quarter, RepYear, HealthScore) VALUES (58, 'Q3', 2024, 87.01);
INSERT INTO FinancialReport (CompanyID, Quarter, RepYear, HealthScore) VALUES (58, 'Q4', 2024, 89.66);
INSERT INTO FinancialReport (CompanyID, Quarter, RepYear, HealthScore) VALUES (58, 'Q1', 2025, 86.02);
INSERT INTO FinancialReport (CompanyID, Quarter, RepYear, HealthScore) VALUES (58, 'Q2', 2025, 87.12);
INSERT INTO FinancialReport (CompanyID, Quarter, RepYear, HealthScore) VALUES (58, 'Q3', 2025, 88.48);
INSERT INTO FinancialReport (CompanyID, Quarter, RepYear, HealthScore) VALUES (58, 'Q4', 2025, 87.44);
INSERT INTO FinancialReport (CompanyID, Quarter, RepYear, HealthScore) VALUES (59, 'Q1', 2020, 81.21);
INSERT INTO FinancialReport (CompanyID, Quarter, RepYear, HealthScore) VALUES (59, 'Q2', 2020, 82.07);
INSERT INTO FinancialReport (CompanyID, Quarter, RepYear, HealthScore) VALUES (59, 'Q3', 2020, 81.19);
INSERT INTO FinancialReport (CompanyID, Quarter, RepYear, HealthScore) VALUES (59, 'Q4', 2020, 82.23);
INSERT INTO FinancialReport (CompanyID, Quarter, RepYear, HealthScore) VALUES (59, 'Q1', 2021, 84.11);
INSERT INTO FinancialReport (CompanyID, Quarter, RepYear, HealthScore) VALUES (59, 'Q2', 2021, 82.65);
INSERT INTO FinancialReport (CompanyID, Quarter, RepYear, HealthScore) VALUES (59, 'Q3', 2021, 84.32);
INSERT INTO FinancialReport (CompanyID, Quarter, RepYear, HealthScore) VALUES (59, 'Q4', 2021, 82.61);
INSERT INTO FinancialReport (CompanyID, Quarter, RepYear, HealthScore) VALUES (59, 'Q1', 2022, 83.58);
INSERT INTO FinancialReport (CompanyID, Quarter, RepYear, HealthScore) VALUES (59, 'Q2', 2022, 84.23);
INSERT INTO FinancialReport (CompanyID, Quarter, RepYear, HealthScore) VALUES (59, 'Q3', 2022, 84.52);
INSERT INTO FinancialReport (CompanyID, Quarter, RepYear, HealthScore) VALUES (59, 'Q4', 2022, 83.92);
INSERT INTO FinancialReport (CompanyID, Quarter, RepYear, HealthScore) VALUES (59, 'Q1', 2023, 86.56);
INSERT INTO FinancialReport (CompanyID, Quarter, RepYear, HealthScore) VALUES (59, 'Q2', 2023, 85.74);
INSERT INTO FinancialReport (CompanyID, Quarter, RepYear, HealthScore) VALUES (59, 'Q3', 2023, 83.27);
INSERT INTO FinancialReport (CompanyID, Quarter, RepYear, HealthScore) VALUES (59, 'Q4', 2023, 85.05);
INSERT INTO FinancialReport (CompanyID, Quarter, RepYear, HealthScore) VALUES (59, 'Q1', 2024, 87.36);
INSERT INTO FinancialReport (CompanyID, Quarter, RepYear, HealthScore) VALUES (59, 'Q2', 2024, 85.26);
INSERT INTO FinancialReport (CompanyID, Quarter, RepYear, HealthScore) VALUES (59, 'Q3', 2024, 87.55);
INSERT INTO FinancialReport (CompanyID, Quarter, RepYear, HealthScore) VALUES (59, 'Q4', 2024, 87.46);
INSERT INTO FinancialReport (CompanyID, Quarter, RepYear, HealthScore) VALUES (59, 'Q1', 2025, 87.43);
INSERT INTO FinancialReport (CompanyID, Quarter, RepYear, HealthScore) VALUES (59, 'Q2', 2025, 87.41);
INSERT INTO FinancialReport (CompanyID, Quarter, RepYear, HealthScore) VALUES (59, 'Q3', 2025, 87.36);
INSERT INTO FinancialReport (CompanyID, Quarter, RepYear, HealthScore) VALUES (59, 'Q4', 2025, 86.43);
INSERT INTO FinancialReport (CompanyID, Quarter, RepYear, HealthScore) VALUES (60, 'Q1', 2020, 58.96);
INSERT INTO FinancialReport (CompanyID, Quarter, RepYear, HealthScore) VALUES (60, 'Q2', 2020, 59.57);
INSERT INTO FinancialReport (CompanyID, Quarter, RepYear, HealthScore) VALUES (60, 'Q3', 2020, 60.37);
INSERT INTO FinancialReport (CompanyID, Quarter, RepYear, HealthScore) VALUES (60, 'Q4', 2020, 59.39);
INSERT INTO FinancialReport (CompanyID, Quarter, RepYear, HealthScore) VALUES (60, 'Q1', 2021, 64.59);
INSERT INTO FinancialReport (CompanyID, Quarter, RepYear, HealthScore) VALUES (60, 'Q2', 2021, 61.48);
INSERT INTO FinancialReport (CompanyID, Quarter, RepYear, HealthScore) VALUES (60, 'Q3', 2021, 61.07);
INSERT INTO FinancialReport (CompanyID, Quarter, RepYear, HealthScore) VALUES (60, 'Q4', 2021, 63.92);
INSERT INTO FinancialReport (CompanyID, Quarter, RepYear, HealthScore) VALUES (60, 'Q1', 2022, 65.27);
INSERT INTO FinancialReport (CompanyID, Quarter, RepYear, HealthScore) VALUES (60, 'Q2', 2022, 65.04);
INSERT INTO FinancialReport (CompanyID, Quarter, RepYear, HealthScore) VALUES (60, 'Q3', 2022, 66.28);
INSERT INTO FinancialReport (CompanyID, Quarter, RepYear, HealthScore) VALUES (60, 'Q4', 2022, 66.45);
INSERT INTO FinancialReport (CompanyID, Quarter, RepYear, HealthScore) VALUES (60, 'Q1', 2023, 70.45);
INSERT INTO FinancialReport (CompanyID, Quarter, RepYear, HealthScore) VALUES (60, 'Q2', 2023, 68.43);
INSERT INTO FinancialReport (CompanyID, Quarter, RepYear, HealthScore) VALUES (60, 'Q3', 2023, 68.91);
INSERT INTO FinancialReport (CompanyID, Quarter, RepYear, HealthScore) VALUES (60, 'Q4', 2023, 70.83);
INSERT INTO FinancialReport (CompanyID, Quarter, RepYear, HealthScore) VALUES (60, 'Q1', 2024, 73.55);
INSERT INTO FinancialReport (CompanyID, Quarter, RepYear, HealthScore) VALUES (60, 'Q2', 2024, 71.75);
INSERT INTO FinancialReport (CompanyID, Quarter, RepYear, HealthScore) VALUES (60, 'Q3', 2024, 72.38);
INSERT INTO FinancialReport (CompanyID, Quarter, RepYear, HealthScore) VALUES (60, 'Q4', 2024, 71.28);
INSERT INTO FinancialReport (CompanyID, Quarter, RepYear, HealthScore) VALUES (60, 'Q1', 2025, 76.27);
INSERT INTO FinancialReport (CompanyID, Quarter, RepYear, HealthScore) VALUES (60, 'Q2', 2025, 76.20);
INSERT INTO FinancialReport (CompanyID, Quarter, RepYear, HealthScore) VALUES (60, 'Q3', 2025, 76.06);
INSERT INTO FinancialReport (CompanyID, Quarter, RepYear, HealthScore) VALUES (60, 'Q4', 2025, 74.64);
INSERT INTO DisruptionCategory (CategoryID, CategoryName, Description) VALUES (1,'Natural Disaster','Natural Disaster related issue');
INSERT INTO DisruptionCategory (CategoryID, CategoryName, Description) VALUES (2,'Cyber Attack','Cyber Attack related issue');
INSERT INTO DisruptionCategory (CategoryID, CategoryName, Description) VALUES (3,'Labor Strike','Labor Strike related issue');
INSERT INTO DisruptionCategory (CategoryID, CategoryName, Description) VALUES (4,'Supplier Bankruptcy','Supplier Bankruptcy related issue');
INSERT INTO DisruptionCategory (CategoryID, CategoryName, Description) VALUES (5,'Transport Failure','Transport Failure related issue');
INSERT INTO DisruptionCategory (CategoryID, CategoryName, Description) VALUES (6,'Regulatory Change','Regulatory Change related issue');
INSERT INTO DisruptionCategory (CategoryID, CategoryName, Description) VALUES (7,'Energy Outage','Energy Outage related issue');
INSERT INTO DisruptionCategory (CategoryID, CategoryName, Description) VALUES (8,'Pandemic','Pandemic related issue');
INSERT INTO DisruptionCategory (CategoryID, CategoryName, Description) VALUES (9,'Port Congestion','Port Congestion related issue');
INSERT INTO DisruptionCategory (CategoryID, CategoryName, Description) VALUES (10,'Raw Material Shortage','Raw Material Shortage related issue');
INSERT INTO DisruptionCategory (CategoryID, CategoryName, Description) VALUES (11,'Weather Event','Weather Event related issue');
INSERT INTO DisruptionCategory (CategoryID, CategoryName, Description) VALUES (12,'Political Unrest','Political Unrest related issue');
INSERT INTO DisruptionCategory (CategoryID, CategoryName, Description) VALUES (13,'Other','Other related issue');
INSERT INTO DisruptionEvent (EventID, EventDate, EventRecoveryDate, CategoryID) VALUES (1, '2023-05-17', '2023-05-25', 5);
INSERT INTO ImpactsCompany (EventID, AffectedCompanyID, ImpactLevel) VALUES (1,39,'Low');
INSERT INTO ImpactsCompany (EventID, AffectedCompanyID, ImpactLevel) VALUES (1,19,'Low');
INSERT INTO ImpactsCompany (EventID, AffectedCompanyID, ImpactLevel) VALUES (1,60,'High');
INSERT INTO ImpactsCompany (EventID, AffectedCompanyID, ImpactLevel) VALUES (1,43,'Low');
INSERT INTO ImpactsCompany (EventID, AffectedCompanyID, ImpactLevel) VALUES (1,29,'Medium');
INSERT INTO ImpactsCompany (EventID, AffectedCompanyID, ImpactLevel) VALUES (1,46,'Low');
INSERT INTO ImpactsCompany (EventID, AffectedCompanyID, ImpactLevel) VALUES (1,30,'Low');
INSERT INTO ImpactsCompany (EventID, AffectedCompanyID, ImpactLevel) VALUES (1,38,'Low');
INSERT INTO ImpactsCompany (EventID, AffectedCompanyID, ImpactLevel) VALUES (1,32,'Medium');
INSERT INTO ImpactsCompany (EventID, AffectedCompanyID, ImpactLevel) VALUES (1,16,'Medium');
INSERT INTO ImpactsCompany (EventID, AffectedCompanyID, ImpactLevel) VALUES (1,2,'Low');
INSERT INTO ImpactsCompany (EventID, AffectedCompanyID, ImpactLevel) VALUES (1,18,'Low');
INSERT INTO ImpactsCompany (EventID, AffectedCompanyID, ImpactLevel) VALUES (1,36,'Low');
INSERT INTO ImpactsCompany (EventID, AffectedCompanyID, ImpactLevel) VALUES (1,23,'Low');
INSERT INTO ImpactsCompany (EventID, AffectedCompanyID, ImpactLevel) VALUES (1,41,'Low');
INSERT INTO ImpactsCompany (EventID, AffectedCompanyID, ImpactLevel) VALUES (1,27,'Medium');
INSERT INTO DisruptionEvent (EventID, EventDate, EventRecoveryDate, CategoryID) VALUES (2, '2023-08-25', '2023-08-27', 12);
INSERT INTO ImpactsCompany (EventID, AffectedCompanyID, ImpactLevel) VALUES (2,54,'Medium');
INSERT INTO ImpactsCompany (EventID, AffectedCompanyID, ImpactLevel) VALUES (2,19,'Low');
INSERT INTO ImpactsCompany (EventID, AffectedCompanyID, ImpactLevel) VALUES (2,32,'Medium');
INSERT INTO ImpactsCompany (EventID, AffectedCompanyID, ImpactLevel) VALUES (2,9,'Medium');
INSERT INTO ImpactsCompany (EventID, AffectedCompanyID, ImpactLevel) VALUES (2,25,'Medium');
INSERT INTO ImpactsCompany (EventID, AffectedCompanyID, ImpactLevel) VALUES (2,21,'Low');
INSERT INTO ImpactsCompany (EventID, AffectedCompanyID, ImpactLevel) VALUES (2,31,'Low');
INSERT INTO ImpactsCompany (EventID, AffectedCompanyID, ImpactLevel) VALUES (2,6,'Low');
INSERT INTO ImpactsCompany (EventID, AffectedCompanyID, ImpactLevel) VALUES (2,49,'Low');
INSERT INTO ImpactsCompany (EventID, AffectedCompanyID, ImpactLevel) VALUES (2,15,'Low');
INSERT INTO ImpactsCompany (EventID, AffectedCompanyID, ImpactLevel) VALUES (2,34,'Low');
INSERT INTO ImpactsCompany (EventID, AffectedCompanyID, ImpactLevel) VALUES (2,60,'Low');
INSERT INTO ImpactsCompany (EventID, AffectedCompanyID, ImpactLevel) VALUES (2,17,'Low');
INSERT INTO ImpactsCompany (EventID, AffectedCompanyID, ImpactLevel) VALUES (2,40,'Low');
INSERT INTO DisruptionEvent (EventID, EventDate, EventRecoveryDate, CategoryID) VALUES (3, '2020-06-03', '2020-06-04', 9);
INSERT INTO ImpactsCompany (EventID, AffectedCompanyID, ImpactLevel) VALUES (3,26,'Medium');
INSERT INTO ImpactsCompany (EventID, AffectedCompanyID, ImpactLevel) VALUES (3,16,'Low');
INSERT INTO ImpactsCompany (EventID, AffectedCompanyID, ImpactLevel) VALUES (3,49,'Low');
INSERT INTO ImpactsCompany (EventID, AffectedCompanyID, ImpactLevel) VALUES (3,47,'Low');
INSERT INTO ImpactsCompany (EventID, AffectedCompanyID, ImpactLevel) VALUES (3,51,'Low');
INSERT INTO ImpactsCompany (EventID, AffectedCompanyID, ImpactLevel) VALUES (3,10,'Low');
INSERT INTO ImpactsCompany (EventID, AffectedCompanyID, ImpactLevel) VALUES (3,24,'Low');
INSERT INTO ImpactsCompany (EventID, AffectedCompanyID, ImpactLevel) VALUES (3,36,'Low');
INSERT INTO ImpactsCompany (EventID, AffectedCompanyID, ImpactLevel) VALUES (3,3,'Low');
INSERT INTO ImpactsCompany (EventID, AffectedCompanyID, ImpactLevel) VALUES (3,5,'Low');
INSERT INTO ImpactsCompany (EventID, AffectedCompanyID, ImpactLevel) VALUES (3,4,'Low');
INSERT INTO ImpactsCompany (EventID, AffectedCompanyID, ImpactLevel) VALUES (3,33,'High');
INSERT INTO ImpactsCompany (EventID, AffectedCompanyID, ImpactLevel) VALUES (3,53,'Medium');
INSERT INTO DisruptionEvent (EventID, EventDate, EventRecoveryDate, CategoryID) VALUES (4, '2023-07-16', '2023-08-04', 11);
INSERT INTO ImpactsCompany (EventID, AffectedCompanyID, ImpactLevel) VALUES (4,22,'Medium');
INSERT INTO ImpactsCompany (EventID, AffectedCompanyID, ImpactLevel) VALUES (4,18,'Low');
INSERT INTO ImpactsCompany (EventID, AffectedCompanyID, ImpactLevel) VALUES (4,31,'High');
INSERT INTO ImpactsCompany (EventID, AffectedCompanyID, ImpactLevel) VALUES (4,59,'Low');
INSERT INTO ImpactsCompany (EventID, AffectedCompanyID, ImpactLevel) VALUES (4,28,'Low');
INSERT INTO ImpactsCompany (EventID, AffectedCompanyID, ImpactLevel) VALUES (4,24,'Low');
INSERT INTO ImpactsCompany (EventID, AffectedCompanyID, ImpactLevel) VALUES (4,12,'Low');
INSERT INTO ImpactsCompany (EventID, AffectedCompanyID, ImpactLevel) VALUES (4,44,'Medium');
INSERT INTO ImpactsCompany (EventID, AffectedCompanyID, ImpactLevel) VALUES (4,17,'Low');
INSERT INTO ImpactsCompany (EventID, AffectedCompanyID, ImpactLevel) VALUES (4,15,'Medium');
INSERT INTO ImpactsCompany (EventID, AffectedCompanyID, ImpactLevel) VALUES (4,48,'Low');
INSERT INTO ImpactsCompany (EventID, AffectedCompanyID, ImpactLevel) VALUES (4,26,'Low');
INSERT INTO ImpactsCompany (EventID, AffectedCompanyID, ImpactLevel) VALUES (4,39,'Medium');
INSERT INTO ImpactsCompany (EventID, AffectedCompanyID, ImpactLevel) VALUES (4,7,'High');
INSERT INTO ImpactsCompany (EventID, AffectedCompanyID, ImpactLevel) VALUES (4,21,'Low');
INSERT INTO ImpactsCompany (EventID, AffectedCompanyID, ImpactLevel) VALUES (4,4,'Low');
INSERT INTO ImpactsCompany (EventID, AffectedCompanyID, ImpactLevel) VALUES (4,37,'Low');
INSERT INTO ImpactsCompany (EventID, AffectedCompanyID, ImpactLevel) VALUES (4,29,'Medium');
INSERT INTO DisruptionEvent (EventID, EventDate, EventRecoveryDate, CategoryID) VALUES (5, '2023-07-24', '2023-07-31', 11);
INSERT INTO ImpactsCompany (EventID, AffectedCompanyID, ImpactLevel) VALUES (5,49,'Low');
INSERT INTO ImpactsCompany (EventID, AffectedCompanyID, ImpactLevel) VALUES (5,17,'Low');
INSERT INTO ImpactsCompany (EventID, AffectedCompanyID, ImpactLevel) VALUES (5,50,'Low');
INSERT INTO ImpactsCompany (EventID, AffectedCompanyID, ImpactLevel) VALUES (5,4,'Low');
INSERT INTO ImpactsCompany (EventID, AffectedCompanyID, ImpactLevel) VALUES (5,44,'Low');
INSERT INTO ImpactsCompany (EventID, AffectedCompanyID, ImpactLevel) VALUES (5,58,'Medium');
INSERT INTO ImpactsCompany (EventID, AffectedCompanyID, ImpactLevel) VALUES (5,35,'Low');
INSERT INTO ImpactsCompany (EventID, AffectedCompanyID, ImpactLevel) VALUES (5,40,'Medium');
INSERT INTO ImpactsCompany (EventID, AffectedCompanyID, ImpactLevel) VALUES (5,57,'Low');
INSERT INTO ImpactsCompany (EventID, AffectedCompanyID, ImpactLevel) VALUES (5,29,'Low');
INSERT INTO ImpactsCompany (EventID, AffectedCompanyID, ImpactLevel) VALUES (5,47,'Low');
INSERT INTO DisruptionEvent (EventID, EventDate, EventRecoveryDate, CategoryID) VALUES (6, '2025-02-22', '2025-03-19', 1);
INSERT INTO ImpactsCompany (EventID, AffectedCompanyID, ImpactLevel) VALUES (6,34,'Low');
INSERT INTO ImpactsCompany (EventID, AffectedCompanyID, ImpactLevel) VALUES (6,3,'Low');
INSERT INTO ImpactsCompany (EventID, AffectedCompanyID, ImpactLevel) VALUES (6,24,'Low');
INSERT INTO ImpactsCompany (EventID, AffectedCompanyID, ImpactLevel) VALUES (6,59,'Medium');
INSERT INTO ImpactsCompany (EventID, AffectedCompanyID, ImpactLevel) VALUES (6,60,'Low');
INSERT INTO ImpactsCompany (EventID, AffectedCompanyID, ImpactLevel) VALUES (6,44,'Low');
INSERT INTO ImpactsCompany (EventID, AffectedCompanyID, ImpactLevel) VALUES (6,52,'Low');
INSERT INTO ImpactsCompany (EventID, AffectedCompanyID, ImpactLevel) VALUES (6,35,'Medium');
INSERT INTO ImpactsCompany (EventID, AffectedCompanyID, ImpactLevel) VALUES (6,23,'Low');
INSERT INTO ImpactsCompany (EventID, AffectedCompanyID, ImpactLevel) VALUES (6,2,'Low');
INSERT INTO ImpactsCompany (EventID, AffectedCompanyID, ImpactLevel) VALUES (6,58,'Low');
INSERT INTO ImpactsCompany (EventID, AffectedCompanyID, ImpactLevel) VALUES (6,1,'Low');
INSERT INTO ImpactsCompany (EventID, AffectedCompanyID, ImpactLevel) VALUES (6,26,'Low');
INSERT INTO ImpactsCompany (EventID, AffectedCompanyID, ImpactLevel) VALUES (6,13,'Low');
INSERT INTO DisruptionEvent (EventID, EventDate, EventRecoveryDate, CategoryID) VALUES (7, '2021-07-20', '2021-08-07', 2);
INSERT INTO ImpactsCompany (EventID, AffectedCompanyID, ImpactLevel) VALUES (7,4,'Medium');
INSERT INTO ImpactsCompany (EventID, AffectedCompanyID, ImpactLevel) VALUES (7,46,'Low');
INSERT INTO ImpactsCompany (EventID, AffectedCompanyID, ImpactLevel) VALUES (7,42,'Low');
INSERT INTO ImpactsCompany (EventID, AffectedCompanyID, ImpactLevel) VALUES (7,6,'Medium');
INSERT INTO ImpactsCompany (EventID, AffectedCompanyID, ImpactLevel) VALUES (7,19,'Low');
INSERT INTO ImpactsCompany (EventID, AffectedCompanyID, ImpactLevel) VALUES (7,32,'Low');
INSERT INTO ImpactsCompany (EventID, AffectedCompanyID, ImpactLevel) VALUES (7,33,'Low');
INSERT INTO ImpactsCompany (EventID, AffectedCompanyID, ImpactLevel) VALUES (7,31,'Low');
INSERT INTO DisruptionEvent (EventID, EventDate, EventRecoveryDate, CategoryID) VALUES (8, '2021-04-10', '2021-04-30', 5);
INSERT INTO ImpactsCompany (EventID, AffectedCompanyID, ImpactLevel) VALUES (8,4,'Low');
INSERT INTO ImpactsCompany (EventID, AffectedCompanyID, ImpactLevel) VALUES (8,42,'Medium');
INSERT INTO ImpactsCompany (EventID, AffectedCompanyID, ImpactLevel) VALUES (8,30,'Low');
INSERT INTO ImpactsCompany (EventID, AffectedCompanyID, ImpactLevel) VALUES (8,10,'Medium');
INSERT INTO ImpactsCompany (EventID, AffectedCompanyID, ImpactLevel) VALUES (8,19,'Low');
INSERT INTO ImpactsCompany (EventID, AffectedCompanyID, ImpactLevel) VALUES (8,59,'Low');
INSERT INTO ImpactsCompany (EventID, AffectedCompanyID, ImpactLevel) VALUES (8,27,'High');
INSERT INTO ImpactsCompany (EventID, AffectedCompanyID, ImpactLevel) VALUES (8,28,'Low');
INSERT INTO ImpactsCompany (EventID, AffectedCompanyID, ImpactLevel) VALUES (8,51,'Low');
INSERT INTO ImpactsCompany (EventID, AffectedCompanyID, ImpactLevel) VALUES (8,9,'Low');
INSERT INTO ImpactsCompany (EventID, AffectedCompanyID, ImpactLevel) VALUES (8,58,'Low');
INSERT INTO ImpactsCompany (EventID, AffectedCompanyID, ImpactLevel) VALUES (8,22,'Low');
INSERT INTO DisruptionEvent (EventID, EventDate, EventRecoveryDate, CategoryID) VALUES (9, '2022-08-08', '2022-08-23', 7);
INSERT INTO ImpactsCompany (EventID, AffectedCompanyID, ImpactLevel) VALUES (9,59,'Low');
INSERT INTO ImpactsCompany (EventID, AffectedCompanyID, ImpactLevel) VALUES (9,33,'Low');
INSERT INTO ImpactsCompany (EventID, AffectedCompanyID, ImpactLevel) VALUES (9,39,'Medium');
INSERT INTO ImpactsCompany (EventID, AffectedCompanyID, ImpactLevel) VALUES (9,50,'Low');
INSERT INTO ImpactsCompany (EventID, AffectedCompanyID, ImpactLevel) VALUES (9,53,'High');
INSERT INTO ImpactsCompany (EventID, AffectedCompanyID, ImpactLevel) VALUES (9,8,'Medium');
INSERT INTO ImpactsCompany (EventID, AffectedCompanyID, ImpactLevel) VALUES (9,54,'Low');
INSERT INTO ImpactsCompany (EventID, AffectedCompanyID, ImpactLevel) VALUES (9,25,'Low');
INSERT INTO ImpactsCompany (EventID, AffectedCompanyID, ImpactLevel) VALUES (9,48,'Low');
INSERT INTO ImpactsCompany (EventID, AffectedCompanyID, ImpactLevel) VALUES (9,12,'Low');
INSERT INTO ImpactsCompany (EventID, AffectedCompanyID, ImpactLevel) VALUES (9,5,'Low');
INSERT INTO ImpactsCompany (EventID, AffectedCompanyID, ImpactLevel) VALUES (9,1,'Low');
INSERT INTO ImpactsCompany (EventID, AffectedCompanyID, ImpactLevel) VALUES (9,13,'Low');
INSERT INTO ImpactsCompany (EventID, AffectedCompanyID, ImpactLevel) VALUES (9,38,'Low');
INSERT INTO ImpactsCompany (EventID, AffectedCompanyID, ImpactLevel) VALUES (9,29,'Low');
INSERT INTO DisruptionEvent (EventID, EventDate, EventRecoveryDate, CategoryID) VALUES (10, '2019-04-01', '2019-04-15', 2);
INSERT INTO ImpactsCompany (EventID, AffectedCompanyID, ImpactLevel) VALUES (10,56,'Low');
INSERT INTO ImpactsCompany (EventID, AffectedCompanyID, ImpactLevel) VALUES (10,55,'Medium');
INSERT INTO ImpactsCompany (EventID, AffectedCompanyID, ImpactLevel) VALUES (10,36,'Low');
INSERT INTO ImpactsCompany (EventID, AffectedCompanyID, ImpactLevel) VALUES (10,50,'Low');
INSERT INTO ImpactsCompany (EventID, AffectedCompanyID, ImpactLevel) VALUES (10,32,'Low');
INSERT INTO ImpactsCompany (EventID, AffectedCompanyID, ImpactLevel) VALUES (10,44,'Low');
INSERT INTO ImpactsCompany (EventID, AffectedCompanyID, ImpactLevel) VALUES (10,15,'Medium');
INSERT INTO ImpactsCompany (EventID, AffectedCompanyID, ImpactLevel) VALUES (10,22,'Low');
INSERT INTO ImpactsCompany (EventID, AffectedCompanyID, ImpactLevel) VALUES (10,5,'Low');
INSERT INTO DisruptionEvent (EventID, EventDate, EventRecoveryDate, CategoryID) VALUES (11, '2020-09-29', '2020-10-28', 10);
INSERT INTO ImpactsCompany (EventID, AffectedCompanyID, ImpactLevel) VALUES (11,8,'Medium');
INSERT INTO ImpactsCompany (EventID, AffectedCompanyID, ImpactLevel) VALUES (11,32,'Low');
INSERT INTO ImpactsCompany (EventID, AffectedCompanyID, ImpactLevel) VALUES (11,35,'Medium');
INSERT INTO ImpactsCompany (EventID, AffectedCompanyID, ImpactLevel) VALUES (11,33,'Low');
INSERT INTO ImpactsCompany (EventID, AffectedCompanyID, ImpactLevel) VALUES (11,48,'Medium');
INSERT INTO ImpactsCompany (EventID, AffectedCompanyID, ImpactLevel) VALUES (11,52,'Medium');
INSERT INTO ImpactsCompany (EventID, AffectedCompanyID, ImpactLevel) VALUES (11,56,'Low');
INSERT INTO ImpactsCompany (EventID, AffectedCompanyID, ImpactLevel) VALUES (11,15,'Low');
INSERT INTO ImpactsCompany (EventID, AffectedCompanyID, ImpactLevel) VALUES (11,60,'Low');
INSERT INTO ImpactsCompany (EventID, AffectedCompanyID, ImpactLevel) VALUES (11,38,'Low');
INSERT INTO DisruptionEvent (EventID, EventDate, EventRecoveryDate, CategoryID) VALUES (12, '2019-09-18', '2019-10-14', 13);
INSERT INTO ImpactsCompany (EventID, AffectedCompanyID, ImpactLevel) VALUES (12,54,'Low');
INSERT INTO ImpactsCompany (EventID, AffectedCompanyID, ImpactLevel) VALUES (12,50,'Low');
INSERT INTO ImpactsCompany (EventID, AffectedCompanyID, ImpactLevel) VALUES (12,42,'Low');
INSERT INTO ImpactsCompany (EventID, AffectedCompanyID, ImpactLevel) VALUES (12,49,'Low');
INSERT INTO ImpactsCompany (EventID, AffectedCompanyID, ImpactLevel) VALUES (12,4,'Low');
INSERT INTO ImpactsCompany (EventID, AffectedCompanyID, ImpactLevel) VALUES (12,2,'Low');
INSERT INTO ImpactsCompany (EventID, AffectedCompanyID, ImpactLevel) VALUES (12,59,'Low');
INSERT INTO ImpactsCompany (EventID, AffectedCompanyID, ImpactLevel) VALUES (12,52,'Medium');
INSERT INTO ImpactsCompany (EventID, AffectedCompanyID, ImpactLevel) VALUES (12,39,'Low');
INSERT INTO ImpactsCompany (EventID, AffectedCompanyID, ImpactLevel) VALUES (12,21,'Low');
INSERT INTO ImpactsCompany (EventID, AffectedCompanyID, ImpactLevel) VALUES (12,5,'Low');
INSERT INTO ImpactsCompany (EventID, AffectedCompanyID, ImpactLevel) VALUES (12,13,'Low');
INSERT INTO DisruptionEvent (EventID, EventDate, EventRecoveryDate, CategoryID) VALUES (13, '2020-11-01', '2020-11-02', 2);
INSERT INTO ImpactsCompany (EventID, AffectedCompanyID, ImpactLevel) VALUES (13,39,'Medium');
INSERT INTO ImpactsCompany (EventID, AffectedCompanyID, ImpactLevel) VALUES (13,5,'Low');
INSERT INTO ImpactsCompany (EventID, AffectedCompanyID, ImpactLevel) VALUES (13,2,'Low');
INSERT INTO ImpactsCompany (EventID, AffectedCompanyID, ImpactLevel) VALUES (13,29,'Low');
INSERT INTO ImpactsCompany (EventID, AffectedCompanyID, ImpactLevel) VALUES (13,16,'Low');
INSERT INTO ImpactsCompany (EventID, AffectedCompanyID, ImpactLevel) VALUES (13,15,'Low');
INSERT INTO ImpactsCompany (EventID, AffectedCompanyID, ImpactLevel) VALUES (13,56,'Low');
INSERT INTO ImpactsCompany (EventID, AffectedCompanyID, ImpactLevel) VALUES (13,30,'Low');
INSERT INTO ImpactsCompany (EventID, AffectedCompanyID, ImpactLevel) VALUES (13,7,'Medium');
INSERT INTO DisruptionEvent (EventID, EventDate, EventRecoveryDate, CategoryID) VALUES (14, '2022-04-03', '2022-04-04', 4);
INSERT INTO ImpactsCompany (EventID, AffectedCompanyID, ImpactLevel) VALUES (14,3,'Low');
INSERT INTO ImpactsCompany (EventID, AffectedCompanyID, ImpactLevel) VALUES (14,6,'High');
INSERT INTO ImpactsCompany (EventID, AffectedCompanyID, ImpactLevel) VALUES (14,50,'High');
INSERT INTO ImpactsCompany (EventID, AffectedCompanyID, ImpactLevel) VALUES (14,40,'Low');
INSERT INTO ImpactsCompany (EventID, AffectedCompanyID, ImpactLevel) VALUES (14,5,'High');
INSERT INTO ImpactsCompany (EventID, AffectedCompanyID, ImpactLevel) VALUES (14,26,'Low');
INSERT INTO ImpactsCompany (EventID, AffectedCompanyID, ImpactLevel) VALUES (14,31,'Low');
INSERT INTO ImpactsCompany (EventID, AffectedCompanyID, ImpactLevel) VALUES (14,41,'Low');
INSERT INTO ImpactsCompany (EventID, AffectedCompanyID, ImpactLevel) VALUES (14,21,'Low');
INSERT INTO ImpactsCompany (EventID, AffectedCompanyID, ImpactLevel) VALUES (14,27,'Low');
INSERT INTO ImpactsCompany (EventID, AffectedCompanyID, ImpactLevel) VALUES (14,56,'Medium');
INSERT INTO ImpactsCompany (EventID, AffectedCompanyID, ImpactLevel) VALUES (14,9,'Medium');
INSERT INTO ImpactsCompany (EventID, AffectedCompanyID, ImpactLevel) VALUES (14,25,'High');
INSERT INTO ImpactsCompany (EventID, AffectedCompanyID, ImpactLevel) VALUES (14,43,'Low');
INSERT INTO ImpactsCompany (EventID, AffectedCompanyID, ImpactLevel) VALUES (14,49,'Low');
INSERT INTO ImpactsCompany (EventID, AffectedCompanyID, ImpactLevel) VALUES (14,47,'Low');
INSERT INTO ImpactsCompany (EventID, AffectedCompanyID, ImpactLevel) VALUES (14,19,'Medium');
INSERT INTO ImpactsCompany (EventID, AffectedCompanyID, ImpactLevel) VALUES (14,14,'Low');
INSERT INTO DisruptionEvent (EventID, EventDate, EventRecoveryDate, CategoryID) VALUES (15, '2025-10-22', '2025-11-01', 4);
INSERT INTO ImpactsCompany (EventID, AffectedCompanyID, ImpactLevel) VALUES (15,41,'Low');
INSERT INTO ImpactsCompany (EventID, AffectedCompanyID, ImpactLevel) VALUES (15,45,'Low');
INSERT INTO ImpactsCompany (EventID, AffectedCompanyID, ImpactLevel) VALUES (15,21,'Low');
INSERT INTO ImpactsCompany (EventID, AffectedCompanyID, ImpactLevel) VALUES (15,4,'Low');
INSERT INTO ImpactsCompany (EventID, AffectedCompanyID, ImpactLevel) VALUES (15,32,'Low');
INSERT INTO ImpactsCompany (EventID, AffectedCompanyID, ImpactLevel) VALUES (15,5,'Low');
INSERT INTO ImpactsCompany (EventID, AffectedCompanyID, ImpactLevel) VALUES (15,26,'Medium');
INSERT INTO ImpactsCompany (EventID, AffectedCompanyID, ImpactLevel) VALUES (15,7,'Medium');
INSERT INTO ImpactsCompany (EventID, AffectedCompanyID, ImpactLevel) VALUES (15,49,'Medium');
INSERT INTO ImpactsCompany (EventID, AffectedCompanyID, ImpactLevel) VALUES (15,11,'Low');
INSERT INTO ImpactsCompany (EventID, AffectedCompanyID, ImpactLevel) VALUES (15,13,'Low');
INSERT INTO ImpactsCompany (EventID, AffectedCompanyID, ImpactLevel) VALUES (15,42,'Low');
INSERT INTO ImpactsCompany (EventID, AffectedCompanyID, ImpactLevel) VALUES (15,57,'Low');
INSERT INTO ImpactsCompany (EventID, AffectedCompanyID, ImpactLevel) VALUES (15,17,'Low');
INSERT INTO ImpactsCompany (EventID, AffectedCompanyID, ImpactLevel) VALUES (15,27,'Medium');
INSERT INTO ImpactsCompany (EventID, AffectedCompanyID, ImpactLevel) VALUES (15,3,'Low');
INSERT INTO DisruptionEvent (EventID, EventDate, EventRecoveryDate, CategoryID) VALUES (16, '2021-06-12', '2021-06-21', 8);
INSERT INTO ImpactsCompany (EventID, AffectedCompanyID, ImpactLevel) VALUES (16,19,'Low');
INSERT INTO ImpactsCompany (EventID, AffectedCompanyID, ImpactLevel) VALUES (16,10,'Medium');
INSERT INTO ImpactsCompany (EventID, AffectedCompanyID, ImpactLevel) VALUES (16,42,'Low');
INSERT INTO ImpactsCompany (EventID, AffectedCompanyID, ImpactLevel) VALUES (16,31,'Low');
INSERT INTO ImpactsCompany (EventID, AffectedCompanyID, ImpactLevel) VALUES (16,29,'Medium');
INSERT INTO ImpactsCompany (EventID, AffectedCompanyID, ImpactLevel) VALUES (16,1,'Medium');
INSERT INTO ImpactsCompany (EventID, AffectedCompanyID, ImpactLevel) VALUES (16,18,'Medium');
INSERT INTO ImpactsCompany (EventID, AffectedCompanyID, ImpactLevel) VALUES (16,52,'Low');
INSERT INTO ImpactsCompany (EventID, AffectedCompanyID, ImpactLevel) VALUES (16,26,'Low');
INSERT INTO ImpactsCompany (EventID, AffectedCompanyID, ImpactLevel) VALUES (16,51,'Low');
INSERT INTO ImpactsCompany (EventID, AffectedCompanyID, ImpactLevel) VALUES (16,50,'Low');
INSERT INTO ImpactsCompany (EventID, AffectedCompanyID, ImpactLevel) VALUES (16,4,'High');
INSERT INTO ImpactsCompany (EventID, AffectedCompanyID, ImpactLevel) VALUES (16,45,'Low');
INSERT INTO ImpactsCompany (EventID, AffectedCompanyID, ImpactLevel) VALUES (16,30,'Low');
INSERT INTO ImpactsCompany (EventID, AffectedCompanyID, ImpactLevel) VALUES (16,35,'Medium');
INSERT INTO ImpactsCompany (EventID, AffectedCompanyID, ImpactLevel) VALUES (16,17,'Low');
INSERT INTO ImpactsCompany (EventID, AffectedCompanyID, ImpactLevel) VALUES (16,49,'Medium');
INSERT INTO ImpactsCompany (EventID, AffectedCompanyID, ImpactLevel) VALUES (16,39,'Low');
INSERT INTO DisruptionEvent (EventID, EventDate, EventRecoveryDate, CategoryID) VALUES (17, '2020-02-23', '2020-03-03', 2);
INSERT INTO ImpactsCompany (EventID, AffectedCompanyID, ImpactLevel) VALUES (17,49,'Medium');
INSERT INTO ImpactsCompany (EventID, AffectedCompanyID, ImpactLevel) VALUES (17,8,'Low');
INSERT INTO ImpactsCompany (EventID, AffectedCompanyID, ImpactLevel) VALUES (17,31,'Low');
INSERT INTO ImpactsCompany (EventID, AffectedCompanyID, ImpactLevel) VALUES (17,48,'Low');
INSERT INTO ImpactsCompany (EventID, AffectedCompanyID, ImpactLevel) VALUES (17,33,'Low');
INSERT INTO ImpactsCompany (EventID, AffectedCompanyID, ImpactLevel) VALUES (17,22,'Low');
INSERT INTO ImpactsCompany (EventID, AffectedCompanyID, ImpactLevel) VALUES (17,36,'Low');
INSERT INTO ImpactsCompany (EventID, AffectedCompanyID, ImpactLevel) VALUES (17,58,'High');
INSERT INTO ImpactsCompany (EventID, AffectedCompanyID, ImpactLevel) VALUES (17,24,'Low');
INSERT INTO ImpactsCompany (EventID, AffectedCompanyID, ImpactLevel) VALUES (17,41,'Low');
INSERT INTO ImpactsCompany (EventID, AffectedCompanyID, ImpactLevel) VALUES (17,17,'Low');
INSERT INTO ImpactsCompany (EventID, AffectedCompanyID, ImpactLevel) VALUES (17,37,'Low');
INSERT INTO ImpactsCompany (EventID, AffectedCompanyID, ImpactLevel) VALUES (17,44,'Low');
INSERT INTO ImpactsCompany (EventID, AffectedCompanyID, ImpactLevel) VALUES (17,56,'Low');
INSERT INTO ImpactsCompany (EventID, AffectedCompanyID, ImpactLevel) VALUES (17,45,'Medium');
INSERT INTO ImpactsCompany (EventID, AffectedCompanyID, ImpactLevel) VALUES (17,40,'Medium');
INSERT INTO ImpactsCompany (EventID, AffectedCompanyID, ImpactLevel) VALUES (17,42,'Low');
INSERT INTO ImpactsCompany (EventID, AffectedCompanyID, ImpactLevel) VALUES (17,13,'Medium');
INSERT INTO DisruptionEvent (EventID, EventDate, EventRecoveryDate, CategoryID) VALUES (18, '2022-09-17', '2022-10-03', 3);
INSERT INTO ImpactsCompany (EventID, AffectedCompanyID, ImpactLevel) VALUES (18,22,'Low');
INSERT INTO ImpactsCompany (EventID, AffectedCompanyID, ImpactLevel) VALUES (18,36,'Low');
INSERT INTO ImpactsCompany (EventID, AffectedCompanyID, ImpactLevel) VALUES (18,48,'Medium');
INSERT INTO ImpactsCompany (EventID, AffectedCompanyID, ImpactLevel) VALUES (18,54,'Low');
INSERT INTO ImpactsCompany (EventID, AffectedCompanyID, ImpactLevel) VALUES (18,32,'Low');
INSERT INTO DisruptionEvent (EventID, EventDate, EventRecoveryDate, CategoryID) VALUES (19, '2021-11-21', '2021-12-12', 5);
INSERT INTO ImpactsCompany (EventID, AffectedCompanyID, ImpactLevel) VALUES (19,41,'Low');
INSERT INTO ImpactsCompany (EventID, AffectedCompanyID, ImpactLevel) VALUES (19,51,'Low');
INSERT INTO ImpactsCompany (EventID, AffectedCompanyID, ImpactLevel) VALUES (19,4,'Low');
INSERT INTO ImpactsCompany (EventID, AffectedCompanyID, ImpactLevel) VALUES (19,8,'Medium');
INSERT INTO ImpactsCompany (EventID, AffectedCompanyID, ImpactLevel) VALUES (19,38,'High');
INSERT INTO ImpactsCompany (EventID, AffectedCompanyID, ImpactLevel) VALUES (19,9,'Low');
INSERT INTO ImpactsCompany (EventID, AffectedCompanyID, ImpactLevel) VALUES (19,60,'Low');
INSERT INTO ImpactsCompany (EventID, AffectedCompanyID, ImpactLevel) VALUES (19,19,'Low');
INSERT INTO ImpactsCompany (EventID, AffectedCompanyID, ImpactLevel) VALUES (19,34,'Medium');
INSERT INTO ImpactsCompany (EventID, AffectedCompanyID, ImpactLevel) VALUES (19,54,'Low');
INSERT INTO ImpactsCompany (EventID, AffectedCompanyID, ImpactLevel) VALUES (19,42,'Low');
INSERT INTO ImpactsCompany (EventID, AffectedCompanyID, ImpactLevel) VALUES (19,36,'Medium');
INSERT INTO ImpactsCompany (EventID, AffectedCompanyID, ImpactLevel) VALUES (19,50,'Low');
INSERT INTO ImpactsCompany (EventID, AffectedCompanyID, ImpactLevel) VALUES (19,3,'Medium');
INSERT INTO DisruptionEvent (EventID, EventDate, EventRecoveryDate, CategoryID) VALUES (20, '2021-01-20', '2021-02-18', 2);
INSERT INTO ImpactsCompany (EventID, AffectedCompanyID, ImpactLevel) VALUES (20,31,'Medium');
INSERT INTO ImpactsCompany (EventID, AffectedCompanyID, ImpactLevel) VALUES (20,25,'Medium');
INSERT INTO ImpactsCompany (EventID, AffectedCompanyID, ImpactLevel) VALUES (20,39,'Medium');
INSERT INTO ImpactsCompany (EventID, AffectedCompanyID, ImpactLevel) VALUES (20,40,'Low');
INSERT INTO ImpactsCompany (EventID, AffectedCompanyID, ImpactLevel) VALUES (20,23,'Medium');
INSERT INTO ImpactsCompany (EventID, AffectedCompanyID, ImpactLevel) VALUES (20,32,'Medium');
INSERT INTO ImpactsCompany (EventID, AffectedCompanyID, ImpactLevel) VALUES (20,15,'High');
INSERT INTO ImpactsCompany (EventID, AffectedCompanyID, ImpactLevel) VALUES (20,9,'Low');
INSERT INTO ImpactsCompany (EventID, AffectedCompanyID, ImpactLevel) VALUES (20,43,'Medium');
INSERT INTO ImpactsCompany (EventID, AffectedCompanyID, ImpactLevel) VALUES (20,48,'Low');
INSERT INTO ImpactsCompany (EventID, AffectedCompanyID, ImpactLevel) VALUES (20,1,'Low');
INSERT INTO ImpactsCompany (EventID, AffectedCompanyID, ImpactLevel) VALUES (20,2,'Low');
INSERT INTO ImpactsCompany (EventID, AffectedCompanyID, ImpactLevel) VALUES (20,29,'Low');
INSERT INTO ImpactsCompany (EventID, AffectedCompanyID, ImpactLevel) VALUES (20,3,'Low');
INSERT INTO DisruptionEvent (EventID, EventDate, EventRecoveryDate, CategoryID) VALUES (21, '2024-10-20', '2024-10-23', 6);
INSERT INTO ImpactsCompany (EventID, AffectedCompanyID, ImpactLevel) VALUES (21,24,'Low');
INSERT INTO ImpactsCompany (EventID, AffectedCompanyID, ImpactLevel) VALUES (21,22,'Low');
INSERT INTO ImpactsCompany (EventID, AffectedCompanyID, ImpactLevel) VALUES (21,55,'Low');
INSERT INTO ImpactsCompany (EventID, AffectedCompanyID, ImpactLevel) VALUES (21,35,'Low');
INSERT INTO ImpactsCompany (EventID, AffectedCompanyID, ImpactLevel) VALUES (21,30,'Low');
INSERT INTO ImpactsCompany (EventID, AffectedCompanyID, ImpactLevel) VALUES (21,58,'Medium');
INSERT INTO ImpactsCompany (EventID, AffectedCompanyID, ImpactLevel) VALUES (21,45,'Medium');
INSERT INTO ImpactsCompany (EventID, AffectedCompanyID, ImpactLevel) VALUES (21,42,'Low');
INSERT INTO ImpactsCompany (EventID, AffectedCompanyID, ImpactLevel) VALUES (21,12,'Low');
INSERT INTO DisruptionEvent (EventID, EventDate, EventRecoveryDate, CategoryID) VALUES (22, '2024-02-18', '2024-02-21', 2);
INSERT INTO ImpactsCompany (EventID, AffectedCompanyID, ImpactLevel) VALUES (22,52,'Low');
INSERT INTO ImpactsCompany (EventID, AffectedCompanyID, ImpactLevel) VALUES (22,57,'Low');
INSERT INTO ImpactsCompany (EventID, AffectedCompanyID, ImpactLevel) VALUES (22,31,'High');
INSERT INTO ImpactsCompany (EventID, AffectedCompanyID, ImpactLevel) VALUES (22,37,'Medium');
INSERT INTO ImpactsCompany (EventID, AffectedCompanyID, ImpactLevel) VALUES (22,8,'High');
INSERT INTO ImpactsCompany (EventID, AffectedCompanyID, ImpactLevel) VALUES (22,45,'Medium');
INSERT INTO ImpactsCompany (EventID, AffectedCompanyID, ImpactLevel) VALUES (22,35,'Medium');
INSERT INTO ImpactsCompany (EventID, AffectedCompanyID, ImpactLevel) VALUES (22,32,'Low');
INSERT INTO ImpactsCompany (EventID, AffectedCompanyID, ImpactLevel) VALUES (22,6,'Low');
INSERT INTO ImpactsCompany (EventID, AffectedCompanyID, ImpactLevel) VALUES (22,60,'Low');
INSERT INTO ImpactsCompany (EventID, AffectedCompanyID, ImpactLevel) VALUES (22,16,'Low');
INSERT INTO ImpactsCompany (EventID, AffectedCompanyID, ImpactLevel) VALUES (22,26,'Low');
INSERT INTO ImpactsCompany (EventID, AffectedCompanyID, ImpactLevel) VALUES (22,4,'Low');
INSERT INTO ImpactsCompany (EventID, AffectedCompanyID, ImpactLevel) VALUES (22,59,'Medium');
INSERT INTO ImpactsCompany (EventID, AffectedCompanyID, ImpactLevel) VALUES (22,24,'Low');
INSERT INTO ImpactsCompany (EventID, AffectedCompanyID, ImpactLevel) VALUES (22,54,'Low');
INSERT INTO ImpactsCompany (EventID, AffectedCompanyID, ImpactLevel) VALUES (22,48,'Medium');
INSERT INTO ImpactsCompany (EventID, AffectedCompanyID, ImpactLevel) VALUES (22,36,'Low');
INSERT INTO ImpactsCompany (EventID, AffectedCompanyID, ImpactLevel) VALUES (22,7,'Low');
INSERT INTO ImpactsCompany (EventID, AffectedCompanyID, ImpactLevel) VALUES (22,40,'Low');
INSERT INTO DisruptionEvent (EventID, EventDate, EventRecoveryDate, CategoryID) VALUES (23, '2019-08-27', '2019-09-02', 6);
INSERT INTO ImpactsCompany (EventID, AffectedCompanyID, ImpactLevel) VALUES (23,18,'Medium');
INSERT INTO ImpactsCompany (EventID, AffectedCompanyID, ImpactLevel) VALUES (23,40,'Low');
INSERT INTO ImpactsCompany (EventID, AffectedCompanyID, ImpactLevel) VALUES (23,38,'Low');
INSERT INTO ImpactsCompany (EventID, AffectedCompanyID, ImpactLevel) VALUES (23,56,'Low');
INSERT INTO ImpactsCompany (EventID, AffectedCompanyID, ImpactLevel) VALUES (23,33,'Medium');
INSERT INTO ImpactsCompany (EventID, AffectedCompanyID, ImpactLevel) VALUES (23,42,'Low');
INSERT INTO ImpactsCompany (EventID, AffectedCompanyID, ImpactLevel) VALUES (23,27,'Medium');
INSERT INTO ImpactsCompany (EventID, AffectedCompanyID, ImpactLevel) VALUES (23,23,'Low');
INSERT INTO DisruptionEvent (EventID, EventDate, EventRecoveryDate, CategoryID) VALUES (24, '2025-02-17', '2025-03-17', 2);
INSERT INTO ImpactsCompany (EventID, AffectedCompanyID, ImpactLevel) VALUES (24,29,'Low');
INSERT INTO ImpactsCompany (EventID, AffectedCompanyID, ImpactLevel) VALUES (24,9,'Low');
INSERT INTO ImpactsCompany (EventID, AffectedCompanyID, ImpactLevel) VALUES (24,10,'Medium');
INSERT INTO ImpactsCompany (EventID, AffectedCompanyID, ImpactLevel) VALUES (24,51,'Low');
INSERT INTO ImpactsCompany (EventID, AffectedCompanyID, ImpactLevel) VALUES (24,42,'Low');
INSERT INTO ImpactsCompany (EventID, AffectedCompanyID, ImpactLevel) VALUES (24,25,'Low');
INSERT INTO ImpactsCompany (EventID, AffectedCompanyID, ImpactLevel) VALUES (24,4,'Low');
INSERT INTO ImpactsCompany (EventID, AffectedCompanyID, ImpactLevel) VALUES (24,40,'Medium');
INSERT INTO ImpactsCompany (EventID, AffectedCompanyID, ImpactLevel) VALUES (24,56,'Low');
INSERT INTO ImpactsCompany (EventID, AffectedCompanyID, ImpactLevel) VALUES (24,31,'Low');
INSERT INTO ImpactsCompany (EventID, AffectedCompanyID, ImpactLevel) VALUES (24,43,'Low');
INSERT INTO DisruptionEvent (EventID, EventDate, EventRecoveryDate, CategoryID) VALUES (25, '2023-04-13', '2023-05-09', 10);
INSERT INTO ImpactsCompany (EventID, AffectedCompanyID, ImpactLevel) VALUES (25,40,'Low');
INSERT INTO ImpactsCompany (EventID, AffectedCompanyID, ImpactLevel) VALUES (25,51,'Medium');
INSERT INTO ImpactsCompany (EventID, AffectedCompanyID, ImpactLevel) VALUES (25,37,'Low');
INSERT INTO ImpactsCompany (EventID, AffectedCompanyID, ImpactLevel) VALUES (25,10,'Low');
INSERT INTO ImpactsCompany (EventID, AffectedCompanyID, ImpactLevel) VALUES (25,6,'Low');
INSERT INTO ImpactsCompany (EventID, AffectedCompanyID, ImpactLevel) VALUES (25,59,'Medium');
INSERT INTO ImpactsCompany (EventID, AffectedCompanyID, ImpactLevel) VALUES (25,55,'High');
INSERT INTO ImpactsCompany (EventID, AffectedCompanyID, ImpactLevel) VALUES (25,54,'Low');
INSERT INTO ImpactsCompany (EventID, AffectedCompanyID, ImpactLevel) VALUES (25,14,'Low');
INSERT INTO ImpactsCompany (EventID, AffectedCompanyID, ImpactLevel) VALUES (25,52,'Low');
INSERT INTO ImpactsCompany (EventID, AffectedCompanyID, ImpactLevel) VALUES (25,21,'Low');
INSERT INTO ImpactsCompany (EventID, AffectedCompanyID, ImpactLevel) VALUES (25,22,'High');
INSERT INTO ImpactsCompany (EventID, AffectedCompanyID, ImpactLevel) VALUES (25,2,'Low');
INSERT INTO ImpactsCompany (EventID, AffectedCompanyID, ImpactLevel) VALUES (25,47,'Medium');
INSERT INTO DisruptionEvent (EventID, EventDate, EventRecoveryDate, CategoryID) VALUES (26, '2024-09-21', '2024-09-28', 5);
INSERT INTO ImpactsCompany (EventID, AffectedCompanyID, ImpactLevel) VALUES (26,50,'Medium');
INSERT INTO ImpactsCompany (EventID, AffectedCompanyID, ImpactLevel) VALUES (26,14,'Low');
INSERT INTO ImpactsCompany (EventID, AffectedCompanyID, ImpactLevel) VALUES (26,49,'Low');
INSERT INTO ImpactsCompany (EventID, AffectedCompanyID, ImpactLevel) VALUES (26,24,'Low');
INSERT INTO ImpactsCompany (EventID, AffectedCompanyID, ImpactLevel) VALUES (26,3,'Low');
INSERT INTO ImpactsCompany (EventID, AffectedCompanyID, ImpactLevel) VALUES (26,35,'Low');
INSERT INTO ImpactsCompany (EventID, AffectedCompanyID, ImpactLevel) VALUES (26,9,'High');
INSERT INTO ImpactsCompany (EventID, AffectedCompanyID, ImpactLevel) VALUES (26,38,'Medium');
INSERT INTO ImpactsCompany (EventID, AffectedCompanyID, ImpactLevel) VALUES (26,16,'Low');
INSERT INTO ImpactsCompany (EventID, AffectedCompanyID, ImpactLevel) VALUES (26,53,'Low');
INSERT INTO ImpactsCompany (EventID, AffectedCompanyID, ImpactLevel) VALUES (26,21,'Low');
INSERT INTO ImpactsCompany (EventID, AffectedCompanyID, ImpactLevel) VALUES (26,25,'Medium');
INSERT INTO ImpactsCompany (EventID, AffectedCompanyID, ImpactLevel) VALUES (26,31,'Medium');
INSERT INTO ImpactsCompany (EventID, AffectedCompanyID, ImpactLevel) VALUES (26,27,'Medium');
INSERT INTO ImpactsCompany (EventID, AffectedCompanyID, ImpactLevel) VALUES (26,55,'Medium');
INSERT INTO ImpactsCompany (EventID, AffectedCompanyID, ImpactLevel) VALUES (26,58,'Low');
INSERT INTO ImpactsCompany (EventID, AffectedCompanyID, ImpactLevel) VALUES (26,47,'Low');
INSERT INTO ImpactsCompany (EventID, AffectedCompanyID, ImpactLevel) VALUES (26,4,'Medium');
INSERT INTO ImpactsCompany (EventID, AffectedCompanyID, ImpactLevel) VALUES (26,45,'Low');
INSERT INTO DisruptionEvent (EventID, EventDate, EventRecoveryDate, CategoryID) VALUES (27, '2023-11-02', '2023-12-01', 2);
INSERT INTO ImpactsCompany (EventID, AffectedCompanyID, ImpactLevel) VALUES (27,52,'Low');
INSERT INTO ImpactsCompany (EventID, AffectedCompanyID, ImpactLevel) VALUES (27,20,'Low');
INSERT INTO ImpactsCompany (EventID, AffectedCompanyID, ImpactLevel) VALUES (27,49,'Low');
INSERT INTO ImpactsCompany (EventID, AffectedCompanyID, ImpactLevel) VALUES (27,57,'Low');
INSERT INTO ImpactsCompany (EventID, AffectedCompanyID, ImpactLevel) VALUES (27,41,'Low');
INSERT INTO ImpactsCompany (EventID, AffectedCompanyID, ImpactLevel) VALUES (27,28,'Low');
INSERT INTO ImpactsCompany (EventID, AffectedCompanyID, ImpactLevel) VALUES (27,21,'Low');
INSERT INTO ImpactsCompany (EventID, AffectedCompanyID, ImpactLevel) VALUES (27,51,'Low');
INSERT INTO ImpactsCompany (EventID, AffectedCompanyID, ImpactLevel) VALUES (27,50,'Low');
INSERT INTO ImpactsCompany (EventID, AffectedCompanyID, ImpactLevel) VALUES (27,33,'Low');
INSERT INTO ImpactsCompany (EventID, AffectedCompanyID, ImpactLevel) VALUES (27,35,'Low');
INSERT INTO ImpactsCompany (EventID, AffectedCompanyID, ImpactLevel) VALUES (27,4,'Low');
INSERT INTO ImpactsCompany (EventID, AffectedCompanyID, ImpactLevel) VALUES (27,17,'Low');
INSERT INTO ImpactsCompany (EventID, AffectedCompanyID, ImpactLevel) VALUES (27,26,'Medium');
INSERT INTO ImpactsCompany (EventID, AffectedCompanyID, ImpactLevel) VALUES (27,3,'Low');
INSERT INTO ImpactsCompany (EventID, AffectedCompanyID, ImpactLevel) VALUES (27,15,'Low');
INSERT INTO ImpactsCompany (EventID, AffectedCompanyID, ImpactLevel) VALUES (27,54,'Low');
INSERT INTO ImpactsCompany (EventID, AffectedCompanyID, ImpactLevel) VALUES (27,47,'High');
INSERT INTO ImpactsCompany (EventID, AffectedCompanyID, ImpactLevel) VALUES (27,29,'Low');
INSERT INTO ImpactsCompany (EventID, AffectedCompanyID, ImpactLevel) VALUES (27,18,'Low');
INSERT INTO DisruptionEvent (EventID, EventDate, EventRecoveryDate, CategoryID) VALUES (28, '2024-02-14', '2024-02-23', 9);
INSERT INTO ImpactsCompany (EventID, AffectedCompanyID, ImpactLevel) VALUES (28,8,'Low');
INSERT INTO ImpactsCompany (EventID, AffectedCompanyID, ImpactLevel) VALUES (28,40,'Low');
INSERT INTO ImpactsCompany (EventID, AffectedCompanyID, ImpactLevel) VALUES (28,26,'High');
INSERT INTO ImpactsCompany (EventID, AffectedCompanyID, ImpactLevel) VALUES (28,17,'Low');
INSERT INTO ImpactsCompany (EventID, AffectedCompanyID, ImpactLevel) VALUES (28,19,'High');
INSERT INTO ImpactsCompany (EventID, AffectedCompanyID, ImpactLevel) VALUES (28,2,'Medium');
INSERT INTO ImpactsCompany (EventID, AffectedCompanyID, ImpactLevel) VALUES (28,30,'Medium');
INSERT INTO ImpactsCompany (EventID, AffectedCompanyID, ImpactLevel) VALUES (28,44,'Medium');
INSERT INTO ImpactsCompany (EventID, AffectedCompanyID, ImpactLevel) VALUES (28,33,'Low');
INSERT INTO ImpactsCompany (EventID, AffectedCompanyID, ImpactLevel) VALUES (28,32,'Low');
INSERT INTO ImpactsCompany (EventID, AffectedCompanyID, ImpactLevel) VALUES (28,39,'Medium');
INSERT INTO ImpactsCompany (EventID, AffectedCompanyID, ImpactLevel) VALUES (28,59,'Low');
INSERT INTO ImpactsCompany (EventID, AffectedCompanyID, ImpactLevel) VALUES (28,47,'Low');
INSERT INTO ImpactsCompany (EventID, AffectedCompanyID, ImpactLevel) VALUES (28,27,'Low');
INSERT INTO ImpactsCompany (EventID, AffectedCompanyID, ImpactLevel) VALUES (28,20,'Low');
INSERT INTO ImpactsCompany (EventID, AffectedCompanyID, ImpactLevel) VALUES (28,50,'Low');
INSERT INTO ImpactsCompany (EventID, AffectedCompanyID, ImpactLevel) VALUES (28,24,'Medium');
INSERT INTO ImpactsCompany (EventID, AffectedCompanyID, ImpactLevel) VALUES (28,53,'Low');
INSERT INTO ImpactsCompany (EventID, AffectedCompanyID, ImpactLevel) VALUES (28,52,'Low');
INSERT INTO ImpactsCompany (EventID, AffectedCompanyID, ImpactLevel) VALUES (28,10,'Low');
INSERT INTO DisruptionEvent (EventID, EventDate, EventRecoveryDate, CategoryID) VALUES (29, '2020-08-11', '2020-08-27', 4);
INSERT INTO ImpactsCompany (EventID, AffectedCompanyID, ImpactLevel) VALUES (29,42,'Low');
INSERT INTO ImpactsCompany (EventID, AffectedCompanyID, ImpactLevel) VALUES (29,60,'Low');
INSERT INTO ImpactsCompany (EventID, AffectedCompanyID, ImpactLevel) VALUES (29,2,'Low');
INSERT INTO ImpactsCompany (EventID, AffectedCompanyID, ImpactLevel) VALUES (29,51,'Low');
INSERT INTO ImpactsCompany (EventID, AffectedCompanyID, ImpactLevel) VALUES (29,23,'High');
INSERT INTO ImpactsCompany (EventID, AffectedCompanyID, ImpactLevel) VALUES (29,13,'Low');
INSERT INTO ImpactsCompany (EventID, AffectedCompanyID, ImpactLevel) VALUES (29,1,'Medium');
INSERT INTO ImpactsCompany (EventID, AffectedCompanyID, ImpactLevel) VALUES (29,58,'Low');
INSERT INTO DisruptionEvent (EventID, EventDate, EventRecoveryDate, CategoryID) VALUES (30, '2019-01-17', '2019-01-18', 9);
INSERT INTO ImpactsCompany (EventID, AffectedCompanyID, ImpactLevel) VALUES (30,18,'Medium');
INSERT INTO ImpactsCompany (EventID, AffectedCompanyID, ImpactLevel) VALUES (30,38,'Low');
INSERT INTO ImpactsCompany (EventID, AffectedCompanyID, ImpactLevel) VALUES (30,24,'Low');
INSERT INTO ImpactsCompany (EventID, AffectedCompanyID, ImpactLevel) VALUES (30,5,'Low');
INSERT INTO ImpactsCompany (EventID, AffectedCompanyID, ImpactLevel) VALUES (30,39,'Low');
INSERT INTO ImpactsCompany (EventID, AffectedCompanyID, ImpactLevel) VALUES (30,30,'Low');
INSERT INTO ImpactsCompany (EventID, AffectedCompanyID, ImpactLevel) VALUES (30,26,'Low');
INSERT INTO ImpactsCompany (EventID, AffectedCompanyID, ImpactLevel) VALUES (30,31,'Low');
INSERT INTO ImpactsCompany (EventID, AffectedCompanyID, ImpactLevel) VALUES (30,37,'Low');
INSERT INTO ImpactsCompany (EventID, AffectedCompanyID, ImpactLevel) VALUES (30,40,'Medium');
INSERT INTO ImpactsCompany (EventID, AffectedCompanyID, ImpactLevel) VALUES (30,44,'Low');
INSERT INTO ImpactsCompany (EventID, AffectedCompanyID, ImpactLevel) VALUES (30,7,'Low');
INSERT INTO ImpactsCompany (EventID, AffectedCompanyID, ImpactLevel) VALUES (30,46,'Low');
INSERT INTO ImpactsCompany (EventID, AffectedCompanyID, ImpactLevel) VALUES (30,60,'Low');
INSERT INTO ImpactsCompany (EventID, AffectedCompanyID, ImpactLevel) VALUES (30,11,'Low');
INSERT INTO ImpactsCompany (EventID, AffectedCompanyID, ImpactLevel) VALUES (30,2,'Medium');
INSERT INTO ImpactsCompany (EventID, AffectedCompanyID, ImpactLevel) VALUES (30,41,'Low');
INSERT INTO ImpactsCompany (EventID, AffectedCompanyID, ImpactLevel) VALUES (30,4,'Low');
INSERT INTO DisruptionEvent (EventID, EventDate, EventRecoveryDate, CategoryID) VALUES (31, '2022-03-06', '2022-03-10', 9);
INSERT INTO ImpactsCompany (EventID, AffectedCompanyID, ImpactLevel) VALUES (31,33,'Medium');
INSERT INTO ImpactsCompany (EventID, AffectedCompanyID, ImpactLevel) VALUES (31,38,'Low');
INSERT INTO ImpactsCompany (EventID, AffectedCompanyID, ImpactLevel) VALUES (31,59,'Low');
INSERT INTO ImpactsCompany (EventID, AffectedCompanyID, ImpactLevel) VALUES (31,40,'Low');
INSERT INTO ImpactsCompany (EventID, AffectedCompanyID, ImpactLevel) VALUES (31,52,'Medium');
INSERT INTO ImpactsCompany (EventID, AffectedCompanyID, ImpactLevel) VALUES (31,50,'Medium');
INSERT INTO ImpactsCompany (EventID, AffectedCompanyID, ImpactLevel) VALUES (31,36,'Low');
INSERT INTO ImpactsCompany (EventID, AffectedCompanyID, ImpactLevel) VALUES (31,17,'Low');
INSERT INTO ImpactsCompany (EventID, AffectedCompanyID, ImpactLevel) VALUES (31,20,'Low');
INSERT INTO ImpactsCompany (EventID, AffectedCompanyID, ImpactLevel) VALUES (31,49,'Medium');
INSERT INTO ImpactsCompany (EventID, AffectedCompanyID, ImpactLevel) VALUES (31,51,'Low');
INSERT INTO ImpactsCompany (EventID, AffectedCompanyID, ImpactLevel) VALUES (31,35,'Low');
INSERT INTO ImpactsCompany (EventID, AffectedCompanyID, ImpactLevel) VALUES (31,45,'Low');
INSERT INTO ImpactsCompany (EventID, AffectedCompanyID, ImpactLevel) VALUES (31,37,'Medium');
INSERT INTO ImpactsCompany (EventID, AffectedCompanyID, ImpactLevel) VALUES (31,42,'Low');
INSERT INTO ImpactsCompany (EventID, AffectedCompanyID, ImpactLevel) VALUES (31,30,'Low');
INSERT INTO ImpactsCompany (EventID, AffectedCompanyID, ImpactLevel) VALUES (31,9,'Low');
INSERT INTO ImpactsCompany (EventID, AffectedCompanyID, ImpactLevel) VALUES (31,55,'Low');
INSERT INTO ImpactsCompany (EventID, AffectedCompanyID, ImpactLevel) VALUES (31,47,'Low');
INSERT INTO DisruptionEvent (EventID, EventDate, EventRecoveryDate, CategoryID) VALUES (32, '2024-10-12', '2024-10-24', 1);
INSERT INTO ImpactsCompany (EventID, AffectedCompanyID, ImpactLevel) VALUES (32,1,'Medium');
INSERT INTO ImpactsCompany (EventID, AffectedCompanyID, ImpactLevel) VALUES (32,33,'Low');
INSERT INTO ImpactsCompany (EventID, AffectedCompanyID, ImpactLevel) VALUES (32,31,'Low');
INSERT INTO ImpactsCompany (EventID, AffectedCompanyID, ImpactLevel) VALUES (32,15,'Low');
INSERT INTO ImpactsCompany (EventID, AffectedCompanyID, ImpactLevel) VALUES (32,30,'Low');
INSERT INTO ImpactsCompany (EventID, AffectedCompanyID, ImpactLevel) VALUES (32,55,'Medium');
INSERT INTO ImpactsCompany (EventID, AffectedCompanyID, ImpactLevel) VALUES (32,27,'High');
INSERT INTO ImpactsCompany (EventID, AffectedCompanyID, ImpactLevel) VALUES (32,48,'High');
INSERT INTO ImpactsCompany (EventID, AffectedCompanyID, ImpactLevel) VALUES (32,54,'Medium');
INSERT INTO ImpactsCompany (EventID, AffectedCompanyID, ImpactLevel) VALUES (32,21,'High');
INSERT INTO ImpactsCompany (EventID, AffectedCompanyID, ImpactLevel) VALUES (32,34,'Low');
INSERT INTO ImpactsCompany (EventID, AffectedCompanyID, ImpactLevel) VALUES (32,22,'Low');
INSERT INTO ImpactsCompany (EventID, AffectedCompanyID, ImpactLevel) VALUES (32,42,'Medium');
INSERT INTO ImpactsCompany (EventID, AffectedCompanyID, ImpactLevel) VALUES (32,11,'Low');
INSERT INTO ImpactsCompany (EventID, AffectedCompanyID, ImpactLevel) VALUES (32,8,'Medium');
INSERT INTO DisruptionEvent (EventID, EventDate, EventRecoveryDate, CategoryID) VALUES (33, '2023-07-22', '2023-07-23', 8);
INSERT INTO ImpactsCompany (EventID, AffectedCompanyID, ImpactLevel) VALUES (33,59,'Low');
INSERT INTO ImpactsCompany (EventID, AffectedCompanyID, ImpactLevel) VALUES (33,50,'Low');
INSERT INTO ImpactsCompany (EventID, AffectedCompanyID, ImpactLevel) VALUES (33,17,'Low');
INSERT INTO ImpactsCompany (EventID, AffectedCompanyID, ImpactLevel) VALUES (33,15,'Medium');
INSERT INTO ImpactsCompany (EventID, AffectedCompanyID, ImpactLevel) VALUES (33,28,'Low');
INSERT INTO ImpactsCompany (EventID, AffectedCompanyID, ImpactLevel) VALUES (33,30,'Medium');
INSERT INTO ImpactsCompany (EventID, AffectedCompanyID, ImpactLevel) VALUES (33,2,'Low');
INSERT INTO ImpactsCompany (EventID, AffectedCompanyID, ImpactLevel) VALUES (33,32,'Medium');
INSERT INTO ImpactsCompany (EventID, AffectedCompanyID, ImpactLevel) VALUES (33,11,'High');
INSERT INTO ImpactsCompany (EventID, AffectedCompanyID, ImpactLevel) VALUES (33,21,'Medium');
INSERT INTO DisruptionEvent (EventID, EventDate, EventRecoveryDate, CategoryID) VALUES (34, '2024-12-14', '2025-01-01', 10);
INSERT INTO ImpactsCompany (EventID, AffectedCompanyID, ImpactLevel) VALUES (34,60,'Low');
INSERT INTO ImpactsCompany (EventID, AffectedCompanyID, ImpactLevel) VALUES (34,2,'Low');
INSERT INTO ImpactsCompany (EventID, AffectedCompanyID, ImpactLevel) VALUES (34,19,'Low');
INSERT INTO ImpactsCompany (EventID, AffectedCompanyID, ImpactLevel) VALUES (34,32,'Low');
INSERT INTO ImpactsCompany (EventID, AffectedCompanyID, ImpactLevel) VALUES (34,55,'Low');
INSERT INTO ImpactsCompany (EventID, AffectedCompanyID, ImpactLevel) VALUES (34,58,'Medium');
INSERT INTO ImpactsCompany (EventID, AffectedCompanyID, ImpactLevel) VALUES (34,5,'Medium');
INSERT INTO ImpactsCompany (EventID, AffectedCompanyID, ImpactLevel) VALUES (34,52,'Low');
INSERT INTO ImpactsCompany (EventID, AffectedCompanyID, ImpactLevel) VALUES (34,38,'Low');
INSERT INTO ImpactsCompany (EventID, AffectedCompanyID, ImpactLevel) VALUES (34,7,'Low');
INSERT INTO DisruptionEvent (EventID, EventDate, EventRecoveryDate, CategoryID) VALUES (35, '2019-09-25', '2019-10-21', 12);
INSERT INTO ImpactsCompany (EventID, AffectedCompanyID, ImpactLevel) VALUES (35,46,'Low');
INSERT INTO ImpactsCompany (EventID, AffectedCompanyID, ImpactLevel) VALUES (35,1,'Medium');
INSERT INTO ImpactsCompany (EventID, AffectedCompanyID, ImpactLevel) VALUES (35,48,'Low');
INSERT INTO ImpactsCompany (EventID, AffectedCompanyID, ImpactLevel) VALUES (35,47,'Low');
INSERT INTO ImpactsCompany (EventID, AffectedCompanyID, ImpactLevel) VALUES (35,54,'Low');
INSERT INTO ImpactsCompany (EventID, AffectedCompanyID, ImpactLevel) VALUES (35,21,'Medium');
INSERT INTO ImpactsCompany (EventID, AffectedCompanyID, ImpactLevel) VALUES (35,43,'Medium');
INSERT INTO ImpactsCompany (EventID, AffectedCompanyID, ImpactLevel) VALUES (35,4,'Low');
INSERT INTO ImpactsCompany (EventID, AffectedCompanyID, ImpactLevel) VALUES (35,31,'Low');
INSERT INTO ImpactsCompany (EventID, AffectedCompanyID, ImpactLevel) VALUES (35,38,'Low');
INSERT INTO ImpactsCompany (EventID, AffectedCompanyID, ImpactLevel) VALUES (35,37,'Low');
INSERT INTO ImpactsCompany (EventID, AffectedCompanyID, ImpactLevel) VALUES (35,7,'Low');
INSERT INTO DisruptionEvent (EventID, EventDate, EventRecoveryDate, CategoryID) VALUES (36, '2022-04-13', '2022-05-11', 12);
INSERT INTO ImpactsCompany (EventID, AffectedCompanyID, ImpactLevel) VALUES (36,31,'Low');
INSERT INTO ImpactsCompany (EventID, AffectedCompanyID, ImpactLevel) VALUES (36,17,'Low');
INSERT INTO ImpactsCompany (EventID, AffectedCompanyID, ImpactLevel) VALUES (36,22,'Low');
INSERT INTO ImpactsCompany (EventID, AffectedCompanyID, ImpactLevel) VALUES (36,15,'Medium');
INSERT INTO ImpactsCompany (EventID, AffectedCompanyID, ImpactLevel) VALUES (36,19,'Low');
INSERT INTO ImpactsCompany (EventID, AffectedCompanyID, ImpactLevel) VALUES (36,6,'Low');
INSERT INTO DisruptionEvent (EventID, EventDate, EventRecoveryDate, CategoryID) VALUES (37, '2020-05-15', '2020-06-06', 11);
INSERT INTO ImpactsCompany (EventID, AffectedCompanyID, ImpactLevel) VALUES (37,3,'Low');
INSERT INTO ImpactsCompany (EventID, AffectedCompanyID, ImpactLevel) VALUES (37,15,'Low');
INSERT INTO ImpactsCompany (EventID, AffectedCompanyID, ImpactLevel) VALUES (37,43,'Low');
INSERT INTO ImpactsCompany (EventID, AffectedCompanyID, ImpactLevel) VALUES (37,18,'Medium');
INSERT INTO ImpactsCompany (EventID, AffectedCompanyID, ImpactLevel) VALUES (37,60,'Medium');
INSERT INTO ImpactsCompany (EventID, AffectedCompanyID, ImpactLevel) VALUES (37,54,'Low');
INSERT INTO ImpactsCompany (EventID, AffectedCompanyID, ImpactLevel) VALUES (37,1,'Low');
INSERT INTO ImpactsCompany (EventID, AffectedCompanyID, ImpactLevel) VALUES (37,23,'Medium');
INSERT INTO ImpactsCompany (EventID, AffectedCompanyID, ImpactLevel) VALUES (37,8,'Low');
INSERT INTO ImpactsCompany (EventID, AffectedCompanyID, ImpactLevel) VALUES (37,25,'Low');
INSERT INTO ImpactsCompany (EventID, AffectedCompanyID, ImpactLevel) VALUES (37,47,'Low');
INSERT INTO DisruptionEvent (EventID, EventDate, EventRecoveryDate, CategoryID) VALUES (38, '2021-03-23', '2021-03-29', 7);
INSERT INTO ImpactsCompany (EventID, AffectedCompanyID, ImpactLevel) VALUES (38,3,'Low');
INSERT INTO ImpactsCompany (EventID, AffectedCompanyID, ImpactLevel) VALUES (38,37,'High');
INSERT INTO ImpactsCompany (EventID, AffectedCompanyID, ImpactLevel) VALUES (38,16,'Low');
INSERT INTO ImpactsCompany (EventID, AffectedCompanyID, ImpactLevel) VALUES (38,58,'Low');
INSERT INTO ImpactsCompany (EventID, AffectedCompanyID, ImpactLevel) VALUES (38,28,'Medium');
INSERT INTO ImpactsCompany (EventID, AffectedCompanyID, ImpactLevel) VALUES (38,44,'Low');
INSERT INTO ImpactsCompany (EventID, AffectedCompanyID, ImpactLevel) VALUES (38,19,'Medium');
INSERT INTO ImpactsCompany (EventID, AffectedCompanyID, ImpactLevel) VALUES (38,25,'Low');
INSERT INTO ImpactsCompany (EventID, AffectedCompanyID, ImpactLevel) VALUES (38,31,'Low');
INSERT INTO ImpactsCompany (EventID, AffectedCompanyID, ImpactLevel) VALUES (38,32,'Low');
INSERT INTO ImpactsCompany (EventID, AffectedCompanyID, ImpactLevel) VALUES (38,4,'Low');
INSERT INTO ImpactsCompany (EventID, AffectedCompanyID, ImpactLevel) VALUES (38,7,'Low');
INSERT INTO ImpactsCompany (EventID, AffectedCompanyID, ImpactLevel) VALUES (38,38,'Low');
INSERT INTO ImpactsCompany (EventID, AffectedCompanyID, ImpactLevel) VALUES (38,48,'Low');
INSERT INTO ImpactsCompany (EventID, AffectedCompanyID, ImpactLevel) VALUES (38,57,'Medium');
INSERT INTO DisruptionEvent (EventID, EventDate, EventRecoveryDate, CategoryID) VALUES (39, '2022-11-30', '2022-12-17', 2);
INSERT INTO ImpactsCompany (EventID, AffectedCompanyID, ImpactLevel) VALUES (39,47,'Low');
INSERT INTO ImpactsCompany (EventID, AffectedCompanyID, ImpactLevel) VALUES (39,53,'Low');
INSERT INTO ImpactsCompany (EventID, AffectedCompanyID, ImpactLevel) VALUES (39,50,'Low');
INSERT INTO ImpactsCompany (EventID, AffectedCompanyID, ImpactLevel) VALUES (39,30,'Low');
INSERT INTO ImpactsCompany (EventID, AffectedCompanyID, ImpactLevel) VALUES (39,33,'High');
INSERT INTO ImpactsCompany (EventID, AffectedCompanyID, ImpactLevel) VALUES (39,31,'Low');
INSERT INTO ImpactsCompany (EventID, AffectedCompanyID, ImpactLevel) VALUES (39,35,'Low');
INSERT INTO ImpactsCompany (EventID, AffectedCompanyID, ImpactLevel) VALUES (39,37,'High');
INSERT INTO ImpactsCompany (EventID, AffectedCompanyID, ImpactLevel) VALUES (39,56,'High');
INSERT INTO ImpactsCompany (EventID, AffectedCompanyID, ImpactLevel) VALUES (39,54,'Low');
INSERT INTO ImpactsCompany (EventID, AffectedCompanyID, ImpactLevel) VALUES (39,57,'Low');
INSERT INTO ImpactsCompany (EventID, AffectedCompanyID, ImpactLevel) VALUES (39,38,'Low');
INSERT INTO ImpactsCompany (EventID, AffectedCompanyID, ImpactLevel) VALUES (39,12,'Low');
INSERT INTO ImpactsCompany (EventID, AffectedCompanyID, ImpactLevel) VALUES (39,29,'Medium');
INSERT INTO ImpactsCompany (EventID, AffectedCompanyID, ImpactLevel) VALUES (39,43,'Low');
INSERT INTO ImpactsCompany (EventID, AffectedCompanyID, ImpactLevel) VALUES (39,24,'Medium');
INSERT INTO ImpactsCompany (EventID, AffectedCompanyID, ImpactLevel) VALUES (39,15,'Low');
INSERT INTO ImpactsCompany (EventID, AffectedCompanyID, ImpactLevel) VALUES (39,44,'Low');
INSERT INTO DisruptionEvent (EventID, EventDate, EventRecoveryDate, CategoryID) VALUES (40, '2022-04-27', '2022-05-11', 9);
INSERT INTO ImpactsCompany (EventID, AffectedCompanyID, ImpactLevel) VALUES (40,9,'Medium');
INSERT INTO ImpactsCompany (EventID, AffectedCompanyID, ImpactLevel) VALUES (40,17,'Medium');
INSERT INTO ImpactsCompany (EventID, AffectedCompanyID, ImpactLevel) VALUES (40,23,'Medium');
INSERT INTO ImpactsCompany (EventID, AffectedCompanyID, ImpactLevel) VALUES (40,26,'High');
INSERT INTO ImpactsCompany (EventID, AffectedCompanyID, ImpactLevel) VALUES (40,51,'Low');
INSERT INTO ImpactsCompany (EventID, AffectedCompanyID, ImpactLevel) VALUES (40,13,'Low');
INSERT INTO ImpactsCompany (EventID, AffectedCompanyID, ImpactLevel) VALUES (40,42,'Low');
INSERT INTO ImpactsCompany (EventID, AffectedCompanyID, ImpactLevel) VALUES (40,8,'Low');
INSERT INTO ImpactsCompany (EventID, AffectedCompanyID, ImpactLevel) VALUES (40,40,'Low');
INSERT INTO ImpactsCompany (EventID, AffectedCompanyID, ImpactLevel) VALUES (40,5,'Low');
INSERT INTO ImpactsCompany (EventID, AffectedCompanyID, ImpactLevel) VALUES (40,12,'Low');
INSERT INTO ImpactsCompany (EventID, AffectedCompanyID, ImpactLevel) VALUES (40,38,'Low');
INSERT INTO ImpactsCompany (EventID, AffectedCompanyID, ImpactLevel) VALUES (40,14,'Low');
INSERT INTO ImpactsCompany (EventID, AffectedCompanyID, ImpactLevel) VALUES (40,52,'Low');
INSERT INTO ImpactsCompany (EventID, AffectedCompanyID, ImpactLevel) VALUES (40,41,'Low');
INSERT INTO ImpactsCompany (EventID, AffectedCompanyID, ImpactLevel) VALUES (40,53,'High');
INSERT INTO ImpactsCompany (EventID, AffectedCompanyID, ImpactLevel) VALUES (40,46,'Low');
INSERT INTO DisruptionEvent (EventID, EventDate, EventRecoveryDate, CategoryID) VALUES (41, '2021-09-02', '2021-09-15', 6);
INSERT INTO ImpactsCompany (EventID, AffectedCompanyID, ImpactLevel) VALUES (41,35,'Low');
INSERT INTO ImpactsCompany (EventID, AffectedCompanyID, ImpactLevel) VALUES (41,25,'Low');
INSERT INTO ImpactsCompany (EventID, AffectedCompanyID, ImpactLevel) VALUES (41,26,'Low');
INSERT INTO ImpactsCompany (EventID, AffectedCompanyID, ImpactLevel) VALUES (41,60,'Low');
INSERT INTO ImpactsCompany (EventID, AffectedCompanyID, ImpactLevel) VALUES (41,46,'Low');
INSERT INTO ImpactsCompany (EventID, AffectedCompanyID, ImpactLevel) VALUES (41,8,'Low');
INSERT INTO ImpactsCompany (EventID, AffectedCompanyID, ImpactLevel) VALUES (41,28,'Low');
INSERT INTO ImpactsCompany (EventID, AffectedCompanyID, ImpactLevel) VALUES (41,55,'Low');
INSERT INTO ImpactsCompany (EventID, AffectedCompanyID, ImpactLevel) VALUES (41,21,'Medium');
INSERT INTO ImpactsCompany (EventID, AffectedCompanyID, ImpactLevel) VALUES (41,10,'Low');
INSERT INTO ImpactsCompany (EventID, AffectedCompanyID, ImpactLevel) VALUES (41,24,'Low');
INSERT INTO DisruptionEvent (EventID, EventDate, EventRecoveryDate, CategoryID) VALUES (42, '2019-04-02', '2019-04-09', 3);
INSERT INTO ImpactsCompany (EventID, AffectedCompanyID, ImpactLevel) VALUES (42,41,'Low');
INSERT INTO ImpactsCompany (EventID, AffectedCompanyID, ImpactLevel) VALUES (42,13,'Medium');
INSERT INTO ImpactsCompany (EventID, AffectedCompanyID, ImpactLevel) VALUES (42,30,'Low');
INSERT INTO ImpactsCompany (EventID, AffectedCompanyID, ImpactLevel) VALUES (42,50,'Medium');
INSERT INTO ImpactsCompany (EventID, AffectedCompanyID, ImpactLevel) VALUES (42,28,'Low');
INSERT INTO DisruptionEvent (EventID, EventDate, EventRecoveryDate, CategoryID) VALUES (43, '2021-07-16', '2021-07-31', 12);
INSERT INTO ImpactsCompany (EventID, AffectedCompanyID, ImpactLevel) VALUES (43,15,'High');
INSERT INTO ImpactsCompany (EventID, AffectedCompanyID, ImpactLevel) VALUES (43,34,'Low');
INSERT INTO ImpactsCompany (EventID, AffectedCompanyID, ImpactLevel) VALUES (43,7,'Medium');
INSERT INTO ImpactsCompany (EventID, AffectedCompanyID, ImpactLevel) VALUES (43,26,'Low');
INSERT INTO ImpactsCompany (EventID, AffectedCompanyID, ImpactLevel) VALUES (43,58,'Low');
INSERT INTO ImpactsCompany (EventID, AffectedCompanyID, ImpactLevel) VALUES (43,59,'Low');
INSERT INTO ImpactsCompany (EventID, AffectedCompanyID, ImpactLevel) VALUES (43,60,'Low');
INSERT INTO ImpactsCompany (EventID, AffectedCompanyID, ImpactLevel) VALUES (43,11,'Medium');
INSERT INTO ImpactsCompany (EventID, AffectedCompanyID, ImpactLevel) VALUES (43,27,'Low');
INSERT INTO DisruptionEvent (EventID, EventDate, EventRecoveryDate, CategoryID) VALUES (44, '2020-01-07', '2020-02-02', 7);
INSERT INTO ImpactsCompany (EventID, AffectedCompanyID, ImpactLevel) VALUES (44,59,'Low');
INSERT INTO ImpactsCompany (EventID, AffectedCompanyID, ImpactLevel) VALUES (44,60,'Low');
INSERT INTO ImpactsCompany (EventID, AffectedCompanyID, ImpactLevel) VALUES (44,24,'Low');
INSERT INTO ImpactsCompany (EventID, AffectedCompanyID, ImpactLevel) VALUES (44,51,'Low');
INSERT INTO ImpactsCompany (EventID, AffectedCompanyID, ImpactLevel) VALUES (44,7,'Low');
INSERT INTO ImpactsCompany (EventID, AffectedCompanyID, ImpactLevel) VALUES (44,32,'Low');
INSERT INTO ImpactsCompany (EventID, AffectedCompanyID, ImpactLevel) VALUES (44,41,'Low');
INSERT INTO ImpactsCompany (EventID, AffectedCompanyID, ImpactLevel) VALUES (44,36,'Low');
INSERT INTO ImpactsCompany (EventID, AffectedCompanyID, ImpactLevel) VALUES (44,4,'Low');
INSERT INTO ImpactsCompany (EventID, AffectedCompanyID, ImpactLevel) VALUES (44,23,'Low');
INSERT INTO DisruptionEvent (EventID, EventDate, EventRecoveryDate, CategoryID) VALUES (45, '2021-01-16', '2021-01-31', 5);
INSERT INTO ImpactsCompany (EventID, AffectedCompanyID, ImpactLevel) VALUES (45,29,'Low');
INSERT INTO ImpactsCompany (EventID, AffectedCompanyID, ImpactLevel) VALUES (45,20,'Low');
INSERT INTO ImpactsCompany (EventID, AffectedCompanyID, ImpactLevel) VALUES (45,12,'High');
INSERT INTO ImpactsCompany (EventID, AffectedCompanyID, ImpactLevel) VALUES (45,21,'Low');
INSERT INTO ImpactsCompany (EventID, AffectedCompanyID, ImpactLevel) VALUES (45,23,'Low');
INSERT INTO ImpactsCompany (EventID, AffectedCompanyID, ImpactLevel) VALUES (45,40,'Low');
INSERT INTO ImpactsCompany (EventID, AffectedCompanyID, ImpactLevel) VALUES (45,49,'Medium');
INSERT INTO ImpactsCompany (EventID, AffectedCompanyID, ImpactLevel) VALUES (45,26,'Low');
INSERT INTO ImpactsCompany (EventID, AffectedCompanyID, ImpactLevel) VALUES (45,5,'Low');
INSERT INTO ImpactsCompany (EventID, AffectedCompanyID, ImpactLevel) VALUES (45,56,'Low');
INSERT INTO ImpactsCompany (EventID, AffectedCompanyID, ImpactLevel) VALUES (45,44,'Low');
INSERT INTO ImpactsCompany (EventID, AffectedCompanyID, ImpactLevel) VALUES (45,6,'Low');
INSERT INTO ImpactsCompany (EventID, AffectedCompanyID, ImpactLevel) VALUES (45,48,'Medium');
INSERT INTO ImpactsCompany (EventID, AffectedCompanyID, ImpactLevel) VALUES (45,51,'Low');
INSERT INTO ImpactsCompany (EventID, AffectedCompanyID, ImpactLevel) VALUES (45,1,'Low');
INSERT INTO ImpactsCompany (EventID, AffectedCompanyID, ImpactLevel) VALUES (45,45,'Low');
INSERT INTO DisruptionEvent (EventID, EventDate, EventRecoveryDate, CategoryID) VALUES (46, '2022-09-30', '2022-10-16', 6);
INSERT INTO ImpactsCompany (EventID, AffectedCompanyID, ImpactLevel) VALUES (46,2,'Low');
INSERT INTO ImpactsCompany (EventID, AffectedCompanyID, ImpactLevel) VALUES (46,38,'Low');
INSERT INTO ImpactsCompany (EventID, AffectedCompanyID, ImpactLevel) VALUES (46,4,'Low');
INSERT INTO ImpactsCompany (EventID, AffectedCompanyID, ImpactLevel) VALUES (46,34,'Low');
INSERT INTO ImpactsCompany (EventID, AffectedCompanyID, ImpactLevel) VALUES (46,51,'Medium');
INSERT INTO ImpactsCompany (EventID, AffectedCompanyID, ImpactLevel) VALUES (46,21,'Low');
INSERT INTO ImpactsCompany (EventID, AffectedCompanyID, ImpactLevel) VALUES (46,44,'Medium');
INSERT INTO ImpactsCompany (EventID, AffectedCompanyID, ImpactLevel) VALUES (46,53,'Medium');
INSERT INTO ImpactsCompany (EventID, AffectedCompanyID, ImpactLevel) VALUES (46,15,'Low');
INSERT INTO ImpactsCompany (EventID, AffectedCompanyID, ImpactLevel) VALUES (46,40,'Low');
INSERT INTO ImpactsCompany (EventID, AffectedCompanyID, ImpactLevel) VALUES (46,16,'Medium');
INSERT INTO ImpactsCompany (EventID, AffectedCompanyID, ImpactLevel) VALUES (46,10,'Medium');
INSERT INTO DisruptionEvent (EventID, EventDate, EventRecoveryDate, CategoryID) VALUES (47, '2024-02-13', '2024-02-20', 7);
INSERT INTO ImpactsCompany (EventID, AffectedCompanyID, ImpactLevel) VALUES (47,43,'Low');
INSERT INTO ImpactsCompany (EventID, AffectedCompanyID, ImpactLevel) VALUES (47,25,'Medium');
INSERT INTO ImpactsCompany (EventID, AffectedCompanyID, ImpactLevel) VALUES (47,11,'Low');
INSERT INTO ImpactsCompany (EventID, AffectedCompanyID, ImpactLevel) VALUES (47,37,'Low');
INSERT INTO ImpactsCompany (EventID, AffectedCompanyID, ImpactLevel) VALUES (47,35,'Low');
INSERT INTO ImpactsCompany (EventID, AffectedCompanyID, ImpactLevel) VALUES (47,10,'Low');
INSERT INTO ImpactsCompany (EventID, AffectedCompanyID, ImpactLevel) VALUES (47,36,'Low');
INSERT INTO ImpactsCompany (EventID, AffectedCompanyID, ImpactLevel) VALUES (47,29,'High');
INSERT INTO ImpactsCompany (EventID, AffectedCompanyID, ImpactLevel) VALUES (47,60,'High');
INSERT INTO ImpactsCompany (EventID, AffectedCompanyID, ImpactLevel) VALUES (47,38,'Low');
INSERT INTO ImpactsCompany (EventID, AffectedCompanyID, ImpactLevel) VALUES (47,55,'Low');
INSERT INTO ImpactsCompany (EventID, AffectedCompanyID, ImpactLevel) VALUES (47,16,'Low');
INSERT INTO ImpactsCompany (EventID, AffectedCompanyID, ImpactLevel) VALUES (47,50,'Low');
INSERT INTO ImpactsCompany (EventID, AffectedCompanyID, ImpactLevel) VALUES (47,57,'Low');
INSERT INTO DisruptionEvent (EventID, EventDate, EventRecoveryDate, CategoryID) VALUES (48, '2023-03-11', '2023-03-31', 6);
INSERT INTO ImpactsCompany (EventID, AffectedCompanyID, ImpactLevel) VALUES (48,56,'Low');
INSERT INTO ImpactsCompany (EventID, AffectedCompanyID, ImpactLevel) VALUES (48,27,'Low');
INSERT INTO ImpactsCompany (EventID, AffectedCompanyID, ImpactLevel) VALUES (48,39,'High');
INSERT INTO ImpactsCompany (EventID, AffectedCompanyID, ImpactLevel) VALUES (48,38,'Low');
INSERT INTO ImpactsCompany (EventID, AffectedCompanyID, ImpactLevel) VALUES (48,16,'Low');
INSERT INTO ImpactsCompany (EventID, AffectedCompanyID, ImpactLevel) VALUES (48,3,'Low');
INSERT INTO DisruptionEvent (EventID, EventDate, EventRecoveryDate, CategoryID) VALUES (49, '2021-02-12', '2021-03-02', 4);
INSERT INTO ImpactsCompany (EventID, AffectedCompanyID, ImpactLevel) VALUES (49,39,'Medium');
INSERT INTO ImpactsCompany (EventID, AffectedCompanyID, ImpactLevel) VALUES (49,42,'Low');
INSERT INTO ImpactsCompany (EventID, AffectedCompanyID, ImpactLevel) VALUES (49,33,'Medium');
INSERT INTO ImpactsCompany (EventID, AffectedCompanyID, ImpactLevel) VALUES (49,9,'Medium');
INSERT INTO ImpactsCompany (EventID, AffectedCompanyID, ImpactLevel) VALUES (49,54,'Low');
INSERT INTO ImpactsCompany (EventID, AffectedCompanyID, ImpactLevel) VALUES (49,13,'Low');
INSERT INTO ImpactsCompany (EventID, AffectedCompanyID, ImpactLevel) VALUES (49,56,'Low');
INSERT INTO ImpactsCompany (EventID, AffectedCompanyID, ImpactLevel) VALUES (49,51,'Low');
INSERT INTO ImpactsCompany (EventID, AffectedCompanyID, ImpactLevel) VALUES (49,2,'Medium');
INSERT INTO ImpactsCompany (EventID, AffectedCompanyID, ImpactLevel) VALUES (49,53,'Low');
INSERT INTO ImpactsCompany (EventID, AffectedCompanyID, ImpactLevel) VALUES (49,16,'Low');
INSERT INTO ImpactsCompany (EventID, AffectedCompanyID, ImpactLevel) VALUES (49,36,'Medium');
INSERT INTO ImpactsCompany (EventID, AffectedCompanyID, ImpactLevel) VALUES (49,32,'Medium');
INSERT INTO ImpactsCompany (EventID, AffectedCompanyID, ImpactLevel) VALUES (49,40,'Low');
INSERT INTO ImpactsCompany (EventID, AffectedCompanyID, ImpactLevel) VALUES (49,27,'Low');
INSERT INTO DisruptionEvent (EventID, EventDate, EventRecoveryDate, CategoryID) VALUES (50, '2024-03-16', '2024-04-14', 1);
INSERT INTO ImpactsCompany (EventID, AffectedCompanyID, ImpactLevel) VALUES (50,56,'Low');
INSERT INTO ImpactsCompany (EventID, AffectedCompanyID, ImpactLevel) VALUES (50,16,'Low');
INSERT INTO ImpactsCompany (EventID, AffectedCompanyID, ImpactLevel) VALUES (50,25,'Medium');
INSERT INTO ImpactsCompany (EventID, AffectedCompanyID, ImpactLevel) VALUES (50,8,'Low');
INSERT INTO ImpactsCompany (EventID, AffectedCompanyID, ImpactLevel) VALUES (50,33,'Low');
INSERT INTO ImpactsCompany (EventID, AffectedCompanyID, ImpactLevel) VALUES (50,2,'Low');
INSERT INTO ImpactsCompany (EventID, AffectedCompanyID, ImpactLevel) VALUES (50,60,'High');
INSERT INTO ImpactsCompany (EventID, AffectedCompanyID, ImpactLevel) VALUES (50,7,'Medium');
INSERT INTO ImpactsCompany (EventID, AffectedCompanyID, ImpactLevel) VALUES (50,20,'Low');
INSERT INTO ImpactsCompany (EventID, AffectedCompanyID, ImpactLevel) VALUES (50,30,'Low');
INSERT INTO ImpactsCompany (EventID, AffectedCompanyID, ImpactLevel) VALUES (50,35,'Medium');
INSERT INTO ImpactsCompany (EventID, AffectedCompanyID, ImpactLevel) VALUES (50,10,'Medium');
INSERT INTO ImpactsCompany (EventID, AffectedCompanyID, ImpactLevel) VALUES (50,54,'Low');
INSERT INTO ImpactsCompany (EventID, AffectedCompanyID, ImpactLevel) VALUES (50,46,'Low');
INSERT INTO ImpactsCompany (EventID, AffectedCompanyID, ImpactLevel) VALUES (50,51,'Low');
INSERT INTO DisruptionEvent (EventID, EventDate, EventRecoveryDate, CategoryID) VALUES (51, '2023-07-09', '2023-07-22', 8);
INSERT INTO ImpactsCompany (EventID, AffectedCompanyID, ImpactLevel) VALUES (51,11,'Low');
INSERT INTO ImpactsCompany (EventID, AffectedCompanyID, ImpactLevel) VALUES (51,40,'Low');
INSERT INTO ImpactsCompany (EventID, AffectedCompanyID, ImpactLevel) VALUES (51,16,'High');
INSERT INTO ImpactsCompany (EventID, AffectedCompanyID, ImpactLevel) VALUES (51,23,'Low');
INSERT INTO ImpactsCompany (EventID, AffectedCompanyID, ImpactLevel) VALUES (51,38,'Medium');
INSERT INTO ImpactsCompany (EventID, AffectedCompanyID, ImpactLevel) VALUES (51,58,'Low');
INSERT INTO ImpactsCompany (EventID, AffectedCompanyID, ImpactLevel) VALUES (51,20,'Low');
INSERT INTO ImpactsCompany (EventID, AffectedCompanyID, ImpactLevel) VALUES (51,47,'Low');
INSERT INTO ImpactsCompany (EventID, AffectedCompanyID, ImpactLevel) VALUES (51,9,'Medium');
INSERT INTO ImpactsCompany (EventID, AffectedCompanyID, ImpactLevel) VALUES (51,22,'Low');
INSERT INTO ImpactsCompany (EventID, AffectedCompanyID, ImpactLevel) VALUES (51,6,'Low');
INSERT INTO ImpactsCompany (EventID, AffectedCompanyID, ImpactLevel) VALUES (51,29,'Low');
INSERT INTO ImpactsCompany (EventID, AffectedCompanyID, ImpactLevel) VALUES (51,52,'Medium');
INSERT INTO ImpactsCompany (EventID, AffectedCompanyID, ImpactLevel) VALUES (51,32,'Low');
INSERT INTO ImpactsCompany (EventID, AffectedCompanyID, ImpactLevel) VALUES (51,18,'Medium');
INSERT INTO ImpactsCompany (EventID, AffectedCompanyID, ImpactLevel) VALUES (51,54,'Low');
INSERT INTO DisruptionEvent (EventID, EventDate, EventRecoveryDate, CategoryID) VALUES (52, '2020-01-24', '2020-02-05', 7);
INSERT INTO ImpactsCompany (EventID, AffectedCompanyID, ImpactLevel) VALUES (52,20,'Medium');
INSERT INTO ImpactsCompany (EventID, AffectedCompanyID, ImpactLevel) VALUES (52,39,'Low');
INSERT INTO ImpactsCompany (EventID, AffectedCompanyID, ImpactLevel) VALUES (52,46,'Low');
INSERT INTO ImpactsCompany (EventID, AffectedCompanyID, ImpactLevel) VALUES (52,22,'High');
INSERT INTO ImpactsCompany (EventID, AffectedCompanyID, ImpactLevel) VALUES (52,29,'Low');
INSERT INTO ImpactsCompany (EventID, AffectedCompanyID, ImpactLevel) VALUES (52,1,'Low');
INSERT INTO ImpactsCompany (EventID, AffectedCompanyID, ImpactLevel) VALUES (52,60,'Medium');
INSERT INTO ImpactsCompany (EventID, AffectedCompanyID, ImpactLevel) VALUES (52,8,'Low');
INSERT INTO ImpactsCompany (EventID, AffectedCompanyID, ImpactLevel) VALUES (52,2,'Low');
INSERT INTO ImpactsCompany (EventID, AffectedCompanyID, ImpactLevel) VALUES (52,40,'Medium');
INSERT INTO DisruptionEvent (EventID, EventDate, EventRecoveryDate, CategoryID) VALUES (53, '2021-01-20', '2021-01-27', 12);
INSERT INTO ImpactsCompany (EventID, AffectedCompanyID, ImpactLevel) VALUES (53,34,'Medium');
INSERT INTO ImpactsCompany (EventID, AffectedCompanyID, ImpactLevel) VALUES (53,49,'Low');
INSERT INTO ImpactsCompany (EventID, AffectedCompanyID, ImpactLevel) VALUES (53,58,'Low');
INSERT INTO ImpactsCompany (EventID, AffectedCompanyID, ImpactLevel) VALUES (53,4,'Low');
INSERT INTO ImpactsCompany (EventID, AffectedCompanyID, ImpactLevel) VALUES (53,19,'Medium');
INSERT INTO ImpactsCompany (EventID, AffectedCompanyID, ImpactLevel) VALUES (53,12,'Low');
INSERT INTO ImpactsCompany (EventID, AffectedCompanyID, ImpactLevel) VALUES (53,36,'Low');
INSERT INTO ImpactsCompany (EventID, AffectedCompanyID, ImpactLevel) VALUES (53,55,'Low');
INSERT INTO ImpactsCompany (EventID, AffectedCompanyID, ImpactLevel) VALUES (53,28,'Medium');
INSERT INTO ImpactsCompany (EventID, AffectedCompanyID, ImpactLevel) VALUES (53,56,'Low');
INSERT INTO ImpactsCompany (EventID, AffectedCompanyID, ImpactLevel) VALUES (53,53,'Low');
INSERT INTO ImpactsCompany (EventID, AffectedCompanyID, ImpactLevel) VALUES (53,15,'Low');
INSERT INTO ImpactsCompany (EventID, AffectedCompanyID, ImpactLevel) VALUES (53,18,'Medium');
INSERT INTO DisruptionEvent (EventID, EventDate, EventRecoveryDate, CategoryID) VALUES (54, '2025-09-22', '2025-10-10', 3);
INSERT INTO ImpactsCompany (EventID, AffectedCompanyID, ImpactLevel) VALUES (54,34,'Low');
INSERT INTO ImpactsCompany (EventID, AffectedCompanyID, ImpactLevel) VALUES (54,4,'Low');
INSERT INTO ImpactsCompany (EventID, AffectedCompanyID, ImpactLevel) VALUES (54,23,'High');
INSERT INTO ImpactsCompany (EventID, AffectedCompanyID, ImpactLevel) VALUES (54,7,'Low');
INSERT INTO ImpactsCompany (EventID, AffectedCompanyID, ImpactLevel) VALUES (54,15,'Low');
INSERT INTO ImpactsCompany (EventID, AffectedCompanyID, ImpactLevel) VALUES (54,28,'Medium');
INSERT INTO ImpactsCompany (EventID, AffectedCompanyID, ImpactLevel) VALUES (54,33,'Low');
INSERT INTO ImpactsCompany (EventID, AffectedCompanyID, ImpactLevel) VALUES (54,19,'Low');
INSERT INTO ImpactsCompany (EventID, AffectedCompanyID, ImpactLevel) VALUES (54,55,'Low');
INSERT INTO ImpactsCompany (EventID, AffectedCompanyID, ImpactLevel) VALUES (54,53,'Low');
INSERT INTO ImpactsCompany (EventID, AffectedCompanyID, ImpactLevel) VALUES (54,17,'Low');
INSERT INTO ImpactsCompany (EventID, AffectedCompanyID, ImpactLevel) VALUES (54,36,'Medium');
INSERT INTO ImpactsCompany (EventID, AffectedCompanyID, ImpactLevel) VALUES (54,12,'Low');
INSERT INTO ImpactsCompany (EventID, AffectedCompanyID, ImpactLevel) VALUES (54,50,'Low');
INSERT INTO ImpactsCompany (EventID, AffectedCompanyID, ImpactLevel) VALUES (54,41,'Medium');
INSERT INTO ImpactsCompany (EventID, AffectedCompanyID, ImpactLevel) VALUES (54,54,'Medium');
INSERT INTO ImpactsCompany (EventID, AffectedCompanyID, ImpactLevel) VALUES (54,60,'Low');
INSERT INTO ImpactsCompany (EventID, AffectedCompanyID, ImpactLevel) VALUES (54,14,'Low');
INSERT INTO DisruptionEvent (EventID, EventDate, EventRecoveryDate, CategoryID) VALUES (55, '2024-05-26', '2024-06-05', 7);
INSERT INTO ImpactsCompany (EventID, AffectedCompanyID, ImpactLevel) VALUES (55,51,'Low');
INSERT INTO ImpactsCompany (EventID, AffectedCompanyID, ImpactLevel) VALUES (55,57,'Medium');
INSERT INTO ImpactsCompany (EventID, AffectedCompanyID, ImpactLevel) VALUES (55,56,'Low');
INSERT INTO ImpactsCompany (EventID, AffectedCompanyID, ImpactLevel) VALUES (55,41,'Low');
INSERT INTO ImpactsCompany (EventID, AffectedCompanyID, ImpactLevel) VALUES (55,17,'Medium');
INSERT INTO ImpactsCompany (EventID, AffectedCompanyID, ImpactLevel) VALUES (55,18,'Low');
INSERT INTO ImpactsCompany (EventID, AffectedCompanyID, ImpactLevel) VALUES (55,14,'Low');
INSERT INTO ImpactsCompany (EventID, AffectedCompanyID, ImpactLevel) VALUES (55,13,'Low');
INSERT INTO ImpactsCompany (EventID, AffectedCompanyID, ImpactLevel) VALUES (55,8,'Low');
INSERT INTO ImpactsCompany (EventID, AffectedCompanyID, ImpactLevel) VALUES (55,32,'Medium');
INSERT INTO ImpactsCompany (EventID, AffectedCompanyID, ImpactLevel) VALUES (55,7,'Low');
INSERT INTO ImpactsCompany (EventID, AffectedCompanyID, ImpactLevel) VALUES (55,28,'Low');
INSERT INTO ImpactsCompany (EventID, AffectedCompanyID, ImpactLevel) VALUES (55,60,'Medium');
INSERT INTO ImpactsCompany (EventID, AffectedCompanyID, ImpactLevel) VALUES (55,15,'High');
INSERT INTO ImpactsCompany (EventID, AffectedCompanyID, ImpactLevel) VALUES (55,59,'Low');
INSERT INTO ImpactsCompany (EventID, AffectedCompanyID, ImpactLevel) VALUES (55,16,'Low');
INSERT INTO ImpactsCompany (EventID, AffectedCompanyID, ImpactLevel) VALUES (55,12,'Low');
INSERT INTO ImpactsCompany (EventID, AffectedCompanyID, ImpactLevel) VALUES (55,43,'Medium');
INSERT INTO ImpactsCompany (EventID, AffectedCompanyID, ImpactLevel) VALUES (55,3,'Low');
INSERT INTO DisruptionEvent (EventID, EventDate, EventRecoveryDate, CategoryID) VALUES (56, '2019-07-21', '2019-08-06', 4);
INSERT INTO ImpactsCompany (EventID, AffectedCompanyID, ImpactLevel) VALUES (56,24,'Medium');
INSERT INTO ImpactsCompany (EventID, AffectedCompanyID, ImpactLevel) VALUES (56,8,'Low');
INSERT INTO ImpactsCompany (EventID, AffectedCompanyID, ImpactLevel) VALUES (56,3,'Medium');
INSERT INTO ImpactsCompany (EventID, AffectedCompanyID, ImpactLevel) VALUES (56,12,'Low');
INSERT INTO ImpactsCompany (EventID, AffectedCompanyID, ImpactLevel) VALUES (56,43,'Low');
INSERT INTO ImpactsCompany (EventID, AffectedCompanyID, ImpactLevel) VALUES (56,52,'Low');
INSERT INTO ImpactsCompany (EventID, AffectedCompanyID, ImpactLevel) VALUES (56,7,'Low');
INSERT INTO ImpactsCompany (EventID, AffectedCompanyID, ImpactLevel) VALUES (56,51,'Low');
INSERT INTO ImpactsCompany (EventID, AffectedCompanyID, ImpactLevel) VALUES (56,40,'Low');
INSERT INTO ImpactsCompany (EventID, AffectedCompanyID, ImpactLevel) VALUES (56,60,'Medium');
INSERT INTO ImpactsCompany (EventID, AffectedCompanyID, ImpactLevel) VALUES (56,53,'Low');
INSERT INTO ImpactsCompany (EventID, AffectedCompanyID, ImpactLevel) VALUES (56,58,'Low');
INSERT INTO ImpactsCompany (EventID, AffectedCompanyID, ImpactLevel) VALUES (56,35,'Medium');
INSERT INTO ImpactsCompany (EventID, AffectedCompanyID, ImpactLevel) VALUES (56,2,'Medium');
INSERT INTO ImpactsCompany (EventID, AffectedCompanyID, ImpactLevel) VALUES (56,55,'Medium');
INSERT INTO DisruptionEvent (EventID, EventDate, EventRecoveryDate, CategoryID) VALUES (57, '2019-02-17', '2019-02-19', 5);
INSERT INTO ImpactsCompany (EventID, AffectedCompanyID, ImpactLevel) VALUES (57,35,'Low');
INSERT INTO ImpactsCompany (EventID, AffectedCompanyID, ImpactLevel) VALUES (57,36,'High');
INSERT INTO ImpactsCompany (EventID, AffectedCompanyID, ImpactLevel) VALUES (57,9,'High');
INSERT INTO ImpactsCompany (EventID, AffectedCompanyID, ImpactLevel) VALUES (57,22,'High');
INSERT INTO ImpactsCompany (EventID, AffectedCompanyID, ImpactLevel) VALUES (57,4,'Low');
INSERT INTO ImpactsCompany (EventID, AffectedCompanyID, ImpactLevel) VALUES (57,19,'Low');
INSERT INTO ImpactsCompany (EventID, AffectedCompanyID, ImpactLevel) VALUES (57,31,'Low');
INSERT INTO ImpactsCompany (EventID, AffectedCompanyID, ImpactLevel) VALUES (57,2,'Low');
INSERT INTO ImpactsCompany (EventID, AffectedCompanyID, ImpactLevel) VALUES (57,48,'Low');
INSERT INTO ImpactsCompany (EventID, AffectedCompanyID, ImpactLevel) VALUES (57,58,'Low');
INSERT INTO ImpactsCompany (EventID, AffectedCompanyID, ImpactLevel) VALUES (57,50,'Low');
INSERT INTO ImpactsCompany (EventID, AffectedCompanyID, ImpactLevel) VALUES (57,12,'Low');
INSERT INTO ImpactsCompany (EventID, AffectedCompanyID, ImpactLevel) VALUES (57,8,'Low');
INSERT INTO ImpactsCompany (EventID, AffectedCompanyID, ImpactLevel) VALUES (57,60,'Low');
INSERT INTO ImpactsCompany (EventID, AffectedCompanyID, ImpactLevel) VALUES (57,44,'Low');
INSERT INTO ImpactsCompany (EventID, AffectedCompanyID, ImpactLevel) VALUES (57,45,'Low');
INSERT INTO DisruptionEvent (EventID, EventDate, EventRecoveryDate, CategoryID) VALUES (58, '2024-12-26', '2024-12-27', 3);
INSERT INTO ImpactsCompany (EventID, AffectedCompanyID, ImpactLevel) VALUES (58,2,'Low');
INSERT INTO ImpactsCompany (EventID, AffectedCompanyID, ImpactLevel) VALUES (58,16,'Medium');
INSERT INTO ImpactsCompany (EventID, AffectedCompanyID, ImpactLevel) VALUES (58,10,'Low');
INSERT INTO ImpactsCompany (EventID, AffectedCompanyID, ImpactLevel) VALUES (58,46,'Low');
INSERT INTO ImpactsCompany (EventID, AffectedCompanyID, ImpactLevel) VALUES (58,8,'High');
INSERT INTO ImpactsCompany (EventID, AffectedCompanyID, ImpactLevel) VALUES (58,43,'Low');
INSERT INTO ImpactsCompany (EventID, AffectedCompanyID, ImpactLevel) VALUES (58,9,'Low');
INSERT INTO DisruptionEvent (EventID, EventDate, EventRecoveryDate, CategoryID) VALUES (59, '2022-05-23', '2022-05-26', 7);
INSERT INTO ImpactsCompany (EventID, AffectedCompanyID, ImpactLevel) VALUES (59,57,'Low');
INSERT INTO ImpactsCompany (EventID, AffectedCompanyID, ImpactLevel) VALUES (59,37,'Low');
INSERT INTO ImpactsCompany (EventID, AffectedCompanyID, ImpactLevel) VALUES (59,7,'Medium');
INSERT INTO ImpactsCompany (EventID, AffectedCompanyID, ImpactLevel) VALUES (59,42,'Low');
INSERT INTO ImpactsCompany (EventID, AffectedCompanyID, ImpactLevel) VALUES (59,48,'Medium');
INSERT INTO ImpactsCompany (EventID, AffectedCompanyID, ImpactLevel) VALUES (59,47,'Low');
INSERT INTO ImpactsCompany (EventID, AffectedCompanyID, ImpactLevel) VALUES (59,34,'Medium');
INSERT INTO DisruptionEvent (EventID, EventDate, EventRecoveryDate, CategoryID) VALUES (60, '2022-04-17', '2022-04-28', 1);
INSERT INTO ImpactsCompany (EventID, AffectedCompanyID, ImpactLevel) VALUES (60,23,'Low');
INSERT INTO ImpactsCompany (EventID, AffectedCompanyID, ImpactLevel) VALUES (60,59,'Low');
INSERT INTO ImpactsCompany (EventID, AffectedCompanyID, ImpactLevel) VALUES (60,26,'Medium');
INSERT INTO ImpactsCompany (EventID, AffectedCompanyID, ImpactLevel) VALUES (60,13,'Medium');
INSERT INTO ImpactsCompany (EventID, AffectedCompanyID, ImpactLevel) VALUES (60,20,'Low');
INSERT INTO ImpactsCompany (EventID, AffectedCompanyID, ImpactLevel) VALUES (60,24,'Low');
INSERT INTO ImpactsCompany (EventID, AffectedCompanyID, ImpactLevel) VALUES (60,10,'Low');
INSERT INTO ImpactsCompany (EventID, AffectedCompanyID, ImpactLevel) VALUES (60,46,'Medium');
INSERT INTO ImpactsCompany (EventID, AffectedCompanyID, ImpactLevel) VALUES (60,50,'Medium');
INSERT INTO ImpactsCompany (EventID, AffectedCompanyID, ImpactLevel) VALUES (60,6,'Medium');
INSERT INTO DisruptionEvent (EventID, EventDate, EventRecoveryDate, CategoryID) VALUES (61, '2020-03-13', '2020-04-12', 9);
INSERT INTO ImpactsCompany (EventID, AffectedCompanyID, ImpactLevel) VALUES (61,31,'Low');
INSERT INTO ImpactsCompany (EventID, AffectedCompanyID, ImpactLevel) VALUES (61,52,'Low');
INSERT INTO ImpactsCompany (EventID, AffectedCompanyID, ImpactLevel) VALUES (61,42,'Low');
INSERT INTO ImpactsCompany (EventID, AffectedCompanyID, ImpactLevel) VALUES (61,22,'Low');
INSERT INTO ImpactsCompany (EventID, AffectedCompanyID, ImpactLevel) VALUES (61,35,'Low');
INSERT INTO ImpactsCompany (EventID, AffectedCompanyID, ImpactLevel) VALUES (61,49,'Low');
INSERT INTO ImpactsCompany (EventID, AffectedCompanyID, ImpactLevel) VALUES (61,51,'Low');
INSERT INTO ImpactsCompany (EventID, AffectedCompanyID, ImpactLevel) VALUES (61,5,'Low');
INSERT INTO ImpactsCompany (EventID, AffectedCompanyID, ImpactLevel) VALUES (61,43,'Low');
INSERT INTO ImpactsCompany (EventID, AffectedCompanyID, ImpactLevel) VALUES (61,4,'Low');
INSERT INTO DisruptionEvent (EventID, EventDate, EventRecoveryDate, CategoryID) VALUES (62, '2024-09-29', '2024-10-28', 7);
INSERT INTO ImpactsCompany (EventID, AffectedCompanyID, ImpactLevel) VALUES (62,10,'Low');
INSERT INTO ImpactsCompany (EventID, AffectedCompanyID, ImpactLevel) VALUES (62,22,'Low');
INSERT INTO ImpactsCompany (EventID, AffectedCompanyID, ImpactLevel) VALUES (62,39,'Low');
INSERT INTO ImpactsCompany (EventID, AffectedCompanyID, ImpactLevel) VALUES (62,8,'Low');
INSERT INTO ImpactsCompany (EventID, AffectedCompanyID, ImpactLevel) VALUES (62,26,'Low');
INSERT INTO ImpactsCompany (EventID, AffectedCompanyID, ImpactLevel) VALUES (62,58,'Low');
INSERT INTO ImpactsCompany (EventID, AffectedCompanyID, ImpactLevel) VALUES (62,34,'Medium');
INSERT INTO ImpactsCompany (EventID, AffectedCompanyID, ImpactLevel) VALUES (62,31,'Low');
INSERT INTO ImpactsCompany (EventID, AffectedCompanyID, ImpactLevel) VALUES (62,4,'Low');
INSERT INTO ImpactsCompany (EventID, AffectedCompanyID, ImpactLevel) VALUES (62,57,'Medium');
INSERT INTO ImpactsCompany (EventID, AffectedCompanyID, ImpactLevel) VALUES (62,14,'Low');
INSERT INTO ImpactsCompany (EventID, AffectedCompanyID, ImpactLevel) VALUES (62,32,'Medium');
INSERT INTO ImpactsCompany (EventID, AffectedCompanyID, ImpactLevel) VALUES (62,2,'Low');
INSERT INTO ImpactsCompany (EventID, AffectedCompanyID, ImpactLevel) VALUES (62,47,'Low');
INSERT INTO ImpactsCompany (EventID, AffectedCompanyID, ImpactLevel) VALUES (62,49,'Low');
INSERT INTO ImpactsCompany (EventID, AffectedCompanyID, ImpactLevel) VALUES (62,51,'Low');
INSERT INTO DisruptionEvent (EventID, EventDate, EventRecoveryDate, CategoryID) VALUES (63, '2022-11-17', '2022-11-20', 11);
INSERT INTO ImpactsCompany (EventID, AffectedCompanyID, ImpactLevel) VALUES (63,37,'Medium');
INSERT INTO ImpactsCompany (EventID, AffectedCompanyID, ImpactLevel) VALUES (63,32,'Low');
INSERT INTO ImpactsCompany (EventID, AffectedCompanyID, ImpactLevel) VALUES (63,51,'Low');
INSERT INTO ImpactsCompany (EventID, AffectedCompanyID, ImpactLevel) VALUES (63,16,'Low');
INSERT INTO ImpactsCompany (EventID, AffectedCompanyID, ImpactLevel) VALUES (63,39,'Low');
INSERT INTO ImpactsCompany (EventID, AffectedCompanyID, ImpactLevel) VALUES (63,27,'Low');
INSERT INTO ImpactsCompany (EventID, AffectedCompanyID, ImpactLevel) VALUES (63,3,'Low');
INSERT INTO ImpactsCompany (EventID, AffectedCompanyID, ImpactLevel) VALUES (63,36,'Medium');
INSERT INTO ImpactsCompany (EventID, AffectedCompanyID, ImpactLevel) VALUES (63,60,'Medium');
INSERT INTO ImpactsCompany (EventID, AffectedCompanyID, ImpactLevel) VALUES (63,21,'Low');
INSERT INTO ImpactsCompany (EventID, AffectedCompanyID, ImpactLevel) VALUES (63,11,'Low');
INSERT INTO ImpactsCompany (EventID, AffectedCompanyID, ImpactLevel) VALUES (63,25,'Medium');
INSERT INTO ImpactsCompany (EventID, AffectedCompanyID, ImpactLevel) VALUES (63,38,'Low');
INSERT INTO ImpactsCompany (EventID, AffectedCompanyID, ImpactLevel) VALUES (63,35,'Low');
INSERT INTO ImpactsCompany (EventID, AffectedCompanyID, ImpactLevel) VALUES (63,24,'Low');
INSERT INTO DisruptionEvent (EventID, EventDate, EventRecoveryDate, CategoryID) VALUES (64, '2023-09-21', '2023-10-03', 1);
INSERT INTO ImpactsCompany (EventID, AffectedCompanyID, ImpactLevel) VALUES (64,25,'Low');
INSERT INTO ImpactsCompany (EventID, AffectedCompanyID, ImpactLevel) VALUES (64,33,'Low');
INSERT INTO ImpactsCompany (EventID, AffectedCompanyID, ImpactLevel) VALUES (64,9,'Low');
INSERT INTO ImpactsCompany (EventID, AffectedCompanyID, ImpactLevel) VALUES (64,23,'Medium');
INSERT INTO ImpactsCompany (EventID, AffectedCompanyID, ImpactLevel) VALUES (64,36,'Low');
INSERT INTO ImpactsCompany (EventID, AffectedCompanyID, ImpactLevel) VALUES (64,14,'Low');
INSERT INTO ImpactsCompany (EventID, AffectedCompanyID, ImpactLevel) VALUES (64,41,'Low');
INSERT INTO ImpactsCompany (EventID, AffectedCompanyID, ImpactLevel) VALUES (64,20,'Low');
INSERT INTO ImpactsCompany (EventID, AffectedCompanyID, ImpactLevel) VALUES (64,13,'Low');
INSERT INTO ImpactsCompany (EventID, AffectedCompanyID, ImpactLevel) VALUES (64,21,'Low');
INSERT INTO ImpactsCompany (EventID, AffectedCompanyID, ImpactLevel) VALUES (64,19,'Low');
INSERT INTO ImpactsCompany (EventID, AffectedCompanyID, ImpactLevel) VALUES (64,3,'Low');
INSERT INTO ImpactsCompany (EventID, AffectedCompanyID, ImpactLevel) VALUES (64,59,'Low');
INSERT INTO ImpactsCompany (EventID, AffectedCompanyID, ImpactLevel) VALUES (64,29,'Low');
INSERT INTO ImpactsCompany (EventID, AffectedCompanyID, ImpactLevel) VALUES (64,58,'Low');
INSERT INTO ImpactsCompany (EventID, AffectedCompanyID, ImpactLevel) VALUES (64,60,'Low');
INSERT INTO ImpactsCompany (EventID, AffectedCompanyID, ImpactLevel) VALUES (64,28,'Low');
INSERT INTO ImpactsCompany (EventID, AffectedCompanyID, ImpactLevel) VALUES (64,31,'Low');
INSERT INTO DisruptionEvent (EventID, EventDate, EventRecoveryDate, CategoryID) VALUES (65, '2021-01-18', '2021-02-06', 3);
INSERT INTO ImpactsCompany (EventID, AffectedCompanyID, ImpactLevel) VALUES (65,4,'Low');
INSERT INTO ImpactsCompany (EventID, AffectedCompanyID, ImpactLevel) VALUES (65,42,'Low');
INSERT INTO ImpactsCompany (EventID, AffectedCompanyID, ImpactLevel) VALUES (65,41,'Low');
INSERT INTO ImpactsCompany (EventID, AffectedCompanyID, ImpactLevel) VALUES (65,58,'Low');
INSERT INTO ImpactsCompany (EventID, AffectedCompanyID, ImpactLevel) VALUES (65,10,'Medium');
INSERT INTO ImpactsCompany (EventID, AffectedCompanyID, ImpactLevel) VALUES (65,27,'Low');
INSERT INTO ImpactsCompany (EventID, AffectedCompanyID, ImpactLevel) VALUES (65,20,'Medium');
INSERT INTO ImpactsCompany (EventID, AffectedCompanyID, ImpactLevel) VALUES (65,28,'Low');
INSERT INTO ImpactsCompany (EventID, AffectedCompanyID, ImpactLevel) VALUES (65,16,'Low');
INSERT INTO DisruptionEvent (EventID, EventDate, EventRecoveryDate, CategoryID) VALUES (66, '2024-02-24', '2024-03-20', 13);
INSERT INTO ImpactsCompany (EventID, AffectedCompanyID, ImpactLevel) VALUES (66,59,'Low');
INSERT INTO ImpactsCompany (EventID, AffectedCompanyID, ImpactLevel) VALUES (66,37,'High');
INSERT INTO ImpactsCompany (EventID, AffectedCompanyID, ImpactLevel) VALUES (66,49,'Low');
INSERT INTO ImpactsCompany (EventID, AffectedCompanyID, ImpactLevel) VALUES (66,20,'Low');
INSERT INTO ImpactsCompany (EventID, AffectedCompanyID, ImpactLevel) VALUES (66,21,'Low');
INSERT INTO ImpactsCompany (EventID, AffectedCompanyID, ImpactLevel) VALUES (66,31,'Medium');
INSERT INTO ImpactsCompany (EventID, AffectedCompanyID, ImpactLevel) VALUES (66,30,'Medium');
INSERT INTO ImpactsCompany (EventID, AffectedCompanyID, ImpactLevel) VALUES (66,35,'Low');
INSERT INTO ImpactsCompany (EventID, AffectedCompanyID, ImpactLevel) VALUES (66,36,'Low');
INSERT INTO ImpactsCompany (EventID, AffectedCompanyID, ImpactLevel) VALUES (66,42,'Medium');
INSERT INTO ImpactsCompany (EventID, AffectedCompanyID, ImpactLevel) VALUES (66,57,'Low');
INSERT INTO ImpactsCompany (EventID, AffectedCompanyID, ImpactLevel) VALUES (66,53,'High');
INSERT INTO ImpactsCompany (EventID, AffectedCompanyID, ImpactLevel) VALUES (66,55,'Low');
INSERT INTO ImpactsCompany (EventID, AffectedCompanyID, ImpactLevel) VALUES (66,29,'Low');
INSERT INTO ImpactsCompany (EventID, AffectedCompanyID, ImpactLevel) VALUES (66,51,'Low');
INSERT INTO ImpactsCompany (EventID, AffectedCompanyID, ImpactLevel) VALUES (66,19,'Low');
INSERT INTO ImpactsCompany (EventID, AffectedCompanyID, ImpactLevel) VALUES (66,1,'Low');
INSERT INTO DisruptionEvent (EventID, EventDate, EventRecoveryDate, CategoryID) VALUES (67, '2019-03-29', '2019-04-26', 8);
INSERT INTO ImpactsCompany (EventID, AffectedCompanyID, ImpactLevel) VALUES (67,4,'Low');
INSERT INTO ImpactsCompany (EventID, AffectedCompanyID, ImpactLevel) VALUES (67,55,'Low');
INSERT INTO ImpactsCompany (EventID, AffectedCompanyID, ImpactLevel) VALUES (67,25,'Low');
INSERT INTO ImpactsCompany (EventID, AffectedCompanyID, ImpactLevel) VALUES (67,39,'Medium');
INSERT INTO ImpactsCompany (EventID, AffectedCompanyID, ImpactLevel) VALUES (67,7,'Low');
INSERT INTO ImpactsCompany (EventID, AffectedCompanyID, ImpactLevel) VALUES (67,48,'High');
INSERT INTO ImpactsCompany (EventID, AffectedCompanyID, ImpactLevel) VALUES (67,18,'Low');
INSERT INTO ImpactsCompany (EventID, AffectedCompanyID, ImpactLevel) VALUES (67,3,'Medium');
INSERT INTO ImpactsCompany (EventID, AffectedCompanyID, ImpactLevel) VALUES (67,11,'Low');
INSERT INTO ImpactsCompany (EventID, AffectedCompanyID, ImpactLevel) VALUES (67,58,'Low');
INSERT INTO ImpactsCompany (EventID, AffectedCompanyID, ImpactLevel) VALUES (67,41,'Low');
INSERT INTO ImpactsCompany (EventID, AffectedCompanyID, ImpactLevel) VALUES (67,12,'Low');
INSERT INTO ImpactsCompany (EventID, AffectedCompanyID, ImpactLevel) VALUES (67,1,'Low');
INSERT INTO ImpactsCompany (EventID, AffectedCompanyID, ImpactLevel) VALUES (67,2,'Low');
INSERT INTO ImpactsCompany (EventID, AffectedCompanyID, ImpactLevel) VALUES (67,8,'Medium');
INSERT INTO ImpactsCompany (EventID, AffectedCompanyID, ImpactLevel) VALUES (67,6,'Medium');
INSERT INTO ImpactsCompany (EventID, AffectedCompanyID, ImpactLevel) VALUES (67,35,'Low');
INSERT INTO ImpactsCompany (EventID, AffectedCompanyID, ImpactLevel) VALUES (67,36,'High');
INSERT INTO DisruptionEvent (EventID, EventDate, EventRecoveryDate, CategoryID) VALUES (68, '2020-08-28', '2020-09-23', 7);
INSERT INTO ImpactsCompany (EventID, AffectedCompanyID, ImpactLevel) VALUES (68,14,'Low');
INSERT INTO ImpactsCompany (EventID, AffectedCompanyID, ImpactLevel) VALUES (68,17,'Low');
INSERT INTO ImpactsCompany (EventID, AffectedCompanyID, ImpactLevel) VALUES (68,1,'Low');
INSERT INTO ImpactsCompany (EventID, AffectedCompanyID, ImpactLevel) VALUES (68,7,'Medium');
INSERT INTO ImpactsCompany (EventID, AffectedCompanyID, ImpactLevel) VALUES (68,43,'Low');
INSERT INTO ImpactsCompany (EventID, AffectedCompanyID, ImpactLevel) VALUES (68,19,'Low');
INSERT INTO ImpactsCompany (EventID, AffectedCompanyID, ImpactLevel) VALUES (68,21,'Low');
INSERT INTO ImpactsCompany (EventID, AffectedCompanyID, ImpactLevel) VALUES (68,49,'Low');
INSERT INTO ImpactsCompany (EventID, AffectedCompanyID, ImpactLevel) VALUES (68,45,'Medium');
INSERT INTO ImpactsCompany (EventID, AffectedCompanyID, ImpactLevel) VALUES (68,24,'Low');
INSERT INTO DisruptionEvent (EventID, EventDate, EventRecoveryDate, CategoryID) VALUES (69, '2024-10-18', '2024-11-06', 5);
INSERT INTO ImpactsCompany (EventID, AffectedCompanyID, ImpactLevel) VALUES (69,17,'Low');
INSERT INTO ImpactsCompany (EventID, AffectedCompanyID, ImpactLevel) VALUES (69,24,'Low');
INSERT INTO ImpactsCompany (EventID, AffectedCompanyID, ImpactLevel) VALUES (69,8,'Medium');
INSERT INTO ImpactsCompany (EventID, AffectedCompanyID, ImpactLevel) VALUES (69,15,'Low');
INSERT INTO ImpactsCompany (EventID, AffectedCompanyID, ImpactLevel) VALUES (69,30,'Low');
INSERT INTO ImpactsCompany (EventID, AffectedCompanyID, ImpactLevel) VALUES (69,39,'Low');
INSERT INTO ImpactsCompany (EventID, AffectedCompanyID, ImpactLevel) VALUES (69,59,'Low');
INSERT INTO ImpactsCompany (EventID, AffectedCompanyID, ImpactLevel) VALUES (69,43,'Low');
INSERT INTO ImpactsCompany (EventID, AffectedCompanyID, ImpactLevel) VALUES (69,53,'Low');
INSERT INTO ImpactsCompany (EventID, AffectedCompanyID, ImpactLevel) VALUES (69,19,'Low');
INSERT INTO ImpactsCompany (EventID, AffectedCompanyID, ImpactLevel) VALUES (69,20,'Low');
INSERT INTO DisruptionEvent (EventID, EventDate, EventRecoveryDate, CategoryID) VALUES (70, '2019-06-02', '2019-06-15', 5);
INSERT INTO ImpactsCompany (EventID, AffectedCompanyID, ImpactLevel) VALUES (70,56,'Low');
INSERT INTO ImpactsCompany (EventID, AffectedCompanyID, ImpactLevel) VALUES (70,18,'Low');
INSERT INTO ImpactsCompany (EventID, AffectedCompanyID, ImpactLevel) VALUES (70,35,'Medium');
INSERT INTO ImpactsCompany (EventID, AffectedCompanyID, ImpactLevel) VALUES (70,44,'Medium');
INSERT INTO ImpactsCompany (EventID, AffectedCompanyID, ImpactLevel) VALUES (70,12,'Low');
INSERT INTO ImpactsCompany (EventID, AffectedCompanyID, ImpactLevel) VALUES (70,28,'Low');
INSERT INTO ImpactsCompany (EventID, AffectedCompanyID, ImpactLevel) VALUES (70,8,'Low');
INSERT INTO ImpactsCompany (EventID, AffectedCompanyID, ImpactLevel) VALUES (70,38,'Low');
INSERT INTO ImpactsCompany (EventID, AffectedCompanyID, ImpactLevel) VALUES (70,21,'Low');
INSERT INTO DisruptionEvent (EventID, EventDate, EventRecoveryDate, CategoryID) VALUES (71, '2021-05-14', '2021-06-01', 11);
INSERT INTO ImpactsCompany (EventID, AffectedCompanyID, ImpactLevel) VALUES (71,33,'Medium');
INSERT INTO ImpactsCompany (EventID, AffectedCompanyID, ImpactLevel) VALUES (71,31,'Low');
INSERT INTO ImpactsCompany (EventID, AffectedCompanyID, ImpactLevel) VALUES (71,32,'Low');
INSERT INTO ImpactsCompany (EventID, AffectedCompanyID, ImpactLevel) VALUES (71,9,'Low');
INSERT INTO ImpactsCompany (EventID, AffectedCompanyID, ImpactLevel) VALUES (71,4,'Low');
INSERT INTO ImpactsCompany (EventID, AffectedCompanyID, ImpactLevel) VALUES (71,14,'Medium');
INSERT INTO ImpactsCompany (EventID, AffectedCompanyID, ImpactLevel) VALUES (71,38,'Low');
INSERT INTO ImpactsCompany (EventID, AffectedCompanyID, ImpactLevel) VALUES (71,50,'Medium');
INSERT INTO ImpactsCompany (EventID, AffectedCompanyID, ImpactLevel) VALUES (71,53,'Low');
INSERT INTO ImpactsCompany (EventID, AffectedCompanyID, ImpactLevel) VALUES (71,13,'Low');
INSERT INTO ImpactsCompany (EventID, AffectedCompanyID, ImpactLevel) VALUES (71,48,'Low');
INSERT INTO ImpactsCompany (EventID, AffectedCompanyID, ImpactLevel) VALUES (71,46,'Low');
INSERT INTO ImpactsCompany (EventID, AffectedCompanyID, ImpactLevel) VALUES (71,10,'Medium');
INSERT INTO ImpactsCompany (EventID, AffectedCompanyID, ImpactLevel) VALUES (71,16,'Low');
INSERT INTO ImpactsCompany (EventID, AffectedCompanyID, ImpactLevel) VALUES (71,49,'Low');
INSERT INTO ImpactsCompany (EventID, AffectedCompanyID, ImpactLevel) VALUES (71,37,'Low');
INSERT INTO ImpactsCompany (EventID, AffectedCompanyID, ImpactLevel) VALUES (71,58,'Low');
INSERT INTO ImpactsCompany (EventID, AffectedCompanyID, ImpactLevel) VALUES (71,5,'Low');
INSERT INTO ImpactsCompany (EventID, AffectedCompanyID, ImpactLevel) VALUES (71,28,'High');
INSERT INTO ImpactsCompany (EventID, AffectedCompanyID, ImpactLevel) VALUES (71,26,'Low');
INSERT INTO DisruptionEvent (EventID, EventDate, EventRecoveryDate, CategoryID) VALUES (72, '2023-03-05', '2023-03-16', 8);
INSERT INTO ImpactsCompany (EventID, AffectedCompanyID, ImpactLevel) VALUES (72,12,'Low');
INSERT INTO ImpactsCompany (EventID, AffectedCompanyID, ImpactLevel) VALUES (72,52,'Low');
INSERT INTO ImpactsCompany (EventID, AffectedCompanyID, ImpactLevel) VALUES (72,34,'Low');
INSERT INTO ImpactsCompany (EventID, AffectedCompanyID, ImpactLevel) VALUES (72,42,'Low');
INSERT INTO ImpactsCompany (EventID, AffectedCompanyID, ImpactLevel) VALUES (72,27,'High');
INSERT INTO ImpactsCompany (EventID, AffectedCompanyID, ImpactLevel) VALUES (72,18,'Medium');
INSERT INTO ImpactsCompany (EventID, AffectedCompanyID, ImpactLevel) VALUES (72,44,'Low');
INSERT INTO ImpactsCompany (EventID, AffectedCompanyID, ImpactLevel) VALUES (72,28,'Low');
INSERT INTO ImpactsCompany (EventID, AffectedCompanyID, ImpactLevel) VALUES (72,22,'Medium');
INSERT INTO ImpactsCompany (EventID, AffectedCompanyID, ImpactLevel) VALUES (72,13,'Medium');
INSERT INTO ImpactsCompany (EventID, AffectedCompanyID, ImpactLevel) VALUES (72,60,'Low');
INSERT INTO ImpactsCompany (EventID, AffectedCompanyID, ImpactLevel) VALUES (72,47,'Low');
INSERT INTO ImpactsCompany (EventID, AffectedCompanyID, ImpactLevel) VALUES (72,25,'Low');
INSERT INTO ImpactsCompany (EventID, AffectedCompanyID, ImpactLevel) VALUES (72,32,'Low');
INSERT INTO DisruptionEvent (EventID, EventDate, EventRecoveryDate, CategoryID) VALUES (73, '2019-11-26', '2019-12-06', 11);
INSERT INTO ImpactsCompany (EventID, AffectedCompanyID, ImpactLevel) VALUES (73,2,'Low');
INSERT INTO ImpactsCompany (EventID, AffectedCompanyID, ImpactLevel) VALUES (73,43,'Low');
INSERT INTO ImpactsCompany (EventID, AffectedCompanyID, ImpactLevel) VALUES (73,7,'Low');
INSERT INTO ImpactsCompany (EventID, AffectedCompanyID, ImpactLevel) VALUES (73,42,'Low');
INSERT INTO ImpactsCompany (EventID, AffectedCompanyID, ImpactLevel) VALUES (73,53,'Low');
INSERT INTO ImpactsCompany (EventID, AffectedCompanyID, ImpactLevel) VALUES (73,35,'Low');
INSERT INTO DisruptionEvent (EventID, EventDate, EventRecoveryDate, CategoryID) VALUES (74, '2024-04-27', '2024-05-20', 4);
INSERT INTO ImpactsCompany (EventID, AffectedCompanyID, ImpactLevel) VALUES (74,28,'Low');
INSERT INTO ImpactsCompany (EventID, AffectedCompanyID, ImpactLevel) VALUES (74,42,'Low');
INSERT INTO ImpactsCompany (EventID, AffectedCompanyID, ImpactLevel) VALUES (74,11,'Low');
INSERT INTO ImpactsCompany (EventID, AffectedCompanyID, ImpactLevel) VALUES (74,13,'Low');
INSERT INTO ImpactsCompany (EventID, AffectedCompanyID, ImpactLevel) VALUES (74,59,'Low');
INSERT INTO ImpactsCompany (EventID, AffectedCompanyID, ImpactLevel) VALUES (74,10,'Low');
INSERT INTO ImpactsCompany (EventID, AffectedCompanyID, ImpactLevel) VALUES (74,33,'Low');
INSERT INTO ImpactsCompany (EventID, AffectedCompanyID, ImpactLevel) VALUES (74,23,'Medium');
INSERT INTO ImpactsCompany (EventID, AffectedCompanyID, ImpactLevel) VALUES (74,17,'Low');
INSERT INTO ImpactsCompany (EventID, AffectedCompanyID, ImpactLevel) VALUES (74,55,'Low');
INSERT INTO ImpactsCompany (EventID, AffectedCompanyID, ImpactLevel) VALUES (74,6,'Low');
INSERT INTO DisruptionEvent (EventID, EventDate, EventRecoveryDate, CategoryID) VALUES (75, '2024-11-06', '2024-12-06', 9);
INSERT INTO ImpactsCompany (EventID, AffectedCompanyID, ImpactLevel) VALUES (75,33,'Medium');
INSERT INTO ImpactsCompany (EventID, AffectedCompanyID, ImpactLevel) VALUES (75,1,'Low');
INSERT INTO ImpactsCompany (EventID, AffectedCompanyID, ImpactLevel) VALUES (75,55,'Low');
INSERT INTO ImpactsCompany (EventID, AffectedCompanyID, ImpactLevel) VALUES (75,36,'Low');
INSERT INTO ImpactsCompany (EventID, AffectedCompanyID, ImpactLevel) VALUES (75,6,'Low');
INSERT INTO ImpactsCompany (EventID, AffectedCompanyID, ImpactLevel) VALUES (75,44,'Low');
INSERT INTO ImpactsCompany (EventID, AffectedCompanyID, ImpactLevel) VALUES (75,25,'Medium');
INSERT INTO ImpactsCompany (EventID, AffectedCompanyID, ImpactLevel) VALUES (75,59,'High');
INSERT INTO ImpactsCompany (EventID, AffectedCompanyID, ImpactLevel) VALUES (75,26,'Low');
INSERT INTO ImpactsCompany (EventID, AffectedCompanyID, ImpactLevel) VALUES (75,57,'Low');
INSERT INTO ImpactsCompany (EventID, AffectedCompanyID, ImpactLevel) VALUES (75,37,'Low');
INSERT INTO ImpactsCompany (EventID, AffectedCompanyID, ImpactLevel) VALUES (75,30,'Low');
INSERT INTO ImpactsCompany (EventID, AffectedCompanyID, ImpactLevel) VALUES (75,28,'Medium');
INSERT INTO ImpactsCompany (EventID, AffectedCompanyID, ImpactLevel) VALUES (75,58,'Low');
INSERT INTO ImpactsCompany (EventID, AffectedCompanyID, ImpactLevel) VALUES (75,7,'Low');
INSERT INTO ImpactsCompany (EventID, AffectedCompanyID, ImpactLevel) VALUES (75,21,'Low');
INSERT INTO ImpactsCompany (EventID, AffectedCompanyID, ImpactLevel) VALUES (75,60,'Low');
INSERT INTO ImpactsCompany (EventID, AffectedCompanyID, ImpactLevel) VALUES (75,29,'Medium');
INSERT INTO ImpactsCompany (EventID, AffectedCompanyID, ImpactLevel) VALUES (75,47,'High');
INSERT INTO DisruptionEvent (EventID, EventDate, EventRecoveryDate, CategoryID) VALUES (76, '2024-08-31', '2024-09-26', 11);
INSERT INTO ImpactsCompany (EventID, AffectedCompanyID, ImpactLevel) VALUES (76,46,'Low');
INSERT INTO ImpactsCompany (EventID, AffectedCompanyID, ImpactLevel) VALUES (76,18,'High');
INSERT INTO ImpactsCompany (EventID, AffectedCompanyID, ImpactLevel) VALUES (76,48,'Medium');
INSERT INTO ImpactsCompany (EventID, AffectedCompanyID, ImpactLevel) VALUES (76,44,'Low');
INSERT INTO ImpactsCompany (EventID, AffectedCompanyID, ImpactLevel) VALUES (76,12,'Low');
INSERT INTO ImpactsCompany (EventID, AffectedCompanyID, ImpactLevel) VALUES (76,54,'Low');
INSERT INTO ImpactsCompany (EventID, AffectedCompanyID, ImpactLevel) VALUES (76,19,'Low');
INSERT INTO ImpactsCompany (EventID, AffectedCompanyID, ImpactLevel) VALUES (76,1,'Medium');
INSERT INTO DisruptionEvent (EventID, EventDate, EventRecoveryDate, CategoryID) VALUES (77, '2025-09-11', '2025-09-12', 12);
INSERT INTO ImpactsCompany (EventID, AffectedCompanyID, ImpactLevel) VALUES (77,37,'Low');
INSERT INTO ImpactsCompany (EventID, AffectedCompanyID, ImpactLevel) VALUES (77,55,'Low');
INSERT INTO ImpactsCompany (EventID, AffectedCompanyID, ImpactLevel) VALUES (77,40,'Low');
INSERT INTO ImpactsCompany (EventID, AffectedCompanyID, ImpactLevel) VALUES (77,27,'High');
INSERT INTO ImpactsCompany (EventID, AffectedCompanyID, ImpactLevel) VALUES (77,26,'Low');
INSERT INTO ImpactsCompany (EventID, AffectedCompanyID, ImpactLevel) VALUES (77,53,'Low');
INSERT INTO ImpactsCompany (EventID, AffectedCompanyID, ImpactLevel) VALUES (77,34,'Medium');
INSERT INTO ImpactsCompany (EventID, AffectedCompanyID, ImpactLevel) VALUES (77,32,'Low');
INSERT INTO ImpactsCompany (EventID, AffectedCompanyID, ImpactLevel) VALUES (77,44,'Low');
INSERT INTO ImpactsCompany (EventID, AffectedCompanyID, ImpactLevel) VALUES (77,13,'Low');
INSERT INTO ImpactsCompany (EventID, AffectedCompanyID, ImpactLevel) VALUES (77,24,'Low');
INSERT INTO ImpactsCompany (EventID, AffectedCompanyID, ImpactLevel) VALUES (77,39,'Medium');
INSERT INTO ImpactsCompany (EventID, AffectedCompanyID, ImpactLevel) VALUES (77,20,'Low');
INSERT INTO ImpactsCompany (EventID, AffectedCompanyID, ImpactLevel) VALUES (77,9,'Medium');
INSERT INTO DisruptionEvent (EventID, EventDate, EventRecoveryDate, CategoryID) VALUES (78, '2020-11-01', '2020-11-04', 9);
INSERT INTO ImpactsCompany (EventID, AffectedCompanyID, ImpactLevel) VALUES (78,55,'Low');
INSERT INTO ImpactsCompany (EventID, AffectedCompanyID, ImpactLevel) VALUES (78,56,'Medium');
INSERT INTO ImpactsCompany (EventID, AffectedCompanyID, ImpactLevel) VALUES (78,35,'Low');
INSERT INTO ImpactsCompany (EventID, AffectedCompanyID, ImpactLevel) VALUES (78,29,'Medium');
INSERT INTO ImpactsCompany (EventID, AffectedCompanyID, ImpactLevel) VALUES (78,20,'Low');
INSERT INTO ImpactsCompany (EventID, AffectedCompanyID, ImpactLevel) VALUES (78,18,'Medium');
INSERT INTO ImpactsCompany (EventID, AffectedCompanyID, ImpactLevel) VALUES (78,7,'Low');
INSERT INTO ImpactsCompany (EventID, AffectedCompanyID, ImpactLevel) VALUES (78,32,'Low');
INSERT INTO ImpactsCompany (EventID, AffectedCompanyID, ImpactLevel) VALUES (78,38,'Low');
INSERT INTO ImpactsCompany (EventID, AffectedCompanyID, ImpactLevel) VALUES (78,11,'Low');
INSERT INTO ImpactsCompany (EventID, AffectedCompanyID, ImpactLevel) VALUES (78,12,'Low');
INSERT INTO ImpactsCompany (EventID, AffectedCompanyID, ImpactLevel) VALUES (78,42,'Low');
INSERT INTO ImpactsCompany (EventID, AffectedCompanyID, ImpactLevel) VALUES (78,44,'Low');
INSERT INTO ImpactsCompany (EventID, AffectedCompanyID, ImpactLevel) VALUES (78,24,'Medium');
INSERT INTO ImpactsCompany (EventID, AffectedCompanyID, ImpactLevel) VALUES (78,39,'Low');
INSERT INTO ImpactsCompany (EventID, AffectedCompanyID, ImpactLevel) VALUES (78,17,'Medium');
INSERT INTO DisruptionEvent (EventID, EventDate, EventRecoveryDate, CategoryID) VALUES (79, '2023-11-16', '2023-11-26', 9);
INSERT INTO ImpactsCompany (EventID, AffectedCompanyID, ImpactLevel) VALUES (79,10,'Low');
INSERT INTO ImpactsCompany (EventID, AffectedCompanyID, ImpactLevel) VALUES (79,14,'Low');
INSERT INTO ImpactsCompany (EventID, AffectedCompanyID, ImpactLevel) VALUES (79,3,'Low');
INSERT INTO ImpactsCompany (EventID, AffectedCompanyID, ImpactLevel) VALUES (79,15,'Low');
INSERT INTO ImpactsCompany (EventID, AffectedCompanyID, ImpactLevel) VALUES (79,30,'Low');
INSERT INTO ImpactsCompany (EventID, AffectedCompanyID, ImpactLevel) VALUES (79,6,'Low');
INSERT INTO ImpactsCompany (EventID, AffectedCompanyID, ImpactLevel) VALUES (79,34,'Low');
INSERT INTO ImpactsCompany (EventID, AffectedCompanyID, ImpactLevel) VALUES (79,28,'Medium');
INSERT INTO ImpactsCompany (EventID, AffectedCompanyID, ImpactLevel) VALUES (79,17,'Low');
INSERT INTO ImpactsCompany (EventID, AffectedCompanyID, ImpactLevel) VALUES (79,42,'Low');
INSERT INTO ImpactsCompany (EventID, AffectedCompanyID, ImpactLevel) VALUES (79,33,'Low');
INSERT INTO DisruptionEvent (EventID, EventDate, EventRecoveryDate, CategoryID) VALUES (80, '2022-09-21', '2022-09-27', 11);
INSERT INTO ImpactsCompany (EventID, AffectedCompanyID, ImpactLevel) VALUES (80,37,'Low');
INSERT INTO ImpactsCompany (EventID, AffectedCompanyID, ImpactLevel) VALUES (80,39,'Medium');
INSERT INTO ImpactsCompany (EventID, AffectedCompanyID, ImpactLevel) VALUES (80,31,'High');
INSERT INTO ImpactsCompany (EventID, AffectedCompanyID, ImpactLevel) VALUES (80,48,'Low');
INSERT INTO ImpactsCompany (EventID, AffectedCompanyID, ImpactLevel) VALUES (80,51,'Low');
INSERT INTO ImpactsCompany (EventID, AffectedCompanyID, ImpactLevel) VALUES (80,47,'Low');
INSERT INTO ImpactsCompany (EventID, AffectedCompanyID, ImpactLevel) VALUES (80,20,'Low');
INSERT INTO ImpactsCompany (EventID, AffectedCompanyID, ImpactLevel) VALUES (80,22,'Low');
INSERT INTO ImpactsCompany (EventID, AffectedCompanyID, ImpactLevel) VALUES (80,10,'Medium');
INSERT INTO ImpactsCompany (EventID, AffectedCompanyID, ImpactLevel) VALUES (80,15,'Medium');
INSERT INTO ImpactsCompany (EventID, AffectedCompanyID, ImpactLevel) VALUES (80,26,'Medium');
INSERT INTO ImpactsCompany (EventID, AffectedCompanyID, ImpactLevel) VALUES (80,45,'Medium');
INSERT INTO ImpactsCompany (EventID, AffectedCompanyID, ImpactLevel) VALUES (80,27,'Low');
INSERT INTO ImpactsCompany (EventID, AffectedCompanyID, ImpactLevel) VALUES (80,9,'Medium');
INSERT INTO ImpactsCompany (EventID, AffectedCompanyID, ImpactLevel) VALUES (80,23,'Low');
INSERT INTO ImpactsCompany (EventID, AffectedCompanyID, ImpactLevel) VALUES (80,53,'Low');
INSERT INTO ImpactsCompany (EventID, AffectedCompanyID, ImpactLevel) VALUES (80,25,'Low');
INSERT INTO DisruptionEvent (EventID, EventDate, EventRecoveryDate, CategoryID) VALUES (81, '2021-05-23', '2021-06-06', 11);
INSERT INTO ImpactsCompany (EventID, AffectedCompanyID, ImpactLevel) VALUES (81,35,'Low');
INSERT INTO ImpactsCompany (EventID, AffectedCompanyID, ImpactLevel) VALUES (81,49,'Low');
INSERT INTO ImpactsCompany (EventID, AffectedCompanyID, ImpactLevel) VALUES (81,8,'Low');
INSERT INTO ImpactsCompany (EventID, AffectedCompanyID, ImpactLevel) VALUES (81,24,'Low');
INSERT INTO ImpactsCompany (EventID, AffectedCompanyID, ImpactLevel) VALUES (81,9,'Medium');
INSERT INTO ImpactsCompany (EventID, AffectedCompanyID, ImpactLevel) VALUES (81,17,'Medium');
INSERT INTO ImpactsCompany (EventID, AffectedCompanyID, ImpactLevel) VALUES (81,13,'Medium');
INSERT INTO ImpactsCompany (EventID, AffectedCompanyID, ImpactLevel) VALUES (81,4,'Low');
INSERT INTO ImpactsCompany (EventID, AffectedCompanyID, ImpactLevel) VALUES (81,16,'Low');
INSERT INTO ImpactsCompany (EventID, AffectedCompanyID, ImpactLevel) VALUES (81,48,'Low');
INSERT INTO ImpactsCompany (EventID, AffectedCompanyID, ImpactLevel) VALUES (81,10,'Medium');
INSERT INTO ImpactsCompany (EventID, AffectedCompanyID, ImpactLevel) VALUES (81,34,'Low');
INSERT INTO ImpactsCompany (EventID, AffectedCompanyID, ImpactLevel) VALUES (81,30,'Medium');
INSERT INTO ImpactsCompany (EventID, AffectedCompanyID, ImpactLevel) VALUES (81,19,'Low');
INSERT INTO ImpactsCompany (EventID, AffectedCompanyID, ImpactLevel) VALUES (81,7,'Medium');
INSERT INTO DisruptionEvent (EventID, EventDate, EventRecoveryDate, CategoryID) VALUES (82, '2019-10-19', '2019-11-10', 13);
INSERT INTO ImpactsCompany (EventID, AffectedCompanyID, ImpactLevel) VALUES (82,41,'Low');
INSERT INTO ImpactsCompany (EventID, AffectedCompanyID, ImpactLevel) VALUES (82,58,'Low');
INSERT INTO ImpactsCompany (EventID, AffectedCompanyID, ImpactLevel) VALUES (82,49,'High');
INSERT INTO ImpactsCompany (EventID, AffectedCompanyID, ImpactLevel) VALUES (82,55,'High');
INSERT INTO ImpactsCompany (EventID, AffectedCompanyID, ImpactLevel) VALUES (82,10,'Low');
INSERT INTO ImpactsCompany (EventID, AffectedCompanyID, ImpactLevel) VALUES (82,28,'Low');
INSERT INTO ImpactsCompany (EventID, AffectedCompanyID, ImpactLevel) VALUES (82,17,'Low');
INSERT INTO ImpactsCompany (EventID, AffectedCompanyID, ImpactLevel) VALUES (82,30,'Medium');
INSERT INTO ImpactsCompany (EventID, AffectedCompanyID, ImpactLevel) VALUES (82,54,'Medium');
INSERT INTO ImpactsCompany (EventID, AffectedCompanyID, ImpactLevel) VALUES (82,52,'Low');
INSERT INTO ImpactsCompany (EventID, AffectedCompanyID, ImpactLevel) VALUES (82,48,'Low');
INSERT INTO ImpactsCompany (EventID, AffectedCompanyID, ImpactLevel) VALUES (82,59,'Low');
INSERT INTO ImpactsCompany (EventID, AffectedCompanyID, ImpactLevel) VALUES (82,47,'Low');
INSERT INTO ImpactsCompany (EventID, AffectedCompanyID, ImpactLevel) VALUES (82,36,'Low');
INSERT INTO ImpactsCompany (EventID, AffectedCompanyID, ImpactLevel) VALUES (82,20,'Medium');
INSERT INTO ImpactsCompany (EventID, AffectedCompanyID, ImpactLevel) VALUES (82,9,'Low');
INSERT INTO ImpactsCompany (EventID, AffectedCompanyID, ImpactLevel) VALUES (82,33,'Medium');
INSERT INTO ImpactsCompany (EventID, AffectedCompanyID, ImpactLevel) VALUES (82,46,'Low');
INSERT INTO ImpactsCompany (EventID, AffectedCompanyID, ImpactLevel) VALUES (82,23,'Medium');
INSERT INTO ImpactsCompany (EventID, AffectedCompanyID, ImpactLevel) VALUES (82,15,'High');
INSERT INTO DisruptionEvent (EventID, EventDate, EventRecoveryDate, CategoryID) VALUES (83, '2025-06-07', '2025-06-20', 13);
INSERT INTO ImpactsCompany (EventID, AffectedCompanyID, ImpactLevel) VALUES (83,1,'Low');
INSERT INTO ImpactsCompany (EventID, AffectedCompanyID, ImpactLevel) VALUES (83,29,'Medium');
INSERT INTO ImpactsCompany (EventID, AffectedCompanyID, ImpactLevel) VALUES (83,6,'Low');
INSERT INTO ImpactsCompany (EventID, AffectedCompanyID, ImpactLevel) VALUES (83,37,'Low');
INSERT INTO ImpactsCompany (EventID, AffectedCompanyID, ImpactLevel) VALUES (83,25,'Low');
INSERT INTO ImpactsCompany (EventID, AffectedCompanyID, ImpactLevel) VALUES (83,33,'Low');
INSERT INTO ImpactsCompany (EventID, AffectedCompanyID, ImpactLevel) VALUES (83,35,'Low');
INSERT INTO ImpactsCompany (EventID, AffectedCompanyID, ImpactLevel) VALUES (83,34,'Medium');
INSERT INTO ImpactsCompany (EventID, AffectedCompanyID, ImpactLevel) VALUES (83,49,'Low');
INSERT INTO ImpactsCompany (EventID, AffectedCompanyID, ImpactLevel) VALUES (83,39,'Low');
INSERT INTO ImpactsCompany (EventID, AffectedCompanyID, ImpactLevel) VALUES (83,23,'Low');
INSERT INTO ImpactsCompany (EventID, AffectedCompanyID, ImpactLevel) VALUES (83,40,'Low');
INSERT INTO ImpactsCompany (EventID, AffectedCompanyID, ImpactLevel) VALUES (83,48,'Low');
INSERT INTO ImpactsCompany (EventID, AffectedCompanyID, ImpactLevel) VALUES (83,11,'Low');
INSERT INTO ImpactsCompany (EventID, AffectedCompanyID, ImpactLevel) VALUES (83,46,'Low');
INSERT INTO ImpactsCompany (EventID, AffectedCompanyID, ImpactLevel) VALUES (83,41,'Low');
INSERT INTO DisruptionEvent (EventID, EventDate, EventRecoveryDate, CategoryID) VALUES (84, '2025-04-22', '2025-05-01', 1);
INSERT INTO ImpactsCompany (EventID, AffectedCompanyID, ImpactLevel) VALUES (84,37,'Low');
INSERT INTO ImpactsCompany (EventID, AffectedCompanyID, ImpactLevel) VALUES (84,26,'Low');
INSERT INTO ImpactsCompany (EventID, AffectedCompanyID, ImpactLevel) VALUES (84,38,'Low');
INSERT INTO ImpactsCompany (EventID, AffectedCompanyID, ImpactLevel) VALUES (84,39,'Medium');
INSERT INTO ImpactsCompany (EventID, AffectedCompanyID, ImpactLevel) VALUES (84,16,'High');
INSERT INTO ImpactsCompany (EventID, AffectedCompanyID, ImpactLevel) VALUES (84,23,'High');
INSERT INTO ImpactsCompany (EventID, AffectedCompanyID, ImpactLevel) VALUES (84,18,'Low');
INSERT INTO ImpactsCompany (EventID, AffectedCompanyID, ImpactLevel) VALUES (84,10,'Low');
INSERT INTO ImpactsCompany (EventID, AffectedCompanyID, ImpactLevel) VALUES (84,17,'Low');
INSERT INTO ImpactsCompany (EventID, AffectedCompanyID, ImpactLevel) VALUES (84,35,'Low');
INSERT INTO ImpactsCompany (EventID, AffectedCompanyID, ImpactLevel) VALUES (84,29,'Low');
INSERT INTO ImpactsCompany (EventID, AffectedCompanyID, ImpactLevel) VALUES (84,55,'Medium');
INSERT INTO ImpactsCompany (EventID, AffectedCompanyID, ImpactLevel) VALUES (84,7,'Low');
INSERT INTO ImpactsCompany (EventID, AffectedCompanyID, ImpactLevel) VALUES (84,12,'Low');
INSERT INTO ImpactsCompany (EventID, AffectedCompanyID, ImpactLevel) VALUES (84,6,'Medium');
INSERT INTO ImpactsCompany (EventID, AffectedCompanyID, ImpactLevel) VALUES (84,32,'Low');
INSERT INTO ImpactsCompany (EventID, AffectedCompanyID, ImpactLevel) VALUES (84,49,'High');
INSERT INTO ImpactsCompany (EventID, AffectedCompanyID, ImpactLevel) VALUES (84,1,'Medium');
INSERT INTO ImpactsCompany (EventID, AffectedCompanyID, ImpactLevel) VALUES (84,31,'Low');
INSERT INTO ImpactsCompany (EventID, AffectedCompanyID, ImpactLevel) VALUES (84,2,'Low');
INSERT INTO DisruptionEvent (EventID, EventDate, EventRecoveryDate, CategoryID) VALUES (85, '2025-08-24', '2025-09-21', 4);
INSERT INTO ImpactsCompany (EventID, AffectedCompanyID, ImpactLevel) VALUES (85,59,'Medium');
INSERT INTO ImpactsCompany (EventID, AffectedCompanyID, ImpactLevel) VALUES (85,2,'Low');
INSERT INTO ImpactsCompany (EventID, AffectedCompanyID, ImpactLevel) VALUES (85,33,'Low');
INSERT INTO ImpactsCompany (EventID, AffectedCompanyID, ImpactLevel) VALUES (85,1,'Medium');
INSERT INTO ImpactsCompany (EventID, AffectedCompanyID, ImpactLevel) VALUES (85,5,'Low');
INSERT INTO ImpactsCompany (EventID, AffectedCompanyID, ImpactLevel) VALUES (85,47,'Medium');
INSERT INTO DisruptionEvent (EventID, EventDate, EventRecoveryDate, CategoryID) VALUES (86, '2020-06-30', '2020-07-02', 12);
INSERT INTO ImpactsCompany (EventID, AffectedCompanyID, ImpactLevel) VALUES (86,22,'Low');
INSERT INTO ImpactsCompany (EventID, AffectedCompanyID, ImpactLevel) VALUES (86,14,'Low');
INSERT INTO ImpactsCompany (EventID, AffectedCompanyID, ImpactLevel) VALUES (86,46,'Low');
INSERT INTO ImpactsCompany (EventID, AffectedCompanyID, ImpactLevel) VALUES (86,35,'Low');
INSERT INTO ImpactsCompany (EventID, AffectedCompanyID, ImpactLevel) VALUES (86,23,'Low');
INSERT INTO ImpactsCompany (EventID, AffectedCompanyID, ImpactLevel) VALUES (86,4,'Medium');
INSERT INTO ImpactsCompany (EventID, AffectedCompanyID, ImpactLevel) VALUES (86,53,'Low');
INSERT INTO ImpactsCompany (EventID, AffectedCompanyID, ImpactLevel) VALUES (86,49,'Low');
INSERT INTO ImpactsCompany (EventID, AffectedCompanyID, ImpactLevel) VALUES (86,16,'Low');
INSERT INTO DisruptionEvent (EventID, EventDate, EventRecoveryDate, CategoryID) VALUES (87, '2019-06-14', '2019-07-08', 6);
INSERT INTO ImpactsCompany (EventID, AffectedCompanyID, ImpactLevel) VALUES (87,1,'Low');
INSERT INTO ImpactsCompany (EventID, AffectedCompanyID, ImpactLevel) VALUES (87,55,'Medium');
INSERT INTO ImpactsCompany (EventID, AffectedCompanyID, ImpactLevel) VALUES (87,27,'Low');
INSERT INTO ImpactsCompany (EventID, AffectedCompanyID, ImpactLevel) VALUES (87,21,'High');
INSERT INTO ImpactsCompany (EventID, AffectedCompanyID, ImpactLevel) VALUES (87,39,'Low');
INSERT INTO ImpactsCompany (EventID, AffectedCompanyID, ImpactLevel) VALUES (87,2,'Medium');
INSERT INTO ImpactsCompany (EventID, AffectedCompanyID, ImpactLevel) VALUES (87,36,'High');
INSERT INTO ImpactsCompany (EventID, AffectedCompanyID, ImpactLevel) VALUES (87,9,'Low');
INSERT INTO ImpactsCompany (EventID, AffectedCompanyID, ImpactLevel) VALUES (87,46,'Low');
INSERT INTO ImpactsCompany (EventID, AffectedCompanyID, ImpactLevel) VALUES (87,49,'Low');
INSERT INTO ImpactsCompany (EventID, AffectedCompanyID, ImpactLevel) VALUES (87,50,'Low');
INSERT INTO ImpactsCompany (EventID, AffectedCompanyID, ImpactLevel) VALUES (87,25,'High');
INSERT INTO ImpactsCompany (EventID, AffectedCompanyID, ImpactLevel) VALUES (87,16,'Low');
INSERT INTO ImpactsCompany (EventID, AffectedCompanyID, ImpactLevel) VALUES (87,11,'Low');
INSERT INTO ImpactsCompany (EventID, AffectedCompanyID, ImpactLevel) VALUES (87,41,'Low');
INSERT INTO ImpactsCompany (EventID, AffectedCompanyID, ImpactLevel) VALUES (87,14,'Low');
INSERT INTO ImpactsCompany (EventID, AffectedCompanyID, ImpactLevel) VALUES (87,44,'Low');
INSERT INTO DisruptionEvent (EventID, EventDate, EventRecoveryDate, CategoryID) VALUES (88, '2022-12-02', '2022-12-22', 9);
INSERT INTO ImpactsCompany (EventID, AffectedCompanyID, ImpactLevel) VALUES (88,50,'Low');
INSERT INTO ImpactsCompany (EventID, AffectedCompanyID, ImpactLevel) VALUES (88,25,'Low');
INSERT INTO ImpactsCompany (EventID, AffectedCompanyID, ImpactLevel) VALUES (88,16,'Low');
INSERT INTO ImpactsCompany (EventID, AffectedCompanyID, ImpactLevel) VALUES (88,43,'Low');
INSERT INTO ImpactsCompany (EventID, AffectedCompanyID, ImpactLevel) VALUES (88,45,'High');
INSERT INTO ImpactsCompany (EventID, AffectedCompanyID, ImpactLevel) VALUES (88,55,'Low');
INSERT INTO ImpactsCompany (EventID, AffectedCompanyID, ImpactLevel) VALUES (88,56,'Low');
INSERT INTO ImpactsCompany (EventID, AffectedCompanyID, ImpactLevel) VALUES (88,20,'Low');
INSERT INTO ImpactsCompany (EventID, AffectedCompanyID, ImpactLevel) VALUES (88,3,'Low');
INSERT INTO ImpactsCompany (EventID, AffectedCompanyID, ImpactLevel) VALUES (88,40,'Medium');
INSERT INTO ImpactsCompany (EventID, AffectedCompanyID, ImpactLevel) VALUES (88,37,'Medium');
INSERT INTO ImpactsCompany (EventID, AffectedCompanyID, ImpactLevel) VALUES (88,46,'High');
INSERT INTO ImpactsCompany (EventID, AffectedCompanyID, ImpactLevel) VALUES (88,31,'Low');
INSERT INTO ImpactsCompany (EventID, AffectedCompanyID, ImpactLevel) VALUES (88,35,'Low');
INSERT INTO DisruptionEvent (EventID, EventDate, EventRecoveryDate, CategoryID) VALUES (89, '2019-11-30', '2019-12-13', 6);
INSERT INTO ImpactsCompany (EventID, AffectedCompanyID, ImpactLevel) VALUES (89,36,'Low');
INSERT INTO ImpactsCompany (EventID, AffectedCompanyID, ImpactLevel) VALUES (89,32,'Low');
INSERT INTO ImpactsCompany (EventID, AffectedCompanyID, ImpactLevel) VALUES (89,55,'High');
INSERT INTO ImpactsCompany (EventID, AffectedCompanyID, ImpactLevel) VALUES (89,40,'Low');
INSERT INTO ImpactsCompany (EventID, AffectedCompanyID, ImpactLevel) VALUES (89,7,'Low');
INSERT INTO ImpactsCompany (EventID, AffectedCompanyID, ImpactLevel) VALUES (89,42,'Low');
INSERT INTO ImpactsCompany (EventID, AffectedCompanyID, ImpactLevel) VALUES (89,21,'Medium');
INSERT INTO ImpactsCompany (EventID, AffectedCompanyID, ImpactLevel) VALUES (89,2,'Low');
INSERT INTO ImpactsCompany (EventID, AffectedCompanyID, ImpactLevel) VALUES (89,25,'Low');
INSERT INTO ImpactsCompany (EventID, AffectedCompanyID, ImpactLevel) VALUES (89,24,'Low');
INSERT INTO ImpactsCompany (EventID, AffectedCompanyID, ImpactLevel) VALUES (89,27,'Low');
INSERT INTO ImpactsCompany (EventID, AffectedCompanyID, ImpactLevel) VALUES (89,52,'Low');
INSERT INTO ImpactsCompany (EventID, AffectedCompanyID, ImpactLevel) VALUES (89,30,'Medium');
INSERT INTO ImpactsCompany (EventID, AffectedCompanyID, ImpactLevel) VALUES (89,51,'Low');
INSERT INTO ImpactsCompany (EventID, AffectedCompanyID, ImpactLevel) VALUES (89,56,'Low');
INSERT INTO ImpactsCompany (EventID, AffectedCompanyID, ImpactLevel) VALUES (89,18,'High');
INSERT INTO ImpactsCompany (EventID, AffectedCompanyID, ImpactLevel) VALUES (89,44,'Low');
INSERT INTO ImpactsCompany (EventID, AffectedCompanyID, ImpactLevel) VALUES (89,20,'Low');
INSERT INTO ImpactsCompany (EventID, AffectedCompanyID, ImpactLevel) VALUES (89,50,'Low');
INSERT INTO DisruptionEvent (EventID, EventDate, EventRecoveryDate, CategoryID) VALUES (90, '2022-10-04', '2022-11-01', 8);
INSERT INTO ImpactsCompany (EventID, AffectedCompanyID, ImpactLevel) VALUES (90,14,'Low');
INSERT INTO ImpactsCompany (EventID, AffectedCompanyID, ImpactLevel) VALUES (90,3,'High');
INSERT INTO ImpactsCompany (EventID, AffectedCompanyID, ImpactLevel) VALUES (90,38,'Low');
INSERT INTO ImpactsCompany (EventID, AffectedCompanyID, ImpactLevel) VALUES (90,55,'Medium');
INSERT INTO ImpactsCompany (EventID, AffectedCompanyID, ImpactLevel) VALUES (90,34,'High');
INSERT INTO ImpactsCompany (EventID, AffectedCompanyID, ImpactLevel) VALUES (90,23,'Low');
INSERT INTO ImpactsCompany (EventID, AffectedCompanyID, ImpactLevel) VALUES (90,45,'Low');
INSERT INTO ImpactsCompany (EventID, AffectedCompanyID, ImpactLevel) VALUES (90,53,'Low');
INSERT INTO ImpactsCompany (EventID, AffectedCompanyID, ImpactLevel) VALUES (90,6,'Low');
INSERT INTO ImpactsCompany (EventID, AffectedCompanyID, ImpactLevel) VALUES (90,27,'Low');
INSERT INTO ImpactsCompany (EventID, AffectedCompanyID, ImpactLevel) VALUES (90,36,'Low');
INSERT INTO ImpactsCompany (EventID, AffectedCompanyID, ImpactLevel) VALUES (90,40,'Medium');
INSERT INTO ImpactsCompany (EventID, AffectedCompanyID, ImpactLevel) VALUES (90,15,'Low');
INSERT INTO ImpactsCompany (EventID, AffectedCompanyID, ImpactLevel) VALUES (90,28,'Medium');
INSERT INTO ImpactsCompany (EventID, AffectedCompanyID, ImpactLevel) VALUES (90,21,'Low');
INSERT INTO ImpactsCompany (EventID, AffectedCompanyID, ImpactLevel) VALUES (90,16,'Low');
INSERT INTO ImpactsCompany (EventID, AffectedCompanyID, ImpactLevel) VALUES (90,51,'Medium');
INSERT INTO ImpactsCompany (EventID, AffectedCompanyID, ImpactLevel) VALUES (90,30,'Medium');
INSERT INTO DisruptionEvent (EventID, EventDate, EventRecoveryDate, CategoryID) VALUES (91, '2022-03-21', '2022-03-22', 11);
INSERT INTO ImpactsCompany (EventID, AffectedCompanyID, ImpactLevel) VALUES (91,39,'Low');
INSERT INTO ImpactsCompany (EventID, AffectedCompanyID, ImpactLevel) VALUES (91,33,'Low');
INSERT INTO ImpactsCompany (EventID, AffectedCompanyID, ImpactLevel) VALUES (91,13,'Low');
INSERT INTO ImpactsCompany (EventID, AffectedCompanyID, ImpactLevel) VALUES (91,30,'Low');
INSERT INTO ImpactsCompany (EventID, AffectedCompanyID, ImpactLevel) VALUES (91,59,'Low');
INSERT INTO ImpactsCompany (EventID, AffectedCompanyID, ImpactLevel) VALUES (91,7,'Low');
INSERT INTO ImpactsCompany (EventID, AffectedCompanyID, ImpactLevel) VALUES (91,51,'Low');
INSERT INTO DisruptionEvent (EventID, EventDate, EventRecoveryDate, CategoryID) VALUES (92, '2021-09-06', '2021-10-05', 11);
INSERT INTO ImpactsCompany (EventID, AffectedCompanyID, ImpactLevel) VALUES (92,53,'Low');
INSERT INTO ImpactsCompany (EventID, AffectedCompanyID, ImpactLevel) VALUES (92,57,'Low');
INSERT INTO ImpactsCompany (EventID, AffectedCompanyID, ImpactLevel) VALUES (92,38,'High');
INSERT INTO ImpactsCompany (EventID, AffectedCompanyID, ImpactLevel) VALUES (92,5,'Medium');
INSERT INTO ImpactsCompany (EventID, AffectedCompanyID, ImpactLevel) VALUES (92,30,'Low');
INSERT INTO ImpactsCompany (EventID, AffectedCompanyID, ImpactLevel) VALUES (92,31,'Low');
INSERT INTO ImpactsCompany (EventID, AffectedCompanyID, ImpactLevel) VALUES (92,34,'Low');
INSERT INTO DisruptionEvent (EventID, EventDate, EventRecoveryDate, CategoryID) VALUES (93, '2020-02-05', '2020-02-10', 12);
INSERT INTO ImpactsCompany (EventID, AffectedCompanyID, ImpactLevel) VALUES (93,26,'Low');
INSERT INTO ImpactsCompany (EventID, AffectedCompanyID, ImpactLevel) VALUES (93,21,'Medium');
INSERT INTO ImpactsCompany (EventID, AffectedCompanyID, ImpactLevel) VALUES (93,24,'Medium');
INSERT INTO ImpactsCompany (EventID, AffectedCompanyID, ImpactLevel) VALUES (93,22,'Low');
INSERT INTO ImpactsCompany (EventID, AffectedCompanyID, ImpactLevel) VALUES (93,53,'Low');
INSERT INTO ImpactsCompany (EventID, AffectedCompanyID, ImpactLevel) VALUES (93,32,'Low');
INSERT INTO ImpactsCompany (EventID, AffectedCompanyID, ImpactLevel) VALUES (93,59,'Medium');
INSERT INTO ImpactsCompany (EventID, AffectedCompanyID, ImpactLevel) VALUES (93,43,'Medium');
INSERT INTO ImpactsCompany (EventID, AffectedCompanyID, ImpactLevel) VALUES (93,51,'Low');
INSERT INTO ImpactsCompany (EventID, AffectedCompanyID, ImpactLevel) VALUES (93,35,'Low');
INSERT INTO ImpactsCompany (EventID, AffectedCompanyID, ImpactLevel) VALUES (93,47,'Low');
INSERT INTO ImpactsCompany (EventID, AffectedCompanyID, ImpactLevel) VALUES (93,28,'Medium');
INSERT INTO ImpactsCompany (EventID, AffectedCompanyID, ImpactLevel) VALUES (93,19,'Low');
INSERT INTO DisruptionEvent (EventID, EventDate, EventRecoveryDate, CategoryID) VALUES (94, '2020-11-11', '2020-12-07', 3);
INSERT INTO ImpactsCompany (EventID, AffectedCompanyID, ImpactLevel) VALUES (94,42,'Low');
INSERT INTO ImpactsCompany (EventID, AffectedCompanyID, ImpactLevel) VALUES (94,35,'Low');
INSERT INTO ImpactsCompany (EventID, AffectedCompanyID, ImpactLevel) VALUES (94,3,'Low');
INSERT INTO ImpactsCompany (EventID, AffectedCompanyID, ImpactLevel) VALUES (94,10,'Medium');
INSERT INTO ImpactsCompany (EventID, AffectedCompanyID, ImpactLevel) VALUES (94,24,'Medium');
INSERT INTO ImpactsCompany (EventID, AffectedCompanyID, ImpactLevel) VALUES (94,46,'Low');
INSERT INTO ImpactsCompany (EventID, AffectedCompanyID, ImpactLevel) VALUES (94,44,'Low');
INSERT INTO ImpactsCompany (EventID, AffectedCompanyID, ImpactLevel) VALUES (94,20,'High');
INSERT INTO DisruptionEvent (EventID, EventDate, EventRecoveryDate, CategoryID) VALUES (95, '2020-08-25', '2020-08-28', 7);
INSERT INTO ImpactsCompany (EventID, AffectedCompanyID, ImpactLevel) VALUES (95,8,'Medium');
INSERT INTO ImpactsCompany (EventID, AffectedCompanyID, ImpactLevel) VALUES (95,18,'Medium');
INSERT INTO ImpactsCompany (EventID, AffectedCompanyID, ImpactLevel) VALUES (95,29,'Low');
INSERT INTO ImpactsCompany (EventID, AffectedCompanyID, ImpactLevel) VALUES (95,23,'Medium');
INSERT INTO ImpactsCompany (EventID, AffectedCompanyID, ImpactLevel) VALUES (95,9,'Low');
INSERT INTO ImpactsCompany (EventID, AffectedCompanyID, ImpactLevel) VALUES (95,60,'Low');
INSERT INTO ImpactsCompany (EventID, AffectedCompanyID, ImpactLevel) VALUES (95,13,'Medium');
INSERT INTO ImpactsCompany (EventID, AffectedCompanyID, ImpactLevel) VALUES (95,38,'Low');
INSERT INTO ImpactsCompany (EventID, AffectedCompanyID, ImpactLevel) VALUES (95,40,'High');
INSERT INTO ImpactsCompany (EventID, AffectedCompanyID, ImpactLevel) VALUES (95,34,'Low');
INSERT INTO DisruptionEvent (EventID, EventDate, EventRecoveryDate, CategoryID) VALUES (96, '2023-09-12', '2023-09-28', 11);
INSERT INTO ImpactsCompany (EventID, AffectedCompanyID, ImpactLevel) VALUES (96,19,'Low');
INSERT INTO ImpactsCompany (EventID, AffectedCompanyID, ImpactLevel) VALUES (96,5,'Low');
INSERT INTO ImpactsCompany (EventID, AffectedCompanyID, ImpactLevel) VALUES (96,12,'Medium');
INSERT INTO ImpactsCompany (EventID, AffectedCompanyID, ImpactLevel) VALUES (96,30,'Low');
INSERT INTO ImpactsCompany (EventID, AffectedCompanyID, ImpactLevel) VALUES (96,14,'Low');
INSERT INTO ImpactsCompany (EventID, AffectedCompanyID, ImpactLevel) VALUES (96,50,'Low');
INSERT INTO ImpactsCompany (EventID, AffectedCompanyID, ImpactLevel) VALUES (96,23,'Low');
INSERT INTO ImpactsCompany (EventID, AffectedCompanyID, ImpactLevel) VALUES (96,40,'Low');
INSERT INTO ImpactsCompany (EventID, AffectedCompanyID, ImpactLevel) VALUES (96,56,'Low');
INSERT INTO ImpactsCompany (EventID, AffectedCompanyID, ImpactLevel) VALUES (96,33,'High');
INSERT INTO ImpactsCompany (EventID, AffectedCompanyID, ImpactLevel) VALUES (96,55,'Low');
INSERT INTO ImpactsCompany (EventID, AffectedCompanyID, ImpactLevel) VALUES (96,60,'Medium');
INSERT INTO ImpactsCompany (EventID, AffectedCompanyID, ImpactLevel) VALUES (96,29,'Low');
INSERT INTO ImpactsCompany (EventID, AffectedCompanyID, ImpactLevel) VALUES (96,7,'Low');
INSERT INTO ImpactsCompany (EventID, AffectedCompanyID, ImpactLevel) VALUES (96,6,'Low');
INSERT INTO ImpactsCompany (EventID, AffectedCompanyID, ImpactLevel) VALUES (96,27,'Low');
INSERT INTO DisruptionEvent (EventID, EventDate, EventRecoveryDate, CategoryID) VALUES (97, '2023-05-12', '2023-05-21', 2);
INSERT INTO ImpactsCompany (EventID, AffectedCompanyID, ImpactLevel) VALUES (97,33,'Low');
INSERT INTO ImpactsCompany (EventID, AffectedCompanyID, ImpactLevel) VALUES (97,45,'Low');
INSERT INTO ImpactsCompany (EventID, AffectedCompanyID, ImpactLevel) VALUES (97,23,'Low');
INSERT INTO ImpactsCompany (EventID, AffectedCompanyID, ImpactLevel) VALUES (97,36,'Low');
INSERT INTO ImpactsCompany (EventID, AffectedCompanyID, ImpactLevel) VALUES (97,19,'Low');
INSERT INTO ImpactsCompany (EventID, AffectedCompanyID, ImpactLevel) VALUES (97,53,'Medium');
INSERT INTO ImpactsCompany (EventID, AffectedCompanyID, ImpactLevel) VALUES (97,55,'Medium');
INSERT INTO ImpactsCompany (EventID, AffectedCompanyID, ImpactLevel) VALUES (97,20,'Low');
INSERT INTO ImpactsCompany (EventID, AffectedCompanyID, ImpactLevel) VALUES (97,41,'Medium');
INSERT INTO ImpactsCompany (EventID, AffectedCompanyID, ImpactLevel) VALUES (97,28,'Low');
INSERT INTO ImpactsCompany (EventID, AffectedCompanyID, ImpactLevel) VALUES (97,14,'Low');
INSERT INTO ImpactsCompany (EventID, AffectedCompanyID, ImpactLevel) VALUES (97,60,'Low');
INSERT INTO DisruptionEvent (EventID, EventDate, EventRecoveryDate, CategoryID) VALUES (98, '2021-05-04', '2021-05-12', 8);
INSERT INTO ImpactsCompany (EventID, AffectedCompanyID, ImpactLevel) VALUES (98,53,'Low');
INSERT INTO ImpactsCompany (EventID, AffectedCompanyID, ImpactLevel) VALUES (98,25,'Medium');
INSERT INTO ImpactsCompany (EventID, AffectedCompanyID, ImpactLevel) VALUES (98,14,'Low');
INSERT INTO ImpactsCompany (EventID, AffectedCompanyID, ImpactLevel) VALUES (98,41,'Medium');
INSERT INTO ImpactsCompany (EventID, AffectedCompanyID, ImpactLevel) VALUES (98,28,'High');
INSERT INTO ImpactsCompany (EventID, AffectedCompanyID, ImpactLevel) VALUES (98,17,'Low');
INSERT INTO ImpactsCompany (EventID, AffectedCompanyID, ImpactLevel) VALUES (98,36,'Low');
INSERT INTO ImpactsCompany (EventID, AffectedCompanyID, ImpactLevel) VALUES (98,40,'Low');
INSERT INTO ImpactsCompany (EventID, AffectedCompanyID, ImpactLevel) VALUES (98,21,'Low');
INSERT INTO ImpactsCompany (EventID, AffectedCompanyID, ImpactLevel) VALUES (98,26,'Low');
INSERT INTO ImpactsCompany (EventID, AffectedCompanyID, ImpactLevel) VALUES (98,1,'Medium');
INSERT INTO ImpactsCompany (EventID, AffectedCompanyID, ImpactLevel) VALUES (98,11,'Low');
INSERT INTO ImpactsCompany (EventID, AffectedCompanyID, ImpactLevel) VALUES (98,54,'Medium');
INSERT INTO ImpactsCompany (EventID, AffectedCompanyID, ImpactLevel) VALUES (98,34,'Low');
INSERT INTO ImpactsCompany (EventID, AffectedCompanyID, ImpactLevel) VALUES (98,3,'Low');
INSERT INTO DisruptionEvent (EventID, EventDate, EventRecoveryDate, CategoryID) VALUES (99, '2023-12-28', '2024-01-22', 7);
INSERT INTO ImpactsCompany (EventID, AffectedCompanyID, ImpactLevel) VALUES (99,57,'Low');
INSERT INTO ImpactsCompany (EventID, AffectedCompanyID, ImpactLevel) VALUES (99,53,'Low');
INSERT INTO ImpactsCompany (EventID, AffectedCompanyID, ImpactLevel) VALUES (99,41,'Medium');
INSERT INTO ImpactsCompany (EventID, AffectedCompanyID, ImpactLevel) VALUES (99,2,'Low');
INSERT INTO ImpactsCompany (EventID, AffectedCompanyID, ImpactLevel) VALUES (99,45,'Low');
INSERT INTO ImpactsCompany (EventID, AffectedCompanyID, ImpactLevel) VALUES (99,3,'Low');
INSERT INTO ImpactsCompany (EventID, AffectedCompanyID, ImpactLevel) VALUES (99,10,'Low');
INSERT INTO ImpactsCompany (EventID, AffectedCompanyID, ImpactLevel) VALUES (99,30,'Medium');
INSERT INTO ImpactsCompany (EventID, AffectedCompanyID, ImpactLevel) VALUES (99,16,'Low');
INSERT INTO ImpactsCompany (EventID, AffectedCompanyID, ImpactLevel) VALUES (99,1,'Low');
INSERT INTO ImpactsCompany (EventID, AffectedCompanyID, ImpactLevel) VALUES (99,5,'Medium');
INSERT INTO ImpactsCompany (EventID, AffectedCompanyID, ImpactLevel) VALUES (99,40,'Low');
INSERT INTO ImpactsCompany (EventID, AffectedCompanyID, ImpactLevel) VALUES (99,6,'Low');
INSERT INTO DisruptionEvent (EventID, EventDate, EventRecoveryDate, CategoryID) VALUES (100, '2024-02-07', '2024-02-29', 3);
INSERT INTO ImpactsCompany (EventID, AffectedCompanyID, ImpactLevel) VALUES (100,25,'Low');
INSERT INTO ImpactsCompany (EventID, AffectedCompanyID, ImpactLevel) VALUES (100,5,'Medium');
INSERT INTO ImpactsCompany (EventID, AffectedCompanyID, ImpactLevel) VALUES (100,36,'Low');
INSERT INTO ImpactsCompany (EventID, AffectedCompanyID, ImpactLevel) VALUES (100,20,'Low');
INSERT INTO ImpactsCompany (EventID, AffectedCompanyID, ImpactLevel) VALUES (100,24,'Medium');
INSERT INTO ImpactsCompany (EventID, AffectedCompanyID, ImpactLevel) VALUES (100,40,'Low');
INSERT INTO DependsOn (UpstreamCompanyID, DownstreamCompanyID) VALUES (17,3);
INSERT INTO DependsOn (UpstreamCompanyID, DownstreamCompanyID) VALUES (43,3);
INSERT INTO DependsOn (UpstreamCompanyID, DownstreamCompanyID) VALUES (24,7);
INSERT INTO DependsOn (UpstreamCompanyID, DownstreamCompanyID) VALUES (8,7);
INSERT INTO DependsOn (UpstreamCompanyID, DownstreamCompanyID) VALUES (12,7);
INSERT INTO DependsOn (UpstreamCompanyID, DownstreamCompanyID) VALUES (43,8);
INSERT INTO DependsOn (UpstreamCompanyID, DownstreamCompanyID) VALUES (11,8);
INSERT INTO DependsOn (UpstreamCompanyID, DownstreamCompanyID) VALUES (40,8);
INSERT INTO DependsOn (UpstreamCompanyID, DownstreamCompanyID) VALUES (38,12);
INSERT INTO DependsOn (UpstreamCompanyID, DownstreamCompanyID) VALUES (4,12);
INSERT INTO DependsOn (UpstreamCompanyID, DownstreamCompanyID) VALUES (37,12);
INSERT INTO DependsOn (UpstreamCompanyID, DownstreamCompanyID) VALUES (40,14);
INSERT INTO DependsOn (UpstreamCompanyID, DownstreamCompanyID) VALUES (44,14);
INSERT INTO DependsOn (UpstreamCompanyID, DownstreamCompanyID) VALUES (28,14);
INSERT INTO DependsOn (UpstreamCompanyID, DownstreamCompanyID) VALUES (44,15);
INSERT INTO DependsOn (UpstreamCompanyID, DownstreamCompanyID) VALUES (43,17);
INSERT INTO DependsOn (UpstreamCompanyID, DownstreamCompanyID) VALUES (9,17);
INSERT INTO DependsOn (UpstreamCompanyID, DownstreamCompanyID) VALUES (38,22);
INSERT INTO DependsOn (UpstreamCompanyID, DownstreamCompanyID) VALUES (15,22);
INSERT INTO DependsOn (UpstreamCompanyID, DownstreamCompanyID) VALUES (39,22);
INSERT INTO DependsOn (UpstreamCompanyID, DownstreamCompanyID) VALUES (2,23);
INSERT INTO DependsOn (UpstreamCompanyID, DownstreamCompanyID) VALUES (9,24);
INSERT INTO DependsOn (UpstreamCompanyID, DownstreamCompanyID) VALUES (44,24);
INSERT INTO DependsOn (UpstreamCompanyID, DownstreamCompanyID) VALUES (32,26);
INSERT INTO DependsOn (UpstreamCompanyID, DownstreamCompanyID) VALUES (9,26);
INSERT INTO DependsOn (UpstreamCompanyID, DownstreamCompanyID) VALUES (38,28);
INSERT INTO DependsOn (UpstreamCompanyID, DownstreamCompanyID) VALUES (12,28);
INSERT INTO DependsOn (UpstreamCompanyID, DownstreamCompanyID) VALUES (3,28);
INSERT INTO DependsOn (UpstreamCompanyID, DownstreamCompanyID) VALUES (7,35);
INSERT INTO DependsOn (UpstreamCompanyID, DownstreamCompanyID) VALUES (39,35);
INSERT INTO DependsOn (UpstreamCompanyID, DownstreamCompanyID) VALUES (40,35);
INSERT INTO DependsOn (UpstreamCompanyID, DownstreamCompanyID) VALUES (53,1);
INSERT INTO DependsOn (UpstreamCompanyID, DownstreamCompanyID) VALUES (2,1);
INSERT INTO DependsOn (UpstreamCompanyID, DownstreamCompanyID) VALUES (23,5);
INSERT INTO DependsOn (UpstreamCompanyID, DownstreamCompanyID) VALUES (49,5);
INSERT INTO DependsOn (UpstreamCompanyID, DownstreamCompanyID) VALUES (2,5);
INSERT INTO DependsOn (UpstreamCompanyID, DownstreamCompanyID) VALUES (2,10);
INSERT INTO DependsOn (UpstreamCompanyID, DownstreamCompanyID) VALUES (29,13);
INSERT INTO DependsOn (UpstreamCompanyID, DownstreamCompanyID) VALUES (12,16);
INSERT INTO DependsOn (UpstreamCompanyID, DownstreamCompanyID) VALUES (24,16);
INSERT INTO DependsOn (UpstreamCompanyID, DownstreamCompanyID) VALUES (32,16);
INSERT INTO DependsOn (UpstreamCompanyID, DownstreamCompanyID) VALUES (7,18);
INSERT INTO DependsOn (UpstreamCompanyID, DownstreamCompanyID) VALUES (6,19);
INSERT INTO DependsOn (UpstreamCompanyID, DownstreamCompanyID) VALUES (40,20);
INSERT INTO DependsOn (UpstreamCompanyID, DownstreamCompanyID) VALUES (50,20);
INSERT INTO DependsOn (UpstreamCompanyID, DownstreamCompanyID) VALUES (56,20);
INSERT INTO DependsOn (UpstreamCompanyID, DownstreamCompanyID) VALUES (41,21);
INSERT INTO DependsOn (UpstreamCompanyID, DownstreamCompanyID) VALUES (17,25);
INSERT INTO DependsOn (UpstreamCompanyID, DownstreamCompanyID) VALUES (38,27);
INSERT INTO DependsOn (UpstreamCompanyID, DownstreamCompanyID) VALUES (17,29);
INSERT INTO DependsOn (UpstreamCompanyID, DownstreamCompanyID) VALUES (37,29);
INSERT INTO DependsOn (UpstreamCompanyID, DownstreamCompanyID) VALUES (39,30);
INSERT INTO DependsOn (UpstreamCompanyID, DownstreamCompanyID) VALUES (53,30);
INSERT INTO DependsOn (UpstreamCompanyID, DownstreamCompanyID) VALUES (7,31);
INSERT INTO DependsOn (UpstreamCompanyID, DownstreamCompanyID) VALUES (26,31);
INSERT INTO DependsOn (UpstreamCompanyID, DownstreamCompanyID) VALUES (17,33);
INSERT INTO DependsOn (UpstreamCompanyID, DownstreamCompanyID) VALUES (53,34);
INSERT INTO DependsOn (UpstreamCompanyID, DownstreamCompanyID) VALUES (22,34);
INSERT INTO DependsOn (UpstreamCompanyID, DownstreamCompanyID) VALUES (11,36);
INSERT INTO DependsOn (UpstreamCompanyID, DownstreamCompanyID) VALUES (6,36);
INSERT INTO DependsOn (UpstreamCompanyID, DownstreamCompanyID) VALUES (42,45);
INSERT INTO DependsOn (UpstreamCompanyID, DownstreamCompanyID) VALUES (35,45);
INSERT INTO DependsOn (UpstreamCompanyID, DownstreamCompanyID) VALUES (12,45);
INSERT INTO DependsOn (UpstreamCompanyID, DownstreamCompanyID) VALUES (60,46);
INSERT INTO DependsOn (UpstreamCompanyID, DownstreamCompanyID) VALUES (24,46);
INSERT INTO DependsOn (UpstreamCompanyID, DownstreamCompanyID) VALUES (6,47);
INSERT INTO DependsOn (UpstreamCompanyID, DownstreamCompanyID) VALUES (12,47);
INSERT INTO DependsOn (UpstreamCompanyID, DownstreamCompanyID) VALUES (27,48);
INSERT INTO DependsOn (UpstreamCompanyID, DownstreamCompanyID) VALUES (4,49);
INSERT INTO DependsOn (UpstreamCompanyID, DownstreamCompanyID) VALUES (46,50);
INSERT INTO DependsOn (UpstreamCompanyID, DownstreamCompanyID) VALUES (24,50);
INSERT INTO DependsOn (UpstreamCompanyID, DownstreamCompanyID) VALUES (54,50);
INSERT INTO DependsOn (UpstreamCompanyID, DownstreamCompanyID) VALUES (37,51);
INSERT INTO DependsOn (UpstreamCompanyID, DownstreamCompanyID) VALUES (28,52);
INSERT INTO DependsOn (UpstreamCompanyID, DownstreamCompanyID) VALUES (32,53);
INSERT INTO DependsOn (UpstreamCompanyID, DownstreamCompanyID) VALUES (2,54);
INSERT INTO DependsOn (UpstreamCompanyID, DownstreamCompanyID) VALUES (8,54);
INSERT INTO DependsOn (UpstreamCompanyID, DownstreamCompanyID) VALUES (40,54);
INSERT INTO DependsOn (UpstreamCompanyID, DownstreamCompanyID) VALUES (9,55);
INSERT INTO DependsOn (UpstreamCompanyID, DownstreamCompanyID) VALUES (23,55);
INSERT INTO DependsOn (UpstreamCompanyID, DownstreamCompanyID) VALUES (4,55);
INSERT INTO DependsOn (UpstreamCompanyID, DownstreamCompanyID) VALUES (37,56);
INSERT INTO DependsOn (UpstreamCompanyID, DownstreamCompanyID) VALUES (58,56);
INSERT INTO DependsOn (UpstreamCompanyID, DownstreamCompanyID) VALUES (28,56);
INSERT INTO DependsOn (UpstreamCompanyID, DownstreamCompanyID) VALUES (23,57);
INSERT INTO DependsOn (UpstreamCompanyID, DownstreamCompanyID) VALUES (44,58);
INSERT INTO DependsOn (UpstreamCompanyID, DownstreamCompanyID) VALUES (39,58);
INSERT INTO DependsOn (UpstreamCompanyID, DownstreamCompanyID) VALUES (2,58);
INSERT INTO DependsOn (UpstreamCompanyID, DownstreamCompanyID) VALUES (17,59);
INSERT INTO DependsOn (UpstreamCompanyID, DownstreamCompanyID) VALUES (23,59);
INSERT INTO DependsOn (UpstreamCompanyID, DownstreamCompanyID) VALUES (54,60);
INSERT INTO OperatesLogistics (DistributorID, FromCompanyID, ToCompanyID) VALUES (45, 28, 29);
INSERT INTO OperatesLogistics (DistributorID, FromCompanyID, ToCompanyID) VALUES (45, 43, 29);
INSERT INTO OperatesLogistics (DistributorID, FromCompanyID, ToCompanyID) VALUES (46, 44, 20);
INSERT INTO OperatesLogistics (DistributorID, FromCompanyID, ToCompanyID) VALUES (46, 14, 5);
INSERT INTO OperatesLogistics (DistributorID, FromCompanyID, ToCompanyID) VALUES (47, 39, 31);
INSERT INTO OperatesLogistics (DistributorID, FromCompanyID, ToCompanyID) VALUES (47, 39, 5);
INSERT INTO OperatesLogistics (DistributorID, FromCompanyID, ToCompanyID) VALUES (47, 43, 26);
INSERT INTO OperatesLogistics (DistributorID, FromCompanyID, ToCompanyID) VALUES (48, 44, 1);
INSERT INTO OperatesLogistics (DistributorID, FromCompanyID, ToCompanyID) VALUES (48, 6, 16);
INSERT INTO OperatesLogistics (DistributorID, FromCompanyID, ToCompanyID) VALUES (49, 43, 27);
INSERT INTO OperatesLogistics (DistributorID, FromCompanyID, ToCompanyID) VALUES (49, 11, 14);
INSERT INTO OperatesLogistics (DistributorID, FromCompanyID, ToCompanyID) VALUES (50, 39, 15);
INSERT INTO OperatesLogistics (DistributorID, FromCompanyID, ToCompanyID) VALUES (50, 28, 34);
INSERT INTO OperatesLogistics (DistributorID, FromCompanyID, ToCompanyID) VALUES (50, 41, 27);
INSERT INTO OperatesLogistics (DistributorID, FromCompanyID, ToCompanyID) VALUES (50, 22, 1);
INSERT INTO OperatesLogistics (DistributorID, FromCompanyID, ToCompanyID) VALUES (51, 42, 23);
INSERT INTO OperatesLogistics (DistributorID, FromCompanyID, ToCompanyID) VALUES (51, 43, 20);
INSERT INTO OperatesLogistics (DistributorID, FromCompanyID, ToCompanyID) VALUES (52, 28, 31);
INSERT INTO OperatesLogistics (DistributorID, FromCompanyID, ToCompanyID) VALUES (52, 8, 19);
INSERT INTO OperatesLogistics (DistributorID, FromCompanyID, ToCompanyID) VALUES (52, 38, 30);
INSERT INTO OperatesLogistics (DistributorID, FromCompanyID, ToCompanyID) VALUES (53, 7, 25);
INSERT INTO OperatesLogistics (DistributorID, FromCompanyID, ToCompanyID) VALUES (53, 38, 5);
INSERT INTO OperatesLogistics (DistributorID, FromCompanyID, ToCompanyID) VALUES (53, 43, 1);
INSERT INTO OperatesLogistics (DistributorID, FromCompanyID, ToCompanyID) VALUES (53, 37, 21);
INSERT INTO OperatesLogistics (DistributorID, FromCompanyID, ToCompanyID) VALUES (54, 4, 27);
INSERT INTO OperatesLogistics (DistributorID, FromCompanyID, ToCompanyID) VALUES (54, 15, 29);
INSERT INTO OperatesLogistics (DistributorID, FromCompanyID, ToCompanyID) VALUES (54, 6, 36);
INSERT INTO OperatesLogistics (DistributorID, FromCompanyID, ToCompanyID) VALUES (54, 24, 13);
INSERT INTO OperatesLogistics (DistributorID, FromCompanyID, ToCompanyID) VALUES (55, 12, 20);
INSERT INTO OperatesLogistics (DistributorID, FromCompanyID, ToCompanyID) VALUES (55, 37, 27);
INSERT INTO OperatesLogistics (DistributorID, FromCompanyID, ToCompanyID) VALUES (55, 26, 27);
INSERT INTO OperatesLogistics (DistributorID, FromCompanyID, ToCompanyID) VALUES (56, 37, 24);
INSERT INTO OperatesLogistics (DistributorID, FromCompanyID, ToCompanyID) VALUES (56, 7, 5);
INSERT INTO OperatesLogistics (DistributorID, FromCompanyID, ToCompanyID) VALUES (57, 7, 1);
INSERT INTO OperatesLogistics (DistributorID, FromCompanyID, ToCompanyID) VALUES (58, 23, 10);
INSERT INTO OperatesLogistics (DistributorID, FromCompanyID, ToCompanyID) VALUES (58, 44, 15);
INSERT INTO OperatesLogistics (DistributorID, FromCompanyID, ToCompanyID) VALUES (58, 38, 19);
INSERT INTO OperatesLogistics (DistributorID, FromCompanyID, ToCompanyID) VALUES (58, 42, 3);
INSERT INTO OperatesLogistics (DistributorID, FromCompanyID, ToCompanyID) VALUES (59, 8, 13);
INSERT INTO OperatesLogistics (DistributorID, FromCompanyID, ToCompanyID) VALUES (59, 17, 13);
INSERT INTO OperatesLogistics (DistributorID, FromCompanyID, ToCompanyID) VALUES (60, 32, 14);
INSERT INTO OperatesLogistics (DistributorID, FromCompanyID, ToCompanyID) VALUES (60, 37, 16);
INSERT INTO OperatesLogistics (DistributorID, FromCompanyID, ToCompanyID) VALUES (60, 32, 30);
